OrderID,CustomerID,Region,Category,Sales,Quantity,Profit,OrderDate
1,4174,East,Office Supplies,4855.66,4,680.88,14-01-2024
2,4507,South,Electronics,4895.86,5,1380.81,02-09-2024
3,1860,North,Furniture,738.09,3,1312.95,15-02-2024
4,2294,South,Furniture,609.28,6,1363.36,16-09-2025
5,2130,East,Office Supplies,2122.31,3,1442.9,08-07-2025
6,2095,South,Electronics,4822.05,5,81.11,05-02-2025
7,4772,East,Office Supplies,2061.52,1,49.09,17-02-2024
8,4092,East,Furniture,1882.63,3,527.19,04-12-2025
9,2638,South,Electronics,3547.57,7,971.83,13-02-2025
10,3169,West,Office Supplies,975.78,3,547.48,14-12-2025
11,1466,North,Furniture,1880.29,5,1317,29-03-2025
12,2238,West,Office Supplies,1527.41,7,1019.57,21-05-2024
13,1330,West,Office Supplies,3047.52,2,877.75,25-03-2025
14,2482,South,Office Supplies,897.49,3,-79.24,07-07-2024
15,3135,North,Electronics,2788.64,4,98.07,01-04-2025
16,4444,North,Furniture,4301.98,5,527.86,25-04-2024
17,4171,West,Furniture,2619.44,9,1459.84,28-05-2025
18,3919,South,Furniture,3449.13,9,368.49,13-01-2024
19,4735,North,Furniture,468.72,4,870.96,03-10-2024
20,1130,West,Electronics,2300.13,9,1481.14,08-09-2024
21,2685,North,Office Supplies,564.98,4,248.84,15-08-2024
22,4380,South,Furniture,3037.36,2,83.33,25-05-2024
23,1769,South,Electronics,1477.17,1,728.77,04-08-2024
24,3391,South,Office Supplies,1507.6,7,738.21,20-10-2024
25,2515,North,Electronics,476.16,4,1367.21,07-10-2024
26,4485,East,Electronics,1620.17,8,-155.07,14-06-2024
27,3853,North,Furniture,2582.72,8,492.54,22-05-2024
28,3433,East,Furniture,2964.83,8,330.99,12-05-2025
29,2215,South,Office Supplies,426.66,6,770.79,28-04-2025
30,1955,West,Office Supplies,3292.15,9,-184.14,16-02-2025
31,3324,East,Furniture,2495.49,4,1008.81,06-04-2024
32,2184,South,Electronics,2730.85,5,624.48,04-12-2025
33,1459,South,Furniture,4180.7,4,991.17,14-10-2024
34,4385,East,Office Supplies,1776.91,5,561.27,08-07-2025
35,1021,West,Electronics,952.85,2,606.13,25-09-2024
36,3300,South,Electronics,2803.87,5,1322.43,27-07-2024
37,1747,East,Electronics,4730.61,8,158.53,20-06-2025
38,3904,West,Furniture,2637.56,9,169.73,31-10-2024
39,4632,West,Furniture,4176.37,7,751.11,28-03-2024
40,1474,South,Office Supplies,3809.46,7,922.38,29-04-2024
41,2082,North,Electronics,2639.82,6,402.97,12-08-2024
42,3558,North,Electronics,3273.02,2,683.17,15-05-2024
43,4753,South,Furniture,2092.73,9,187.36,23-12-2025
44,3047,West,Office Supplies,2700.08,5,31.05,16-01-2025
45,4547,South,Office Supplies,2585.7,6,205.05,11-01-2024
46,3747,East,Electronics,3574.64,1,1357.83,14-03-2025
47,1975,North,Furniture,2108.91,5,1163.09,10-01-2024
48,2806,East,Electronics,588.86,6,38.42,10-11-2024
49,1189,South,Furniture,3964.68,2,-120.85,05-03-2024
50,4005,South,Office Supplies,3455.78,7,-41.59,14-08-2025
51,3734,West,Electronics,4755.6,4,298.84,12-04-2025
52,4005,West,Electronics,2200.71,5,1179.31,26-08-2025
53,1562,West,Electronics,483.21,3,346.34,06-10-2025
54,2899,East,Office Supplies,695.93,5,115.61,15-09-2025
55,4638,West,Electronics,3889.27,4,472.93,13-07-2024
56,2267,South,Office Supplies,432.01,6,10.89,17-02-2025
57,3879,West,Furniture,4548.35,2,599.37,21-08-2025
58,2528,North,Office Supplies,1480.09,3,948.44,04-11-2025
59,4202,West,Furniture,4504.51,1,427.04,01-01-2024
60,4556,East,Office Supplies,3890.18,7,95.14,02-01-2025
61,4890,North,Office Supplies,4368.89,9,570.44,22-09-2025
62,1646,North,Electronics,1148.79,2,1096.23,10-01-2025
63,3068,North,Office Supplies,3018.9,7,-69.79,09-07-2024
64,3888,East,Electronics,558.59,3,-79.41,16-10-2024
65,3214,South,Furniture,1091.18,5,340.79,19-09-2025
66,2297,West,Furniture,1618.52,6,505.59,17-07-2024
67,3435,North,Electronics,3729.98,8,168,22-08-2024
68,1600,North,Furniture,221.1,4,-154.25,17-08-2024
69,3363,North,Office Supplies,4525.27,2,173.25,13-08-2024
70,3061,South,Electronics,446.94,3,540.13,05-03-2025
71,1241,South,Electronics,1944.8,8,-64.97,14-07-2024
72,3041,East,Electronics,497.34,7,1017.02,11-04-2025
73,3824,South,Furniture,3867.94,6,738.57,16-03-2025
74,4417,West,Furniture,792.44,5,538.55,05-06-2024
75,3612,East,Office Supplies,4435.31,5,681.81,26-04-2025
76,3945,East,Office Supplies,2698.09,1,914.87,19-12-2024
77,2363,West,Electronics,4747.52,6,1491.16,15-11-2025
78,3139,West,Office Supplies,1522.77,9,1117.7,16-06-2025
79,2390,West,Furniture,2326.15,8,718.62,22-05-2025
80,4003,East,Office Supplies,3501.81,1,1109.91,08-02-2025
81,2478,East,Furniture,4176.38,6,607.88,30-11-2025
82,4499,East,Office Supplies,2164.65,3,328.54,15-10-2024
83,3556,West,Furniture,4472.92,6,245.33,09-11-2025
84,1775,West,Furniture,678.14,9,479.11,02-12-2025
85,1034,North,Office Supplies,3572.56,6,-196.12,30-03-2024
86,3253,South,Office Supplies,1806.18,8,100.83,16-01-2025
87,4152,North,Furniture,596.54,6,15.11,27-10-2024
88,2955,West,Electronics,1994.66,6,1432.58,17-03-2025
89,2585,East,Office Supplies,4413.06,7,-89.76,16-05-2025
90,4943,West,Furniture,4904.62,4,651.65,07-08-2025
91,4459,South,Office Supplies,2024.72,8,1363.52,16-08-2025
92,4073,North,Office Supplies,4443.44,4,832.78,19-01-2025
93,2021,North,Office Supplies,2597.31,7,641.96,06-06-2025
94,4461,East,Office Supplies,3613.37,1,1063.09,16-05-2025
95,3613,North,Office Supplies,322.32,9,400.74,05-09-2024
96,2129,North,Electronics,2830.83,9,129.31,02-11-2025
97,4843,West,Electronics,443.79,7,1240.38,10-09-2025
98,4893,North,Electronics,1416.23,8,-103.81,31-03-2024
99,2500,North,Furniture,2877.39,2,1173.25,16-12-2025
100,1702,North,Electronics,4055.1,7,-24.28,28-01-2025
101,3449,East,Electronics,2848.38,1,863.47,23-12-2024
102,3777,East,Furniture,4687.34,3,610.98,28-05-2024
103,2579,West,Electronics,4070.63,6,1497.52,19-04-2025
104,1161,North,Office Supplies,865.58,5,459.47,08-11-2025
105,1201,East,Electronics,2005.9,5,1427.39,19-09-2025
106,2981,East,Electronics,3375.58,9,486.43,17-03-2025
107,1995,West,Electronics,4698.19,6,958.89,08-01-2024
108,3317,South,Office Supplies,4939.81,3,894.22,16-08-2024
109,4934,North,Office Supplies,3839.61,2,-53.03,10-03-2024
110,1815,East,Office Supplies,2911.47,9,1063.72,03-12-2025
111,4342,West,Office Supplies,3807.39,4,154.73,04-11-2025
112,1455,West,Furniture,1438.86,5,460.35,19-11-2025
113,4533,West,Office Supplies,1489.65,9,1129.74,09-02-2024
114,4798,East,Office Supplies,3306.31,5,1405.33,29-01-2024
115,2275,North,Office Supplies,4371.99,7,751.67,04-06-2025
116,2016,South,Office Supplies,4852.07,2,682.95,03-10-2024
117,4773,North,Furniture,1772.54,2,658.37,14-10-2024
118,3343,West,Electronics,4003.11,4,1188.16,06-08-2025
119,4796,West,Electronics,4272.5,8,1488.3,01-07-2024
120,3767,South,Office Supplies,3153.55,2,877.1,05-06-2025
121,4820,North,Office Supplies,1803.2,7,443.66,19-11-2025
122,1337,West,Office Supplies,3133.53,1,171.73,21-08-2025
123,1878,West,Electronics,2963.8,9,138,24-03-2024
124,2076,North,Electronics,3071.97,6,1255.46,31-01-2025
125,1791,West,Office Supplies,3134.38,1,1487,26-03-2024
126,4993,North,Electronics,4250.59,6,986.58,23-10-2024
127,3264,West,Furniture,933.4,5,1424.91,19-12-2025
128,1763,North,Office Supplies,1899.74,5,394.99,13-10-2024
129,3235,South,Office Supplies,2971.41,5,866.91,18-04-2024
130,1379,West,Furniture,1488.31,4,669.86,27-06-2025
131,1492,South,Furniture,4892.95,7,619.43,13-01-2024
132,4112,West,Electronics,1389.44,9,875.04,11-01-2025
133,2180,West,Furniture,2401.18,4,327.58,12-02-2025
134,3062,East,Office Supplies,4399.09,2,889.06,25-12-2025
135,4884,North,Electronics,492.31,2,943.86,21-09-2025
136,1064,South,Furniture,4121.37,2,1221.39,09-09-2025
137,4928,South,Electronics,2897.94,7,1041.82,15-01-2024
138,4910,South,Electronics,255.83,4,343.62,25-12-2025
139,3568,North,Electronics,4524.27,4,566.36,06-07-2024
140,2367,East,Electronics,292.06,1,4.64,21-08-2024
141,2152,South,Furniture,2624.57,4,237.4,02-04-2025
142,3027,North,Office Supplies,340.25,6,685.61,25-12-2025
143,3695,West,Office Supplies,448.88,2,-28.71,24-05-2024
144,2495,South,Furniture,4447.3,4,770.03,31-05-2025
145,4134,South,Office Supplies,3852.55,7,463.47,20-05-2024
146,2162,East,Electronics,1065.01,9,-140.9,16-06-2025
147,2522,South,Electronics,3140.29,2,538.56,20-09-2025
148,3640,South,Electronics,3993.93,8,277.94,24-04-2024
149,1391,West,Furniture,4458.99,6,-86.14,13-02-2024
150,2698,North,Electronics,2394.7,8,298.73,22-07-2024
151,1418,North,Electronics,4497.75,2,299.96,17-04-2025
152,3336,East,Furniture,2588.47,1,403.63,04-11-2024
153,1378,West,Electronics,3472.32,7,423.01,17-11-2024
154,2796,North,Electronics,4897.24,9,530.61,08-02-2025
155,4561,West,Office Supplies,1256.16,9,-43.67,26-12-2024
156,3278,North,Furniture,925.75,2,-191.03,05-05-2024
157,4065,West,Electronics,1775.89,4,1051.21,29-04-2024
158,3088,East,Electronics,905.56,1,373.49,01-08-2024
159,4099,South,Electronics,1492.4,7,843.14,06-11-2024
160,3182,East,Electronics,3740.63,2,321.96,03-10-2025
161,1200,North,Office Supplies,2439.87,4,1473.12,28-08-2025
162,2863,East,Office Supplies,1937.7,2,336.22,05-03-2024
163,1779,South,Office Supplies,1906.75,1,828.58,31-12-2024
164,3977,East,Office Supplies,1053.2,7,173.95,23-07-2024
165,4104,North,Furniture,2292.32,6,680.26,05-07-2024
166,4119,North,Electronics,3160.71,2,784.86,24-12-2025
167,1502,East,Office Supplies,781.86,4,110.8,03-12-2025
168,3454,South,Electronics,4866.78,3,10.21,17-09-2024
169,4645,East,Furniture,2272.08,3,1455.12,30-03-2024
170,2751,South,Electronics,4745.01,3,1318.55,27-01-2025
171,1804,West,Electronics,759.83,4,922.11,29-05-2024
172,3146,South,Office Supplies,3859.36,1,1263.79,15-02-2025
173,3731,West,Office Supplies,3126.43,1,-37.55,19-03-2025
174,2895,East,Furniture,4118.31,7,1039.94,19-05-2024
175,3773,South,Electronics,3043.32,5,285.53,19-10-2024
176,2570,West,Office Supplies,4817.9,3,717.14,10-04-2025
177,1960,West,Office Supplies,3171.97,9,1100.18,22-09-2025
178,4810,West,Office Supplies,3944.56,5,-143.09,03-09-2024
179,3660,North,Furniture,4400.15,3,981.22,07-04-2024
180,2485,East,Electronics,3601.46,9,539.27,18-06-2024
181,3690,West,Office Supplies,2668.76,1,547.44,05-11-2024
182,4840,South,Electronics,1436.8,9,1342.37,01-03-2025
183,2028,West,Furniture,4287.01,5,1261.55,07-03-2024
184,4289,North,Electronics,2454.83,6,-102.19,25-02-2024
185,1502,East,Office Supplies,3141.47,2,851.14,11-07-2025
186,3814,North,Electronics,488.21,8,540.94,31-05-2025
187,1397,North,Electronics,2537.02,3,0.28,21-07-2025
188,1870,North,Furniture,3520.97,1,1246.79,30-05-2024
189,3842,South,Furniture,2961.95,7,-78.43,13-11-2024
190,1392,East,Electronics,2297.92,3,-145.43,20-05-2024
191,1206,East,Electronics,1194.79,4,135.78,10-11-2024
192,2038,South,Electronics,1617.38,5,315.74,06-01-2024
193,2881,East,Furniture,3533.06,1,-96.5,07-07-2024
194,4625,North,Furniture,1198.53,9,890.23,12-11-2024
195,3939,East,Electronics,3146.46,7,543.16,15-11-2025
196,2484,South,Furniture,2989.71,2,500.72,27-08-2025
197,4762,North,Office Supplies,4855.05,1,47.08,07-06-2025
198,4646,South,Furniture,397.83,2,544.24,11-06-2024
199,1863,West,Furniture,629.8,3,463.28,02-01-2025
200,3790,North,Furniture,2579.81,3,452.19,31-05-2025
201,4312,North,Office Supplies,2682.84,8,171.56,06-03-2024
202,1563,East,Office Supplies,295.65,5,-39.46,15-12-2025
203,2020,North,Office Supplies,4146.69,9,243.2,19-11-2024
204,1095,South,Electronics,2524.15,3,934.36,11-07-2024
205,2923,East,Electronics,1798.55,6,-76.03,30-12-2024
206,2757,West,Office Supplies,1662.38,4,449.95,04-01-2025
207,3532,South,Electronics,4320.9,8,674.44,01-12-2024
208,4478,West,Electronics,1063.99,1,1437.36,31-07-2025
209,3278,West,Electronics,886.05,4,1234.5,11-11-2025
210,3796,West,Office Supplies,1144.57,7,1358.24,28-10-2025
211,2678,North,Furniture,3162.61,9,1194,10-08-2025
212,4242,South,Office Supplies,4073.56,1,801.49,12-05-2024
213,1540,South,Office Supplies,1721.8,8,1263.34,20-05-2024
214,2059,North,Electronics,949.96,2,760.92,01-12-2024
215,3572,East,Electronics,1125.05,4,408.17,13-05-2025
216,2183,West,Furniture,3134,4,432.98,10-10-2025
217,4910,South,Furniture,1305.57,8,761.28,24-06-2024
218,2722,North,Furniture,4398.67,2,1176.05,05-02-2024
219,4314,West,Furniture,609.07,7,27.21,22-05-2024
220,4157,East,Office Supplies,258.61,3,-133.25,10-10-2025
221,2819,East,Furniture,533.05,9,1142.27,11-06-2025
222,3625,West,Office Supplies,4243.65,5,900.91,18-05-2025
223,3729,East,Electronics,3291.02,8,1196.23,06-01-2024
224,3604,South,Furniture,4792.95,5,1460.35,06-08-2025
225,2597,South,Electronics,1747.85,1,227.37,03-11-2025
226,4060,South,Electronics,1142.12,9,130.3,11-08-2024
227,3693,East,Office Supplies,2853.68,7,379.66,21-12-2024
228,1795,South,Furniture,2735.36,4,1292.54,05-02-2024
229,2051,North,Office Supplies,2996.02,7,-176.26,29-06-2025
230,2643,South,Electronics,1802.92,5,-182.1,08-06-2025
231,4627,South,Furniture,128.9,9,168.54,14-12-2025
232,2363,East,Electronics,271.66,2,439.06,26-02-2024
233,4869,South,Electronics,3352.75,4,313.99,07-01-2024
234,2981,West,Furniture,2663.96,6,1202.36,18-03-2025
235,2354,North,Furniture,4122.96,5,972.53,10-11-2024
236,2663,East,Furniture,1572.01,1,1224.32,20-04-2024
237,2529,North,Office Supplies,4095.81,9,452.39,25-04-2024
238,3038,West,Office Supplies,2184.91,9,812.88,02-11-2024
239,4419,East,Electronics,573.82,3,676.27,28-10-2025
240,2496,East,Furniture,4891.77,4,607.04,18-12-2025
241,4302,South,Electronics,2608.49,4,289.78,05-11-2024
242,3237,North,Electronics,3184.44,8,1005.68,03-04-2024
243,4296,West,Electronics,3386.91,6,690.85,10-07-2024
244,2408,West,Electronics,1875.82,2,-66.38,05-10-2024
245,2400,East,Electronics,3762.89,4,-199.11,13-07-2025
246,2306,South,Furniture,4364.31,1,-165.46,24-02-2024
247,3680,East,Office Supplies,1997.22,3,-70.88,17-01-2024
248,3675,East,Furniture,3319.3,4,430.62,30-11-2024
249,1972,East,Furniture,3809.91,8,319.63,02-03-2024
250,2768,East,Furniture,1031.62,3,66.29,28-09-2025
251,2282,West,Office Supplies,1729.72,5,676.26,26-07-2025
252,4430,West,Office Supplies,633.1,1,1449.31,09-07-2025
253,1709,East,Office Supplies,3050.82,4,73.18,22-11-2024
254,2479,East,Furniture,4024.59,2,226.01,07-05-2024
255,2434,South,Office Supplies,3093.11,4,585.58,14-05-2025
256,1648,East,Electronics,980.94,5,889.43,15-09-2024
257,1317,West,Office Supplies,2777.21,3,820.42,13-12-2025
258,4748,North,Furniture,4191.18,6,686.04,15-09-2025
259,4296,West,Furniture,1583.35,2,1053.36,13-02-2025
260,4890,South,Electronics,4179.99,5,1238.11,22-05-2024
261,2257,West,Office Supplies,3944.65,4,1498.24,31-01-2025
262,1683,North,Office Supplies,206.53,5,591.37,19-12-2025
263,1663,East,Electronics,1273.33,9,1491.43,24-12-2024
264,2998,North,Furniture,2760.42,6,1041.85,13-10-2025
265,4898,East,Furniture,3616.33,7,917.48,14-11-2024
266,4445,East,Office Supplies,4414.6,8,887.46,09-10-2025
267,4743,West,Office Supplies,3241.11,9,1348.27,12-12-2025
268,2631,West,Office Supplies,1963.69,5,1411.49,04-10-2024
269,2495,West,Office Supplies,1004.67,8,103.44,13-10-2025
270,4304,South,Office Supplies,3824.18,2,638.82,23-10-2025
271,4763,West,Furniture,1113.23,9,1400.46,31-03-2024
272,2136,South,Furniture,3507.61,2,449.59,28-11-2025
273,2853,West,Furniture,987.94,5,195.55,22-03-2024
274,2520,East,Furniture,546.16,6,-25.49,19-01-2024
275,3489,South,Electronics,1330.39,4,815.27,13-01-2025
276,1563,North,Furniture,1496.16,8,990.46,06-10-2025
277,2291,South,Electronics,3271.32,3,132.43,03-01-2025
278,4581,South,Furniture,888.33,5,945.18,11-11-2025
279,4878,North,Office Supplies,4658.5,2,1329.35,02-04-2025
280,4457,South,Office Supplies,2816.37,3,214.09,19-01-2024
281,4458,East,Office Supplies,2505.57,8,7.4,09-09-2024
282,4184,West,Electronics,2230,5,1220.22,29-12-2024
283,2636,North,Furniture,2876.35,3,1357.96,11-07-2024
284,4696,West,Furniture,209.99,5,165.27,04-10-2024
285,3999,East,Electronics,4951.42,9,1026.35,18-10-2025
286,4152,North,Electronics,2831.87,3,804.56,04-02-2024
287,1698,West,Electronics,272.46,7,206.63,09-11-2025
288,3160,West,Electronics,2990.89,8,1200.22,31-08-2024
289,1001,East,Electronics,2241.69,5,599.74,07-08-2025
290,1641,West,Office Supplies,217.78,3,990.57,06-10-2025
291,3267,East,Furniture,4629.7,6,312.42,13-03-2024
292,2589,South,Electronics,151.78,3,1186.83,18-09-2025
293,1854,East,Office Supplies,2931.57,9,249.29,23-09-2024
294,2759,South,Electronics,4812.77,2,420.14,29-11-2024
295,4296,North,Office Supplies,1264.26,3,465.5,13-09-2025
296,3432,West,Electronics,1345.48,7,150.93,16-06-2024
297,4474,East,Furniture,102.07,8,1286.43,28-12-2025
298,2661,East,Electronics,425.12,5,-7.07,05-12-2024
299,2153,West,Electronics,319.95,5,757.32,06-04-2024
300,2076,West,Furniture,4131.02,5,1184.06,14-08-2025
301,2707,North,Furniture,4200.01,4,787.54,29-12-2025
302,3777,North,Electronics,3660.83,9,355.72,28-11-2025
303,2695,East,Furniture,1828.45,6,1128.3,04-03-2024
304,2733,North,Furniture,4124.15,8,648.6,01-08-2025
305,2439,South,Office Supplies,2744.9,8,77.12,05-04-2024
306,3294,North,Furniture,1591.12,5,338.67,29-06-2025
307,1835,North,Furniture,2242.66,9,806.3,03-01-2025
308,4510,East,Electronics,422.26,2,919.92,10-12-2024
309,1202,South,Electronics,4730.05,8,731.82,17-03-2025
310,4255,North,Office Supplies,3133.67,3,262.42,26-03-2025
311,1122,South,Electronics,3683.05,7,809.38,21-08-2024
312,1400,South,Furniture,3415.26,9,365.17,05-11-2025
313,1766,South,Furniture,3371.97,5,182.37,05-06-2024
314,1293,West,Furniture,184.58,8,1407.4,28-01-2024
315,3327,West,Electronics,2674.32,4,335.28,16-04-2025
316,4908,West,Furniture,4126.38,1,370.55,03-08-2025
317,3931,West,Furniture,318.14,1,1324.52,02-04-2025
318,4681,East,Office Supplies,4785.21,6,42.58,03-12-2024
319,1197,North,Office Supplies,2178.38,8,793.81,25-02-2025
320,4029,West,Office Supplies,1520.49,2,1132.31,09-01-2025
321,2930,East,Electronics,2705.92,4,265.23,10-10-2025
322,4582,North,Furniture,4025.95,3,1234.94,15-09-2025
323,3799,West,Furniture,2426.3,9,1108.4,25-10-2024
324,3191,North,Furniture,3261.02,3,626.36,25-01-2024
325,1608,West,Office Supplies,2549.58,8,1.82,28-08-2025
326,4272,East,Furniture,3193.23,7,1449.18,06-03-2024
327,2147,South,Furniture,776.35,1,861.19,12-06-2025
328,1186,South,Furniture,289.45,8,679.07,12-09-2025
329,4397,North,Furniture,770.82,9,1305.26,25-01-2025
330,3511,East,Furniture,1500.61,8,516.31,04-10-2024
331,4420,South,Electronics,1341.44,1,758.19,10-01-2024
332,2794,West,Furniture,3114.36,7,1259.3,11-12-2024
333,1659,South,Electronics,2333.86,9,468.05,20-05-2024
334,3811,North,Furniture,290.18,5,1113.07,28-01-2024
335,4002,North,Electronics,270.84,2,235.43,09-04-2024
336,2955,East,Furniture,543.88,8,994.02,05-07-2024
337,3450,North,Furniture,1830.1,9,667.74,27-01-2025
338,2369,South,Furniture,130.3,7,80.34,20-12-2025
339,2986,South,Furniture,2520.54,5,31.21,06-11-2024
340,2534,South,Office Supplies,1867.28,8,578.07,17-09-2024
341,1146,South,Furniture,2821.66,6,1008.44,09-03-2024
342,4219,East,Electronics,3632.04,4,825.6,07-02-2024
343,3911,West,Office Supplies,1329.77,1,1253.03,06-03-2024
344,2734,West,Office Supplies,869.71,6,462.42,19-04-2025
345,2843,East,Furniture,1462.46,8,1234.19,08-05-2025
346,1488,North,Electronics,108.64,3,-137.05,11-04-2025
347,3976,West,Electronics,688.06,7,421.87,04-03-2024
348,2959,North,Office Supplies,3779.07,7,-75.93,26-10-2025
349,2663,West,Electronics,1191.75,9,1362.72,28-06-2024
350,3598,North,Furniture,4972.07,1,608.03,08-11-2025
351,3385,East,Furniture,922.37,5,337.47,08-04-2024
352,3919,South,Furniture,3964.98,8,637.23,20-06-2025
353,1640,North,Furniture,3554.72,3,705.84,30-10-2024
354,2802,South,Furniture,1678.45,5,1238.6,13-03-2024
355,3520,North,Office Supplies,1720.62,1,722.13,30-06-2025
356,2969,North,Furniture,2861.4,9,533.35,22-05-2024
357,3198,North,Furniture,4276.63,4,1434.3,01-08-2024
358,2438,North,Office Supplies,1992.32,5,1446.55,17-12-2025
359,4369,North,Office Supplies,399.78,3,-134.69,31-10-2024
360,2634,South,Office Supplies,1934.65,2,1001.64,17-02-2025
361,1262,North,Electronics,1115.83,7,431.99,29-12-2025
362,2787,South,Electronics,4702.11,5,947.84,10-12-2024
363,3191,East,Furniture,3516.64,3,882.77,20-08-2025
364,3393,West,Furniture,349.08,2,361.18,08-05-2025
365,1623,North,Furniture,1535.64,6,1477.32,11-11-2025
366,2016,West,Electronics,346.06,6,407.09,04-05-2024
367,4643,South,Furniture,4167.08,3,874.37,11-02-2025
368,1880,East,Furniture,4540.85,9,1182.76,23-08-2024
369,3049,East,Electronics,650.17,1,47.29,18-10-2025
370,3944,East,Office Supplies,2257.42,3,310.97,08-09-2025
371,2327,West,Electronics,4666.23,1,138.25,09-12-2024
372,3301,South,Furniture,811.54,7,1129.1,07-10-2025
373,4723,North,Electronics,1530.33,2,1162.05,04-06-2025
374,1452,North,Office Supplies,1590.95,4,235.1,10-06-2025
375,4108,South,Office Supplies,247.29,4,-192.98,04-03-2024
376,2183,West,Office Supplies,277.74,8,519.7,20-11-2025
377,4062,North,Office Supplies,4768.68,4,968.13,16-05-2025
378,3056,South,Office Supplies,2898.35,3,858.25,27-09-2025
379,4304,North,Office Supplies,1602.58,3,557.69,11-01-2024
380,4170,East,Furniture,1955.51,5,313.3,29-08-2025
381,2682,North,Furniture,3602.73,6,606.46,23-09-2025
382,3863,West,Electronics,1895.93,7,-174.33,05-03-2025
383,3255,South,Furniture,1216.03,5,-74.42,27-10-2024
384,2154,West,Office Supplies,599,7,76.55,02-09-2024
385,1403,South,Furniture,3671.77,4,863.19,11-08-2025
386,3199,East,Electronics,984.77,5,171.96,03-04-2024
387,3101,South,Office Supplies,441.28,6,519.74,10-11-2024
388,4191,North,Furniture,2192.08,9,856.4,01-06-2024
389,2696,North,Furniture,293.9,6,1211.98,27-08-2024
390,4991,East,Electronics,4828.49,1,734.42,19-05-2024
391,1627,South,Office Supplies,3173.74,7,101.12,19-08-2025
392,1586,East,Electronics,848.21,3,1417.96,03-08-2024
393,2648,North,Office Supplies,945.03,6,-46.97,04-01-2025
394,2443,West,Office Supplies,2892.16,2,424.1,19-10-2024
395,2445,East,Furniture,1847.17,7,1366.25,28-08-2024
396,1103,West,Electronics,3893.91,1,823.97,18-06-2025
397,4923,West,Electronics,2774.45,2,926.51,16-11-2024
398,1253,South,Electronics,2223.34,9,312.88,14-02-2024
399,4298,East,Office Supplies,4818.6,9,-66.48,08-08-2025
400,4183,West,Electronics,2014.57,7,421.79,05-09-2025
401,3557,West,Office Supplies,2062.99,2,483.67,10-10-2024
402,2496,South,Electronics,3362.28,5,259.46,06-08-2025
403,1098,South,Electronics,4066.45,4,166.33,06-07-2025
404,3200,North,Furniture,3168.45,2,404.36,30-07-2024
405,2884,West,Electronics,3523.19,2,887.01,02-11-2025
406,3961,North,Furniture,1927.36,8,1413.36,27-03-2024
407,2919,West,Furniture,2449.53,5,996.43,07-01-2024
408,1877,North,Office Supplies,1065.47,8,1125.33,03-04-2025
409,1337,South,Electronics,3433.21,2,320.31,01-07-2024
410,4777,East,Electronics,1185.11,2,-22.02,23-11-2024
411,3869,South,Electronics,106.16,3,295.57,25-10-2024
412,4234,North,Furniture,4675.43,8,484.51,01-02-2025
413,4791,North,Electronics,1599.47,8,972.8,14-01-2024
414,1956,East,Office Supplies,1063.5,3,1396.91,09-04-2024
415,2704,West,Office Supplies,1413.92,1,1175.8,17-06-2024
416,1160,North,Electronics,1719.19,7,252.88,19-08-2024
417,2603,North,Furniture,2425.28,4,1194.51,20-04-2024
418,3848,North,Office Supplies,439.82,3,499.97,12-12-2024
419,1397,East,Office Supplies,358.1,5,98.25,05-12-2024
420,2300,South,Furniture,1535.26,6,584.13,05-09-2025
421,1815,North,Office Supplies,1549.25,1,757.47,29-12-2025
422,4987,East,Furniture,676.47,9,1097.79,27-08-2024
423,2527,North,Office Supplies,2083.48,6,394.82,27-08-2024
424,2919,West,Furniture,1491.74,3,49.52,26-09-2024
425,2415,East,Office Supplies,227.67,1,-39.6,23-06-2025
426,2158,North,Electronics,4440.03,9,-8.84,12-10-2024
427,2218,East,Office Supplies,4441.49,2,1415.04,30-11-2024
428,1400,North,Office Supplies,1124.99,6,1417.98,19-07-2025
429,1639,South,Electronics,898.07,6,1446.89,18-03-2025
430,4104,North,Electronics,2781.73,3,314.23,25-12-2025
431,3735,East,Electronics,3190.69,6,125.74,17-05-2025
432,1459,West,Electronics,4791.96,2,1467.55,04-01-2025
433,1954,West,Furniture,1949.01,8,1480.05,29-04-2024
434,4954,West,Furniture,3129.18,1,-66.8,15-03-2024
435,1469,North,Office Supplies,4403.09,6,1079.3,26-02-2025
436,4446,South,Office Supplies,2304.77,1,290.73,10-03-2024
437,2045,North,Office Supplies,699.49,9,1345.81,27-09-2024
438,3797,West,Furniture,1949.49,9,-48.32,11-05-2024
439,2693,East,Office Supplies,769.18,6,1310.58,07-04-2024
440,3085,West,Office Supplies,181.53,6,-195.54,11-04-2024
441,3277,East,Furniture,3782.61,9,687.36,03-03-2025
442,4436,South,Office Supplies,1268.28,5,370.46,15-06-2024
443,1562,East,Furniture,109.83,9,526.47,14-04-2024
444,3485,North,Furniture,4374.92,5,537.43,20-08-2025
445,2799,North,Electronics,2274.57,4,911.13,02-07-2025
446,4354,North,Electronics,1270.41,2,-160.73,17-03-2025
447,3074,East,Furniture,1387.67,2,975.32,02-11-2025
448,1225,North,Furniture,1278.64,1,-162.26,26-09-2025
449,4348,North,Electronics,1053.33,3,114.97,05-10-2025
450,1797,North,Office Supplies,4222.01,1,831.46,22-09-2024
451,4680,South,Office Supplies,934.63,6,-53.06,23-02-2025
452,3331,East,Office Supplies,2853.09,7,1484.54,17-09-2024
453,3926,East,Furniture,478.87,9,1133.45,09-03-2025
454,1959,West,Electronics,4752.65,7,999.63,19-02-2025
455,2504,East,Office Supplies,3056.24,4,255.06,20-12-2024
456,1452,South,Electronics,4525.45,4,-117.44,05-04-2025
457,4067,East,Electronics,2049.6,8,1463.93,01-12-2025
458,4900,South,Furniture,4072.29,4,51.34,19-01-2025
459,1815,South,Office Supplies,4282.91,1,1211.96,26-06-2025
460,1658,East,Electronics,3544.45,9,135.78,01-10-2024
461,4587,West,Furniture,555.44,3,435.96,05-11-2024
462,1546,North,Furniture,178.79,1,979.1,11-05-2024
463,2215,North,Furniture,925.94,9,1407.12,18-11-2025
464,4120,East,Office Supplies,678.67,5,-166.37,18-02-2024
465,4583,East,Office Supplies,3653.17,9,243.31,19-03-2025
466,1016,South,Furniture,2829.33,3,1100.44,20-06-2024
467,4243,East,Office Supplies,2677.16,6,94.77,25-11-2024
468,2243,South,Office Supplies,1339.05,7,-10.53,06-01-2024
469,3205,West,Electronics,857.58,5,-121.49,10-08-2025
470,3524,East,Furniture,1112.09,8,654.23,22-07-2024
471,2069,North,Furniture,2061.36,6,1105.15,03-01-2025
472,4444,North,Office Supplies,3726.7,6,1434.95,22-12-2025
473,3565,East,Furniture,1347.13,7,254.73,01-07-2025
474,3146,South,Furniture,3523.2,8,6.33,07-10-2024
475,4963,North,Furniture,2508.41,2,484.34,19-11-2025
476,2768,South,Office Supplies,4438.66,7,-105.75,24-02-2024
477,2060,East,Office Supplies,1241.28,9,363.31,17-06-2024
478,3327,East,Office Supplies,2309.2,1,893.24,08-11-2024
479,4420,North,Electronics,573.66,1,85.88,22-04-2025
480,3544,East,Furniture,1742.25,7,874.19,03-03-2025
481,1301,West,Electronics,2583.71,5,1452.31,26-05-2025
482,1180,West,Office Supplies,3690.43,1,1269.14,16-02-2025
483,1606,North,Electronics,1070.58,1,406.62,17-02-2024
484,4170,West,Furniture,1168.65,2,516.54,07-09-2025
485,1699,South,Furniture,3194.73,9,512.85,03-01-2024
486,1992,North,Office Supplies,1974.04,3,1261.83,19-08-2025
487,2139,North,Office Supplies,2462.26,9,1489.51,15-11-2025
488,1190,South,Electronics,4197.06,6,1204.02,24-11-2024
489,3300,West,Office Supplies,2545.51,6,748.8,20-08-2024
490,1980,West,Electronics,3297.25,7,-34.48,06-11-2025
491,3975,West,Furniture,3318.2,8,1422.62,29-02-2024
492,3006,North,Furniture,4037.7,3,1262.08,12-08-2025
493,2184,North,Furniture,3226.88,8,1230.4,13-06-2025
494,4327,West,Furniture,417.57,6,466.09,06-04-2024
495,4394,East,Furniture,1776.65,6,560.19,06-03-2024
496,1127,West,Electronics,4947.65,3,3.43,31-01-2024
497,3065,South,Furniture,1062.9,6,1394.38,27-05-2024
498,2816,North,Electronics,2974.97,8,1403.5,21-10-2025
499,2758,South,Furniture,4230.41,7,232.55,16-02-2024
500,3613,South,Electronics,2974.14,7,983.21,31-08-2024
501,1569,North,Electronics,1924.12,3,145.93,13-09-2024
502,2346,East,Electronics,493.12,3,468.01,22-04-2025
503,2895,West,Office Supplies,1872.16,5,314.05,17-08-2025
504,3733,South,Electronics,992.13,5,462.3,21-12-2024
505,4863,North,Electronics,4808.23,9,325.25,15-10-2025
506,1625,South,Furniture,3603.66,9,387,02-10-2025
507,4359,West,Electronics,3771.98,5,1144.8,28-03-2025
508,3901,East,Electronics,2236.25,5,310.05,05-06-2025
509,2686,East,Office Supplies,638.83,6,1184.98,25-06-2024
510,4009,East,Furniture,1406.91,8,765.47,28-07-2024
511,4710,North,Office Supplies,1372.58,6,1126.76,11-02-2024
512,1154,North,Office Supplies,2485.22,6,1362.11,03-05-2024
513,3537,East,Office Supplies,2358.8,9,35.32,05-07-2024
514,2409,West,Electronics,2223.7,1,384.61,25-01-2024
515,1784,West,Office Supplies,2530.29,4,-105.55,12-06-2024
516,4175,North,Office Supplies,4936.41,2,491.75,04-02-2024
517,4464,East,Furniture,1561.93,9,203.58,09-09-2024
518,4882,West,Furniture,3114.82,3,771.85,19-04-2025
519,1245,West,Furniture,1273.59,2,1131.76,14-04-2025
520,4247,West,Furniture,2386.37,8,626.82,05-06-2025
521,4110,North,Office Supplies,1080.24,4,367.16,20-09-2024
522,2500,East,Furniture,2835.14,2,59.35,14-04-2024
523,2705,South,Electronics,1398.56,4,-154.39,07-08-2024
524,3806,East,Office Supplies,280.27,7,952.4,10-02-2025
525,1537,East,Furniture,4094.83,7,-148.07,07-10-2025
526,2890,North,Office Supplies,728.45,1,1365.43,24-07-2024
527,2841,West,Furniture,1903.39,1,810.19,27-09-2025
528,1920,West,Office Supplies,2438.17,3,400.6,03-08-2024
529,3455,North,Furniture,2219.15,2,-128.75,04-03-2024
530,1524,North,Electronics,3655.76,3,502.93,07-02-2024
531,3875,North,Furniture,3024.21,4,1274.41,26-10-2025
532,2529,North,Office Supplies,1547.32,7,1448.7,09-08-2024
533,3950,North,Office Supplies,353.34,2,-55.62,07-12-2024
534,4896,South,Electronics,3861.22,7,1121.13,17-04-2025
535,1035,East,Office Supplies,1827.38,5,239.21,19-06-2025
536,1684,East,Electronics,4459.65,8,445.04,22-12-2024
537,1019,East,Office Supplies,2035.78,8,731.04,20-05-2025
538,3368,West,Office Supplies,3616.53,5,1491.04,01-08-2025
539,4847,South,Electronics,4703.87,8,154.99,22-08-2024
540,3559,East,Office Supplies,3290.65,9,21.85,24-08-2025
541,1399,West,Office Supplies,2126.1,7,811.46,03-04-2024
542,3701,South,Electronics,2880.26,6,1250.18,07-07-2024
543,1971,South,Furniture,2762.88,7,901.97,10-10-2025
544,2906,West,Electronics,2965.62,7,390.88,15-11-2025
545,3518,South,Office Supplies,819.42,3,1460.87,16-01-2024
546,2166,West,Furniture,3522.7,6,1491.55,09-01-2025
547,2115,East,Furniture,810.71,6,1110.1,29-12-2024
548,4425,West,Furniture,171.62,9,1164.11,01-02-2025
549,1833,South,Electronics,3161.42,1,1093.43,13-02-2025
550,2823,East,Furniture,672.88,7,238.02,22-06-2024
551,3774,East,Furniture,3875.02,1,55.45,04-09-2025
552,2982,North,Furniture,4343.23,4,742.4,04-07-2024
553,1853,North,Office Supplies,4729.21,7,1422.05,30-01-2024
554,1050,South,Electronics,3355.94,6,1293.1,14-04-2025
555,4736,West,Electronics,2461.87,6,-18.34,14-01-2025
556,4769,West,Office Supplies,1826.18,5,-103.12,07-11-2024
557,1574,South,Furniture,2505.53,7,1285.41,18-03-2024
558,4261,East,Office Supplies,1032.73,9,842.13,18-06-2025
559,2148,South,Office Supplies,1807.27,6,317.35,12-06-2025
560,3197,South,Furniture,3617.86,7,755.01,01-05-2024
561,3361,East,Furniture,1165.37,9,176.84,15-08-2024
562,3617,West,Electronics,1393.93,7,1409.82,11-02-2025
563,4413,South,Furniture,3771.71,6,1206.24,23-06-2024
564,3352,West,Office Supplies,971.4,3,1435.8,06-07-2025
565,2715,South,Office Supplies,1304.85,1,118,15-01-2024
566,1681,East,Furniture,185.98,9,1234.24,01-08-2024
567,1837,East,Electronics,3628.25,7,752.49,25-08-2025
568,4854,North,Office Supplies,3127.73,3,352.49,21-02-2024
569,2077,East,Furniture,3502.49,9,615.43,11-11-2024
570,4050,North,Electronics,1150.21,3,1405.45,26-02-2024
571,3491,South,Electronics,3468.14,3,975.47,15-10-2024
572,3660,West,Office Supplies,3022.25,7,411.86,28-05-2024
573,4040,East,Office Supplies,1894,2,1499.83,11-02-2025
574,3311,East,Electronics,2245.35,7,387.76,15-06-2025
575,4124,East,Electronics,2882.81,7,1183.32,03-01-2025
576,2595,South,Electronics,2517.13,1,1133.44,19-11-2024
577,4051,North,Furniture,3244.96,2,1028.98,04-09-2025
578,4691,South,Office Supplies,986.8,5,938.04,22-12-2024
579,1004,West,Electronics,2749.48,4,-15.27,30-11-2025
580,2126,South,Office Supplies,2306.37,3,1491.43,05-03-2025
581,2219,West,Office Supplies,2359,8,73.77,02-02-2024
582,1773,East,Office Supplies,2399.97,7,813.43,26-06-2025
583,1876,West,Electronics,4419.21,9,223.55,04-11-2025
584,1991,West,Furniture,4111.27,3,86.92,12-10-2024
585,3931,North,Electronics,3184.89,1,751.09,31-05-2025
586,4421,West,Office Supplies,3610.79,9,1221.79,11-11-2025
587,1046,West,Electronics,309.73,9,440.81,15-11-2025
588,3914,South,Electronics,3745.56,1,-68.81,27-12-2025
589,3870,East,Office Supplies,2482.21,8,860.39,26-04-2024
590,3983,South,Office Supplies,1656.96,1,1102.93,25-09-2024
591,4891,South,Electronics,784.91,6,303.34,18-12-2025
592,3703,East,Electronics,468.52,9,974,21-12-2025
593,1268,East,Electronics,319.94,3,-71.16,11-06-2024
594,1369,West,Electronics,892.8,6,414.43,19-05-2024
595,1635,West,Furniture,247.7,3,606.02,11-11-2025
596,2129,North,Electronics,3689.95,5,1129.34,23-05-2024
597,2693,South,Furniture,1318.21,7,374.84,09-08-2024
598,2682,East,Office Supplies,1906.83,4,571.29,10-08-2025
599,1656,West,Furniture,4131.31,4,868.2,21-09-2025
600,1119,East,Office Supplies,661.82,7,860.94,01-09-2025
601,1830,West,Furniture,4194.41,5,680.19,10-03-2025
602,2810,North,Office Supplies,3233.75,1,358.41,28-06-2025
603,4675,North,Electronics,1775.94,2,938.87,29-03-2025
604,2081,East,Furniture,677.26,6,1223.16,07-03-2024
605,2974,North,Furniture,548.31,9,61.48,06-01-2024
606,2369,East,Office Supplies,1744.02,7,378.79,28-08-2024
607,1740,West,Office Supplies,787.68,4,936.87,24-02-2024
608,4545,South,Furniture,1411.78,2,1084.82,17-01-2025
609,1116,North,Office Supplies,359.48,4,1128.48,09-03-2025
610,2853,West,Electronics,3015.54,5,910.56,14-04-2025
611,3838,South,Furniture,811.85,2,613.06,11-03-2024
612,2150,South,Electronics,3807.99,1,897.86,28-08-2025
613,4464,South,Furniture,1169.06,4,29.58,25-03-2025
614,2931,West,Electronics,4010.09,6,153.19,24-04-2025
615,2012,West,Furniture,1030.42,1,1376.8,22-05-2024
616,2664,East,Office Supplies,3634.7,1,1367.69,22-01-2024
617,2081,South,Furniture,1732.07,9,1030.6,14-07-2025
618,1633,South,Electronics,2957.29,5,355.98,25-02-2025
619,1512,South,Furniture,289.44,2,903.03,09-10-2025
620,4822,East,Electronics,2526.7,2,969.25,26-01-2025
621,3849,South,Electronics,828.57,4,675.7,03-09-2025
622,2119,West,Electronics,2482.97,2,1072.49,12-04-2025
623,4709,South,Office Supplies,792.66,4,-149.53,19-10-2024
624,2141,North,Furniture,2241.74,6,235.58,12-12-2025
625,1559,West,Electronics,642.04,7,1150.57,30-04-2024
626,4672,East,Office Supplies,1177.76,6,1395.79,13-03-2025
627,1487,South,Electronics,3015.89,4,1289.35,10-04-2024
628,4308,North,Furniture,4885.64,3,1018.04,05-07-2024
629,4956,East,Office Supplies,2301.01,4,81.34,07-06-2024
630,1896,East,Electronics,3467.15,5,426.82,01-06-2025
631,4343,West,Electronics,2743.18,4,-114.64,12-11-2025
632,2212,East,Electronics,2541.95,3,887.77,28-06-2024
633,1703,East,Furniture,417.05,1,564.77,06-03-2025
634,2470,East,Office Supplies,807.06,3,774.12,30-07-2024
635,1580,East,Office Supplies,4426.98,5,1464.9,06-11-2025
636,3837,South,Office Supplies,2109.81,6,483.83,01-10-2025
637,3908,South,Electronics,3110.23,4,321.41,30-12-2025
638,3294,South,Office Supplies,2688.34,1,56.03,14-10-2025
639,4147,South,Electronics,1956.52,7,44.14,08-03-2025
640,1153,North,Furniture,2000.3,9,681.58,05-10-2025
641,2679,South,Office Supplies,2821.78,6,1073.69,10-04-2024
642,4506,East,Electronics,791.59,6,759.59,15-11-2024
643,1996,South,Office Supplies,1997.57,9,1284.6,07-04-2024
644,4157,South,Office Supplies,2290.18,4,336.98,05-10-2024
645,3744,West,Furniture,4927.12,5,811.58,28-11-2025
646,4356,East,Office Supplies,1822.13,5,924.11,22-05-2024
647,2243,South,Furniture,3258.44,5,277.17,10-12-2024
648,2092,South,Office Supplies,773.34,8,473.72,21-12-2024
649,4118,South,Office Supplies,420.86,1,804.6,13-08-2025
650,2008,North,Office Supplies,4370.56,3,-164.42,20-12-2024
651,3141,South,Office Supplies,3680.6,8,1307.24,05-03-2025
652,2773,West,Office Supplies,1655.75,9,-11.19,08-02-2024
653,1957,East,Office Supplies,2572.43,2,-119.15,29-10-2024
654,4059,East,Furniture,765.15,4,165.56,02-07-2025
655,1452,South,Furniture,3565.09,8,653.94,28-02-2025
656,2227,South,Electronics,444.62,5,358.79,13-12-2024
657,3959,South,Office Supplies,3809.46,1,548.25,04-03-2025
658,3265,East,Furniture,2779.5,6,-56.74,12-10-2024
659,3521,East,Office Supplies,1466.37,9,196.28,30-03-2025
660,3479,North,Office Supplies,4326.61,9,-33.98,19-11-2024
661,3388,West,Furniture,4931.75,1,190.5,02-06-2025
662,1550,North,Office Supplies,1346.31,4,995.63,18-12-2024
663,2635,West,Furniture,4050.61,1,777.99,29-10-2024
664,2312,North,Furniture,3775.81,7,367.75,28-07-2024
665,4325,East,Electronics,3761.23,3,244.09,13-08-2025
666,2757,North,Electronics,4790.45,2,1495.8,19-03-2025
667,1356,West,Electronics,2484.42,8,1105.38,12-05-2024
668,3070,South,Electronics,3403.42,9,1197.48,24-06-2024
669,2785,West,Office Supplies,4137,7,-155.18,27-03-2024
670,3569,South,Office Supplies,2449.73,6,-98.7,02-04-2025
671,2781,East,Electronics,2459.01,6,1011.44,04-08-2024
672,4908,West,Furniture,1661.41,9,126.12,09-02-2025
673,4171,North,Furniture,3926.05,5,523.61,10-02-2025
674,3849,West,Furniture,3462.36,5,113.08,26-08-2025
675,4251,South,Furniture,2310.59,2,101.02,04-03-2025
676,4294,East,Office Supplies,2154.75,6,-14.57,19-12-2025
677,4977,North,Furniture,455.69,6,810.24,19-08-2024
678,3809,West,Furniture,131.86,6,1056.81,11-12-2025
679,4730,South,Electronics,2691.58,4,-103.36,05-03-2025
680,3489,North,Furniture,2145.71,7,268.44,07-02-2024
681,2631,East,Office Supplies,4000.58,9,919.23,27-02-2025
682,3816,North,Furniture,2759,1,466.94,02-02-2025
683,2015,East,Furniture,4689.86,3,997.93,11-08-2025
684,2348,North,Office Supplies,1061.09,9,1090.69,01-08-2025
685,1515,West,Electronics,4951.74,5,-145.1,03-07-2024
686,4087,South,Office Supplies,1559.8,6,447.46,11-01-2025
687,3839,West,Electronics,3247.88,8,1039.54,01-10-2024
688,1335,West,Furniture,2559.08,9,443.31,24-08-2025
689,2782,East,Electronics,1861.92,8,-190.08,12-10-2024
690,3305,East,Electronics,782.61,3,371.71,13-12-2024
691,1496,East,Electronics,760.69,1,1283.51,19-12-2025
692,1895,West,Furniture,3586.38,5,1418.3,13-06-2025
693,3207,North,Electronics,1950.44,7,752.88,07-01-2024
694,4546,North,Electronics,4810.36,2,320.81,06-07-2024
695,1851,West,Furniture,1695.68,1,592.31,22-08-2025
696,2687,West,Office Supplies,4919.27,4,201.55,25-04-2024
697,2931,South,Office Supplies,1106.57,3,85.81,13-05-2025
698,3737,East,Office Supplies,603.79,4,639.01,03-03-2024
699,4746,East,Furniture,1631.59,1,1052.36,16-03-2025
700,3427,West,Furniture,4439.37,2,178.19,09-12-2024
701,2568,West,Office Supplies,2657.07,1,1346.21,09-08-2025
702,1956,North,Electronics,764.69,3,85.99,13-01-2025
703,3738,West,Office Supplies,1092.25,4,749.3,21-10-2024
704,4498,North,Furniture,1625.18,1,1119.85,13-11-2025
705,2636,West,Electronics,2991.82,6,162.76,19-08-2024
706,2291,South,Electronics,1728.66,2,303.96,15-03-2025
707,4906,South,Furniture,3760.57,5,-112.48,28-01-2025
708,4648,North,Electronics,3119.84,8,1404.71,02-10-2024
709,2440,East,Office Supplies,4381.74,4,627.85,04-12-2025
710,2191,South,Furniture,2554.71,5,-90.68,15-06-2024
711,4913,North,Furniture,1722.76,9,1211.22,08-04-2024
712,2066,West,Furniture,4981.73,2,767.89,15-02-2025
713,4627,West,Furniture,1842.6,2,-106.02,15-08-2024
714,1284,North,Electronics,2200.15,6,566.52,17-02-2025
715,3444,East,Furniture,4064.72,6,538.49,09-11-2024
716,1011,North,Furniture,534.32,3,48.34,21-11-2024
717,2630,North,Electronics,1993.8,9,514.63,02-03-2024
718,4373,South,Furniture,519.98,1,280.77,08-05-2024
719,4969,North,Electronics,782.6,3,989.9,27-03-2025
720,4324,North,Electronics,122.74,8,-190.66,12-02-2025
721,3546,West,Furniture,146.77,8,-19.16,26-02-2025
722,1753,South,Office Supplies,1963.41,4,1361.7,12-10-2025
723,3082,West,Furniture,4064.9,8,536.67,17-08-2024
724,3774,West,Office Supplies,2976.32,8,99.51,24-07-2025
725,3896,East,Electronics,3211.08,1,1148.48,07-11-2025
726,1089,East,Office Supplies,2644.32,3,1247.71,26-05-2025
727,1775,South,Furniture,4116.99,1,159.06,16-12-2025
728,3652,South,Furniture,4413.86,2,1013.12,01-09-2025
729,4993,East,Office Supplies,4263.73,4,845.73,03-12-2024
730,4017,East,Furniture,4079.45,3,1066.6,02-09-2024
731,2625,East,Office Supplies,995.29,6,1139.43,10-10-2025
732,4069,East,Electronics,3009.99,5,923.59,11-07-2025
733,1417,East,Office Supplies,2952.6,5,1425.57,22-07-2024
734,1114,West,Office Supplies,2686.93,7,1269.18,11-07-2024
735,1616,South,Office Supplies,2455.98,7,189.25,24-12-2024
736,4974,West,Office Supplies,536.94,9,1353.06,07-07-2025
737,4267,West,Electronics,600.6,8,411.32,04-11-2025
738,1825,North,Electronics,4521.18,3,1035.12,10-09-2024
739,4572,West,Electronics,3187.91,2,1241.62,10-10-2024
740,2649,East,Office Supplies,1385.35,1,541.83,05-08-2024
741,2516,East,Electronics,1468.57,6,-112.44,03-09-2025
742,4146,North,Furniture,3089.95,4,1414.42,26-07-2025
743,1412,North,Electronics,2093.98,3,-76.78,05-07-2025
744,4447,North,Office Supplies,2262.49,2,391.79,30-06-2024
745,4491,North,Furniture,397.18,2,813.96,24-07-2025
746,1728,North,Office Supplies,779.82,4,-0.19,10-08-2024
747,4348,West,Furniture,2027.42,1,1224.95,26-07-2024
748,4068,North,Office Supplies,3528.46,6,145.82,26-02-2025
749,3808,West,Office Supplies,335.32,5,1476.21,18-06-2024
750,1675,South,Furniture,1739.33,9,1357.94,18-05-2024
751,4465,North,Electronics,3505.85,2,827.75,21-07-2024
752,2892,North,Furniture,3981.05,9,922.02,10-09-2024
753,3504,West,Furniture,1032.08,9,707.13,14-06-2024
754,3967,South,Furniture,3684.29,9,464.88,22-07-2025
755,3239,West,Furniture,4781.52,4,397.9,26-09-2025
756,3786,West,Furniture,4543.38,5,1315.81,30-01-2025
757,4760,North,Office Supplies,3967.94,8,780.25,01-03-2025
758,2122,East,Office Supplies,3590.4,8,1199.6,22-03-2025
759,2571,East,Electronics,1252.18,1,673.92,20-05-2025
760,1977,West,Electronics,3206.13,1,321.94,16-05-2024
761,2008,North,Furniture,3252.04,6,-44.01,09-02-2025
762,3143,South,Electronics,2093.42,7,350.28,22-07-2025
763,2687,East,Electronics,2515.78,2,1296.2,01-08-2025
764,3710,South,Furniture,3500.74,2,1010.33,18-08-2024
765,4261,East,Office Supplies,4765.3,5,1135.91,31-08-2024
766,4807,North,Office Supplies,1547,9,1114.84,12-10-2024
767,1036,West,Electronics,1307.18,5,3.95,24-09-2025
768,4851,South,Office Supplies,3048.85,8,70.06,23-02-2024
769,4440,South,Office Supplies,740.92,8,339.31,26-01-2025
770,4766,West,Electronics,2954.41,5,311.75,31-07-2025
771,2548,South,Furniture,535.37,8,-87.66,26-09-2024
772,3326,East,Electronics,2503.86,8,60.9,23-01-2025
773,3264,West,Electronics,3140.03,5,1255.59,13-01-2024
774,3914,East,Electronics,443.54,5,801.38,08-12-2024
775,1872,East,Furniture,1114.07,4,381.88,27-09-2025
776,2821,North,Furniture,1743.33,1,695.01,11-08-2025
777,2296,East,Furniture,1906.13,9,244.23,04-12-2024
778,4952,North,Furniture,3412.91,2,792.53,24-01-2024
779,3109,South,Electronics,2692.2,1,-73.13,04-02-2024
780,1595,South,Office Supplies,1972.33,6,1334.51,08-08-2025
781,2903,North,Electronics,2308.31,5,208.76,30-04-2025
782,1728,East,Furniture,163.59,1,1192.43,25-02-2025
783,2365,West,Office Supplies,3875.57,7,922,16-10-2024
784,1396,West,Electronics,300.92,7,689.11,16-10-2024
785,1698,North,Office Supplies,4163.66,3,1380.65,19-01-2024
786,4090,South,Furniture,2750.88,8,66.58,19-09-2025
787,3224,South,Office Supplies,2686.31,6,2.77,18-10-2024
788,2635,West,Office Supplies,3552.44,4,347.16,12-01-2025
789,1395,North,Furniture,4311.84,3,1211.38,02-06-2024
790,3492,West,Office Supplies,4718.97,1,-140.16,15-12-2025
791,4304,East,Electronics,2762.51,2,206.99,04-10-2025
792,4986,East,Office Supplies,838.23,2,521.99,07-05-2024
793,1075,North,Electronics,4405.29,5,1012,08-03-2025
794,1264,North,Office Supplies,299.29,4,308.83,26-09-2024
795,3502,East,Office Supplies,4055.95,2,561.79,29-05-2025
796,2819,South,Furniture,3434.07,9,372.65,14-09-2024
797,1717,North,Furniture,4533.17,7,-43.5,07-12-2024
798,3782,East,Electronics,4497.57,8,1055.75,16-05-2025
799,4455,East,Furniture,360.46,8,584.34,20-02-2025
800,4635,South,Furniture,3086.29,2,1181.27,09-04-2024
801,1850,South,Furniture,710.89,5,980.98,28-01-2025
802,4577,South,Furniture,484.5,3,-101.71,22-02-2024
803,2390,South,Furniture,2296.56,9,650.13,03-03-2025
804,1143,West,Electronics,578.23,9,1484.45,08-11-2025
805,1884,South,Electronics,3666.72,6,323.38,28-05-2024
806,4140,West,Furniture,4847.81,4,638.03,05-11-2025
807,4170,North,Furniture,2890.96,8,908.46,26-03-2025
808,1395,East,Electronics,1252.33,5,143.85,17-08-2025
809,4096,West,Office Supplies,4231.71,3,994.26,17-06-2025
810,3995,North,Electronics,4280.21,8,921.62,15-06-2025
811,3938,North,Office Supplies,3690.65,6,437.43,23-12-2025
812,2492,West,Furniture,3114.15,5,283.55,31-12-2024
813,4555,North,Furniture,4352.18,1,1362.47,19-11-2024
814,4636,North,Electronics,900.13,3,15.94,03-06-2025
815,4222,West,Furniture,4664.84,7,534.45,27-10-2025
816,2167,North,Office Supplies,4741.3,3,1103.87,16-07-2025
817,3616,South,Office Supplies,4372.76,1,51.83,02-09-2024
818,2062,South,Electronics,1328.24,8,1385.98,24-03-2025
819,3156,East,Office Supplies,4305.07,7,694.63,02-06-2024
820,4764,North,Electronics,2538.43,5,658.19,02-09-2024
821,2065,East,Electronics,3015.16,5,521.27,12-02-2024
822,2209,South,Office Supplies,4218.94,6,1274.67,27-01-2025
823,3982,South,Office Supplies,244.96,7,1412.35,11-06-2024
824,3445,South,Office Supplies,1878.42,3,446.12,10-04-2025
825,4294,North,Office Supplies,4096.9,4,722.07,26-05-2025
826,1633,North,Office Supplies,4088.38,1,336.22,26-05-2024
827,2156,South,Office Supplies,4258.57,7,425.63,04-06-2024
828,4234,East,Office Supplies,929.16,2,-151.83,29-05-2025
829,2238,East,Furniture,3558.84,7,1136.09,25-05-2024
830,1732,West,Electronics,817.87,6,1447.87,26-05-2025
831,1234,South,Electronics,3946.98,4,1108.2,25-09-2024
832,4914,East,Office Supplies,1301.12,2,680.96,14-02-2025
833,3705,South,Electronics,3715.31,7,1206.77,31-08-2024
834,1750,East,Office Supplies,2329.51,7,1258.39,22-10-2024
835,3635,West,Furniture,4932.69,5,725.69,09-11-2024
836,4080,West,Electronics,2941.48,9,1393.17,22-07-2025
837,4145,South,Electronics,3199.64,3,-148.71,06-10-2024
838,1953,East,Furniture,1904,9,-182.84,21-04-2025
839,3539,North,Furniture,3699.15,5,-61.52,28-04-2024
840,3960,West,Furniture,2524.94,2,-101.64,17-06-2025
841,4324,South,Electronics,188.53,9,521.84,16-07-2025
842,4301,South,Electronics,3082.05,1,1398.55,18-04-2025
843,2542,East,Furniture,4169.25,1,947.88,30-07-2024
844,2197,South,Furniture,1260.33,7,921.07,28-12-2025
845,2676,West,Furniture,1183.21,3,454.31,10-08-2025
846,2191,South,Furniture,3083.54,8,707.4,10-04-2025
847,3217,South,Furniture,4108.1,7,317.1,16-12-2025
848,2416,North,Office Supplies,1323.14,7,680.32,14-06-2024
849,3993,North,Furniture,4668.09,1,1069.32,24-04-2025
850,3842,West,Office Supplies,4644.2,1,749.78,17-01-2025
851,3681,East,Electronics,1082.63,2,512.08,01-03-2024
852,2217,North,Electronics,1392.54,2,1236.37,05-10-2024
853,2540,East,Office Supplies,3532.93,5,288.65,10-08-2025
854,3076,West,Furniture,4763.49,9,618.53,27-07-2024
855,4236,North,Electronics,3578.43,7,1462.85,06-02-2024
856,2445,East,Furniture,2280.01,2,1444.45,27-08-2025
857,3386,North,Furniture,928.11,5,-189.32,13-05-2024
858,4719,West,Office Supplies,2358.95,5,704.8,15-02-2025
859,2519,West,Electronics,3073.16,8,372.76,09-10-2025
860,2388,North,Electronics,1721.66,9,295.08,27-05-2024
861,2856,East,Office Supplies,2600.26,8,813.63,31-01-2025
862,2365,South,Furniture,738.05,2,558.72,08-09-2024
863,1499,South,Furniture,2315.72,4,1045.83,17-05-2025
864,2680,North,Electronics,544.8,2,-153.87,21-05-2025
865,1510,East,Office Supplies,340.53,6,1375.71,13-08-2025
866,4398,South,Office Supplies,4300.48,4,764.91,31-08-2024
867,1216,West,Furniture,1104.9,7,962.91,01-01-2025
868,2324,East,Furniture,2918.26,2,827.8,25-03-2025
869,2155,South,Office Supplies,830.02,9,1481.52,29-04-2024
870,2827,East,Electronics,1386.39,5,1476.71,04-11-2024
871,4141,North,Furniture,1870.56,1,836.82,25-09-2025
872,4323,East,Office Supplies,804.01,3,962.74,30-07-2024
873,4486,South,Office Supplies,325.22,4,851.57,10-10-2024
874,2810,North,Office Supplies,4398.08,3,328.16,10-09-2024
875,3492,East,Electronics,157.98,6,127.44,13-06-2025
876,3923,West,Furniture,400.47,6,484.7,19-09-2024
877,2205,South,Furniture,4044.85,7,960.69,03-10-2024
878,3214,North,Furniture,1481.84,9,-104.84,10-02-2024
879,1090,East,Electronics,3641.82,9,674.32,26-02-2025
880,1713,West,Furniture,816.51,7,494.28,23-05-2025
881,2881,South,Furniture,1262.68,1,696.72,29-12-2024
882,4602,West,Furniture,2906.6,3,1262.39,26-06-2025
883,1038,East,Furniture,4944.32,5,-119.06,05-04-2025
884,4197,East,Electronics,459.88,6,1098.16,28-03-2025
885,4522,North,Office Supplies,2062.72,6,933.75,10-11-2024
886,1172,West,Office Supplies,311.1,5,146.54,21-09-2025
887,1652,North,Furniture,1076.21,6,1048.11,25-12-2024
888,1753,South,Furniture,4546.61,9,643.83,21-08-2024
889,2243,North,Furniture,572.65,1,617.74,12-02-2024
890,4709,South,Electronics,4298.59,1,621.22,15-08-2024
891,2081,East,Furniture,971.24,9,1413.7,07-10-2025
892,2683,East,Electronics,4322.75,8,1405.42,28-11-2024
893,3523,West,Furniture,2736.31,9,1353.13,30-10-2025
894,1455,South,Furniture,4403.21,7,1307.46,06-05-2025
895,1828,East,Office Supplies,843.35,6,-136.1,24-07-2024
896,1894,West,Furniture,3833.98,9,481.01,29-03-2024
897,2384,West,Electronics,3435.42,2,1321.29,08-04-2024
898,2958,North,Office Supplies,2760.37,4,1083.72,06-02-2024
899,4072,West,Electronics,4071.88,2,576.32,08-01-2025
900,3434,East,Office Supplies,3276.55,6,1114.53,25-01-2025
901,2996,North,Electronics,4397.53,1,153.92,09-03-2025
902,3395,South,Office Supplies,1967.2,7,819.66,30-04-2025
903,1189,South,Electronics,2990.62,7,706.1,26-01-2025
904,1504,East,Electronics,4365.94,7,775.03,11-12-2025
905,2214,East,Furniture,1152.59,4,1027.05,21-12-2024
906,2531,North,Office Supplies,2480.13,8,1414.66,24-02-2024
907,4440,North,Office Supplies,4807.63,5,248.82,08-09-2025
908,4480,East,Furniture,2420.65,2,1088.69,08-08-2025
909,1823,East,Electronics,1338.86,5,896.74,09-11-2024
910,1928,South,Electronics,1820.27,9,981.75,13-04-2024
911,1933,South,Office Supplies,4436.91,1,529.16,16-01-2024
912,2140,South,Electronics,4778.93,2,1405.78,12-02-2025
913,1133,East,Office Supplies,4755.53,8,615.42,29-01-2024
914,3105,West,Office Supplies,3524.82,5,6.71,21-12-2024
915,4627,East,Electronics,2597.05,9,957.18,13-01-2025
916,1684,East,Electronics,995.18,6,19.08,25-11-2025
917,3719,South,Electronics,703.78,8,348.55,17-07-2025
918,3220,East,Furniture,392.86,1,187.61,25-05-2025
919,2852,North,Office Supplies,186.8,9,716.19,12-12-2024
920,1814,East,Electronics,4402.77,9,390.76,09-09-2025
921,2172,East,Furniture,4064.52,3,71.75,17-05-2025
922,1079,East,Electronics,2882.32,1,1144.38,25-01-2024
923,3933,East,Office Supplies,4993.74,8,596.44,01-04-2024
924,4284,West,Furniture,4769.96,8,572.56,24-11-2024
925,1202,East,Office Supplies,3310.03,9,1306.82,21-06-2025
926,3811,North,Electronics,2376.42,6,716,24-08-2025
927,2252,North,Electronics,845.64,9,1006.82,17-11-2025
928,2699,East,Electronics,2626.41,9,357.71,07-12-2024
929,2250,South,Furniture,872.94,4,754.19,23-03-2025
930,2682,West,Furniture,2052.41,5,1034.9,30-01-2025
931,2555,East,Furniture,4718.98,6,304,25-06-2025
932,4512,East,Furniture,1775.7,6,970.51,09-06-2025
933,4473,East,Electronics,848.66,2,766.9,16-05-2025
934,3094,South,Electronics,2953.74,4,538.13,10-02-2025
935,2256,South,Electronics,3051.58,9,1012.05,09-05-2024
936,4376,South,Furniture,1049.64,7,338.74,10-05-2024
937,2549,West,Furniture,1063.27,9,1014.65,01-06-2025
938,2166,North,Electronics,4948.79,6,736.89,23-12-2025
939,4486,West,Electronics,1292.08,7,217.53,28-05-2024
940,4584,South,Furniture,4207.14,9,936.07,02-10-2024
941,2396,North,Office Supplies,2404.59,4,1304.1,22-10-2025
942,4637,North,Electronics,2231.45,9,327.02,05-07-2025
943,4957,South,Electronics,1545.32,3,1180.96,14-07-2024
944,4330,South,Electronics,3891.75,8,371.42,12-02-2025
945,3703,West,Furniture,4415.24,3,1195.91,27-09-2025
946,1470,South,Electronics,1379.52,3,-113.04,11-03-2024
947,4018,North,Electronics,565.97,3,-187.73,17-07-2024
948,2035,East,Electronics,770.91,9,-7.45,28-06-2025
949,2353,South,Electronics,3984.74,3,1285.7,24-08-2025
950,3783,South,Electronics,2235.55,6,707.33,09-04-2025
951,3831,West,Office Supplies,746.38,4,809.97,30-03-2024
952,1967,West,Office Supplies,1767.41,2,1231.75,11-12-2025
953,1357,South,Electronics,2619.75,3,-113.9,21-07-2025
954,4019,North,Electronics,4275.05,5,458.08,01-01-2024
955,4479,North,Electronics,3244.54,4,893.25,15-06-2024
956,1667,East,Electronics,962.56,5,487.96,02-07-2025
957,1372,South,Furniture,877.64,1,-145.38,13-08-2025
958,2031,West,Furniture,2120.44,4,906.6,29-08-2024
959,2145,North,Furniture,468.44,3,465.38,13-05-2024
960,2371,East,Office Supplies,3802.33,2,-167.34,08-09-2024
961,3723,South,Electronics,2067.12,7,89.88,22-01-2024
962,1089,North,Furniture,1780.82,9,169.89,30-12-2025
963,4719,South,Electronics,2594.63,1,668.05,12-03-2024
964,3745,South,Electronics,3573.89,7,116.84,04-06-2025
965,4387,North,Office Supplies,2889.8,1,414.26,08-10-2025
966,4249,North,Office Supplies,4031.77,5,1076.13,07-12-2025
967,1539,North,Furniture,3183.88,1,1173.12,23-07-2025
968,3779,South,Furniture,3961.05,3,1152.2,15-05-2025
969,1868,South,Office Supplies,3514.23,8,981.64,03-11-2024
970,1040,East,Office Supplies,1046.3,4,721.08,07-09-2024
971,1739,West,Electronics,356.54,1,736.07,25-08-2025
972,4775,South,Electronics,4526.64,1,1420.76,22-07-2024
973,2946,West,Furniture,4733.72,8,1292.38,08-01-2024
974,3549,North,Furniture,3661.97,8,904.63,17-04-2024
975,4006,South,Office Supplies,3648.61,4,596.44,23-09-2025
976,4216,East,Furniture,1423.72,4,1039.42,06-06-2025
977,2224,East,Electronics,2757.96,2,-93.38,07-01-2025
978,1928,West,Office Supplies,4961.97,2,1405.83,20-01-2025
979,3036,North,Electronics,4295.1,6,730.89,01-07-2024
980,4795,West,Office Supplies,1591.53,8,654.74,04-11-2024
981,3508,North,Office Supplies,1575.12,7,294.42,27-06-2024
982,3779,East,Electronics,2469.53,7,-194.24,18-12-2025
983,3799,West,Furniture,2082.53,3,-95.89,26-08-2025
984,1924,East,Furniture,1918.65,2,247.11,14-08-2024
985,3956,East,Furniture,3172.16,7,720.63,01-06-2025
986,2581,North,Furniture,156.31,4,-57.91,12-01-2024
987,4618,West,Electronics,3840.36,1,1452.49,06-09-2024
988,4324,West,Office Supplies,3726.26,1,498.63,21-02-2025
989,1389,East,Electronics,4168.6,4,337.74,11-01-2025
990,2617,East,Furniture,4223.11,5,692.83,16-07-2024
991,3930,North,Furniture,2875.36,5,-89.52,30-09-2025
992,1255,South,Electronics,3922.36,1,1245.77,23-03-2025
993,1708,South,Office Supplies,2512.74,3,582.47,06-02-2024
994,2838,East,Electronics,4762.5,6,103.17,24-02-2025
995,2944,South,Electronics,1034.42,7,74.95,08-01-2024
996,3497,South,Electronics,4586.52,1,413.62,13-06-2024
997,1009,South,Office Supplies,1366.8,8,774.72,29-04-2024
998,3871,South,Electronics,603.34,4,508.74,06-01-2025
999,1797,East,Electronics,2251.61,9,814.56,20-08-2024
1000,4313,South,Furniture,3113.09,6,999.31,05-03-2025
1001,4322,South,Electronics,1231.85,1,1072.43,13-10-2024
1002,1876,North,Furniture,2823.4,2,481.62,29-01-2025
1003,2028,East,Furniture,4058.68,3,1018.91,23-02-2025
1004,4190,West,Furniture,1359.72,2,40.56,27-03-2025
1005,2015,West,Office Supplies,2943.58,7,672.26,18-10-2025
1006,2824,North,Furniture,1762.63,1,-76.72,28-09-2024
1007,1373,North,Electronics,2695.87,9,214.98,12-10-2024
1008,4136,East,Electronics,3367.9,2,791.42,08-02-2024
1009,3193,West,Furniture,1817.07,4,1058.72,09-07-2025
1010,1223,South,Furniture,4972.97,8,-37.97,11-05-2025
1011,2262,North,Electronics,2862.5,3,152.02,02-05-2025
1012,3224,West,Furniture,4139.86,9,1486.23,06-01-2025
1013,2802,East,Office Supplies,3653.16,7,374.02,02-07-2025
1014,1852,South,Furniture,4278.75,3,282.87,13-02-2025
1015,4353,East,Office Supplies,951.62,3,-55.06,12-09-2024
1016,1062,North,Office Supplies,1190.51,5,981.23,20-04-2025
1017,2240,West,Office Supplies,2488.31,5,664.03,29-07-2024
1018,4925,West,Furniture,4276.41,5,67.84,08-02-2025
1019,3874,West,Office Supplies,1068.27,9,875.93,26-08-2025
1020,3842,West,Office Supplies,4858.22,9,693.79,14-06-2025
1021,1688,South,Furniture,725.25,6,760.41,03-09-2025
1022,2484,South,Office Supplies,957.88,7,1491.25,29-01-2025
1023,2633,East,Furniture,919.45,8,-151.36,20-10-2025
1024,3152,South,Electronics,2971.43,9,1355.45,03-08-2025
1025,4170,North,Office Supplies,4595.95,6,1231.21,09-05-2024
1026,1510,North,Furniture,1350.05,8,506.08,25-01-2024
1027,1384,West,Electronics,2809.88,2,1297.61,18-09-2025
1028,1404,North,Office Supplies,961.29,8,902.55,30-03-2024
1029,3870,East,Office Supplies,3192.57,2,1311.9,29-09-2024
1030,1517,South,Furniture,703.91,8,811.04,06-12-2024
1031,1475,South,Electronics,2507.42,2,167.45,30-07-2024
1032,3000,South,Furniture,3310.39,3,779.58,14-09-2025
1033,3756,North,Office Supplies,2937.73,7,104.41,13-12-2024
1034,4934,South,Office Supplies,786,9,39.41,10-08-2025
1035,2668,West,Office Supplies,890.73,3,911.9,22-10-2024
1036,2893,West,Office Supplies,3389.82,5,1410.71,24-01-2025
1037,3818,West,Electronics,4063.66,9,800.44,28-03-2024
1038,2460,North,Electronics,4549.56,7,1152.84,02-03-2025
1039,4094,South,Furniture,4086.7,2,86.22,18-06-2024
1040,4044,North,Furniture,4872.23,5,912.16,26-05-2024
1041,4636,South,Furniture,2100.43,5,1046.06,27-08-2024
1042,3724,East,Office Supplies,1722.71,9,-129.26,24-02-2024
1043,1713,East,Furniture,238.1,2,-34.82,26-08-2025
1044,4529,North,Electronics,2304.49,1,1128.69,30-10-2025
1045,1082,West,Furniture,3291.72,4,547.92,03-06-2025
1046,2168,North,Furniture,4095.5,4,489.49,25-10-2024
1047,4156,West,Electronics,1410.53,1,1364.63,01-09-2025
1048,4149,South,Electronics,2616.6,7,1486.34,15-07-2025
1049,3504,West,Office Supplies,3343.85,2,1099.45,25-12-2025
1050,2901,West,Electronics,2802.85,9,1147.41,04-01-2024
1051,3048,South,Electronics,1442.7,7,154.15,29-12-2024
1052,1050,East,Furniture,4001.78,7,126.78,18-10-2024
1053,1684,South,Electronics,949.47,1,1467.16,23-01-2025
1054,1716,North,Office Supplies,4534.4,9,981.66,15-04-2025
1055,4843,North,Furniture,4767.72,9,967.41,14-06-2025
1056,2469,North,Office Supplies,1891.31,2,286.52,01-03-2025
1057,1448,North,Electronics,1943.29,9,1307.01,02-02-2025
1058,1880,North,Office Supplies,3742.06,2,-124.45,30-10-2024
1059,1487,East,Office Supplies,2335.81,2,266.8,13-12-2025
1060,2823,East,Electronics,240.19,8,106.24,13-04-2024
1061,3081,West,Electronics,4607.4,3,1008.86,26-11-2024
1062,4419,North,Furniture,2210.68,3,1016.09,29-12-2024
1063,3142,South,Furniture,1097.13,7,709.04,31-12-2024
1064,4143,North,Furniture,2822.75,6,-191.06,22-03-2024
1065,2574,East,Electronics,1172.64,7,1285.38,20-07-2025
1066,3201,North,Office Supplies,1109.51,6,1424.5,06-11-2025
1067,1249,East,Office Supplies,2774.08,9,143.93,25-03-2024
1068,1673,West,Furniture,2016.11,2,1231.8,06-08-2024
1069,1437,West,Furniture,2907.67,8,1454.59,02-01-2025
1070,3165,West,Electronics,4984.44,6,355.86,25-12-2025
1071,1770,East,Office Supplies,4309.19,4,114.6,15-12-2025
1072,4962,North,Furniture,137.59,6,1461.82,29-08-2024
1073,4377,North,Electronics,347.72,6,-98.44,10-06-2024
1074,1267,South,Furniture,3089.39,3,269.13,27-06-2024
1075,2984,East,Electronics,3168.65,8,1061.45,01-04-2024
1076,2077,South,Office Supplies,4403.14,5,849.5,14-05-2025
1077,1235,West,Electronics,3182.38,4,963.67,11-10-2025
1078,1388,North,Furniture,1215.8,2,1003.76,20-05-2025
1079,4037,East,Furniture,2395.73,1,966.45,15-09-2025
1080,4805,South,Office Supplies,4064.03,7,381.81,17-06-2024
1081,1762,South,Office Supplies,4621.84,3,329.55,21-01-2025
1082,2848,South,Furniture,1260.88,3,528.39,16-11-2024
1083,3448,North,Furniture,2744.06,3,1173.06,10-04-2024
1084,1623,North,Furniture,878.74,3,1395.06,22-10-2024
1085,3814,North,Office Supplies,2535.3,2,573.92,11-07-2024
1086,4374,East,Furniture,541.56,6,-54.2,05-04-2025
1087,3966,North,Office Supplies,4714.47,3,1395.11,19-12-2025
1088,4278,East,Furniture,3226.48,1,-63.27,12-10-2024
1089,2252,South,Electronics,4285.66,9,70.49,03-08-2024
1090,3900,South,Electronics,4991.65,6,1275.05,31-03-2025
1091,4981,West,Furniture,995.06,6,737.51,15-08-2024
1092,1577,North,Electronics,3501.3,9,399.57,26-12-2024
1093,3122,South,Office Supplies,4446.23,2,1382.55,12-02-2024
1094,1434,North,Electronics,2922.1,9,1432.86,29-06-2024
1095,3150,East,Electronics,3234.51,3,362.3,25-05-2025
1096,4493,South,Office Supplies,2097.59,3,1276.32,06-04-2025
1097,4775,North,Electronics,3406.33,3,953.5,12-10-2024
1098,1763,South,Electronics,2038.33,1,266.64,23-10-2024
1099,3785,South,Furniture,2435.44,7,1400.44,09-07-2025
1100,3853,North,Office Supplies,604.27,7,-92.78,06-02-2024
1101,2329,South,Office Supplies,138.26,2,340.5,23-03-2024
1102,3145,South,Furniture,370.24,6,473.64,13-09-2024
1103,4921,South,Furniture,1043.36,4,974.11,04-08-2024
1104,3845,South,Electronics,2337.36,7,-134.66,05-06-2025
1105,2358,East,Electronics,202.87,7,1312.62,26-01-2024
1106,3906,South,Electronics,864.09,4,920.48,07-09-2024
1107,3482,West,Furniture,3929.08,3,267.54,02-08-2024
1108,1446,South,Office Supplies,3834.62,7,919.18,18-10-2025
1109,3017,North,Electronics,3969.68,9,712.77,15-11-2024
1110,2331,West,Furniture,4615.55,4,371.67,14-02-2025
1111,1248,East,Office Supplies,683.45,6,-151.39,03-04-2025
1112,1165,West,Furniture,899.39,7,736.87,19-11-2024
1113,4552,West,Electronics,1734.41,3,-60.29,13-06-2025
1114,4031,West,Furniture,4584.19,5,1177.3,04-12-2024
1115,2358,North,Furniture,3899.84,1,-49.51,15-08-2024
1116,2019,North,Furniture,1688.19,6,528.86,23-08-2024
1117,1541,North,Furniture,529.42,5,538.74,31-12-2024
1118,1758,East,Office Supplies,3120.26,7,745.54,09-03-2025
1119,4177,North,Electronics,1358.41,9,-132.84,24-03-2025
1120,4634,North,Office Supplies,2702.65,4,146.52,21-05-2025
1121,3128,West,Furniture,4714.84,9,139.15,02-10-2024
1122,3180,North,Furniture,2905.82,6,818.25,24-09-2025
1123,1796,South,Electronics,4626.79,5,248.18,02-03-2024
1124,3947,North,Electronics,2025.89,2,45.13,26-11-2024
1125,1137,East,Office Supplies,3203.42,1,-168.8,05-07-2024
1126,3231,East,Office Supplies,4480.06,8,1228.93,20-06-2025
1127,4472,South,Electronics,2981.14,6,1451.63,19-05-2025
1128,2353,East,Office Supplies,3113,7,995.55,30-08-2025
1129,3832,East,Furniture,3609.91,6,501.61,16-11-2024
1130,4579,West,Furniture,4422.33,7,7.42,11-07-2024
1131,2875,South,Electronics,532.08,9,607.68,10-09-2024
1132,4031,West,Office Supplies,1750.61,5,577.45,01-08-2025
1133,1068,West,Furniture,2048.66,1,513.79,09-11-2024
1134,3593,North,Electronics,4557.58,1,443.12,05-07-2025
1135,4845,South,Office Supplies,4784.44,9,644.48,11-08-2024
1136,3100,North,Furniture,689.86,5,-75.59,06-03-2025
1137,2473,North,Office Supplies,683.63,2,-134.9,21-12-2024
1138,1204,West,Office Supplies,4680.82,3,-91.27,02-03-2025
1139,3173,East,Office Supplies,1549.28,1,140,26-01-2025
1140,4818,South,Electronics,1284.89,6,272.72,09-08-2024
1141,1042,East,Furniture,274.55,6,88.08,12-04-2024
1142,4823,West,Electronics,1450.42,3,228.26,13-11-2024
1143,2906,West,Furniture,3498.28,3,115.92,04-11-2025
1144,3158,West,Furniture,2187.58,7,56.26,20-06-2025
1145,1760,West,Electronics,2632.66,1,298.07,27-10-2025
1146,4734,West,Electronics,4594.75,5,475.77,06-08-2024
1147,4254,West,Furniture,661.98,3,1065.25,13-03-2025
1148,3895,East,Furniture,449.08,5,1424.43,27-12-2025
1149,3142,North,Furniture,4274.46,4,1362.24,17-06-2024
1150,2994,East,Office Supplies,3896.79,6,609.09,14-08-2025
1151,4445,South,Furniture,1392.3,9,584.29,12-03-2024
1152,2935,East,Electronics,1688.75,2,13.69,28-07-2025
1153,4591,West,Electronics,1620.36,8,1451.96,31-03-2025
1154,1899,East,Electronics,3274.26,2,1092.17,15-03-2024
1155,1359,North,Furniture,399.94,4,1240.87,19-09-2024
1156,3947,South,Furniture,2498.07,9,198.08,13-04-2025
1157,2719,East,Office Supplies,755.98,4,481.85,01-09-2025
1158,1280,North,Office Supplies,4116.72,7,-25.5,19-08-2025
1159,4266,East,Electronics,1965.25,5,1399.38,22-10-2025
1160,2887,South,Office Supplies,2685.1,2,285.91,01-06-2025
1161,4266,East,Office Supplies,243.66,8,813.22,12-09-2025
1162,1666,West,Electronics,385.5,2,58.77,17-07-2024
1163,1092,East,Furniture,3407.77,3,1164.75,03-12-2024
1164,1671,North,Office Supplies,3857.18,7,116.79,07-02-2024
1165,2969,East,Furniture,3579.17,5,1175.95,14-11-2024
1166,1060,North,Electronics,3711.39,3,483,01-10-2025
1167,3681,South,Electronics,612.64,2,782.19,19-05-2024
1168,4122,East,Office Supplies,3497.91,6,258.5,04-09-2024
1169,4474,South,Electronics,990.56,1,1300.72,20-10-2025
1170,4860,South,Electronics,580.28,8,1091.78,02-03-2025
1171,2028,East,Electronics,3810.09,5,402.27,13-07-2024
1172,2489,North,Office Supplies,4458.09,5,795.12,02-08-2024
1173,1603,South,Office Supplies,3611.88,2,19.28,06-10-2025
1174,1681,South,Office Supplies,4047.31,7,72.8,24-06-2025
1175,4900,East,Electronics,4956.33,5,707.25,01-09-2025
1176,3581,East,Furniture,760.3,8,889.02,23-01-2025
1177,2428,East,Electronics,4829.25,5,747.63,04-03-2025
1178,3885,East,Office Supplies,3045.87,9,750.99,24-11-2025
1179,4584,East,Furniture,4084.94,5,1061.89,31-05-2024
1180,3692,West,Furniture,3285.83,3,1334.09,12-04-2024
1181,3280,East,Office Supplies,2893.19,2,458.92,08-02-2025
1182,1523,North,Furniture,3547.73,5,712.79,14-10-2024
1183,3393,South,Furniture,1669.27,5,1318.14,12-05-2024
1184,4117,North,Office Supplies,4628.93,6,589.27,21-03-2025
1185,3593,North,Furniture,664.93,2,556.75,05-02-2025
1186,2968,West,Furniture,1658.35,5,1103.07,04-02-2024
1187,2101,East,Office Supplies,252.7,1,1291.41,14-08-2025
1188,2753,South,Furniture,1429.48,3,1054.04,09-12-2024
1189,2836,North,Furniture,1169.24,3,-29.79,28-04-2025
1190,4994,East,Furniture,343.19,3,590.11,06-10-2025
1191,4144,East,Furniture,2509.69,3,160.35,04-06-2025
1192,3841,West,Office Supplies,2396.32,8,339.49,22-01-2025
1193,3296,West,Electronics,480.95,1,596.88,28-06-2025
1194,3094,West,Electronics,1383.07,6,176.6,29-11-2025
1195,2144,South,Furniture,4771.28,6,677.09,11-01-2024
1196,3261,North,Office Supplies,642.61,1,893.57,03-08-2025
1197,3286,West,Office Supplies,1594.59,1,1287.33,17-05-2024
1198,2079,West,Furniture,275.73,3,159.48,10-05-2024
1199,3397,West,Electronics,829.55,8,327.96,02-02-2025
1200,1106,North,Furniture,3527.05,6,489.86,07-09-2024
1201,3878,North,Office Supplies,1896.91,4,181.73,26-09-2025
1202,1047,West,Office Supplies,2315.18,5,364.47,31-12-2024
1203,4644,West,Electronics,869.19,3,1301.7,24-02-2025
1204,1336,East,Office Supplies,3442.49,6,35.71,27-02-2025
1205,2049,West,Office Supplies,3782.46,6,554.37,10-06-2024
1206,3851,South,Office Supplies,987.45,6,328.64,04-04-2024
1207,2280,South,Electronics,320.47,9,-68.82,10-06-2024
1208,3055,West,Office Supplies,496.61,8,-36.59,26-12-2024
1209,1624,North,Furniture,3319.52,6,1134.3,16-08-2024
1210,2890,East,Electronics,764,2,1248.97,25-04-2024
1211,2276,North,Furniture,2520.2,4,1060.39,08-08-2024
1212,2715,West,Furniture,847.94,6,716.69,07-04-2025
1213,3766,South,Electronics,933.73,9,1113.52,11-11-2025
1214,1302,East,Furniture,121.37,2,58.43,10-11-2024
1215,1638,North,Electronics,1672.04,6,1126.34,25-11-2024
1216,1055,North,Furniture,540.01,7,519.91,18-10-2025
1217,1725,West,Electronics,2030.41,8,1075.54,12-10-2024
1218,1525,East,Office Supplies,3029.14,9,187.17,30-06-2024
1219,1473,South,Office Supplies,1900.91,5,1215.32,31-03-2025
1220,1027,West,Furniture,3554.9,9,765.8,01-10-2024
1221,3125,East,Office Supplies,3733.11,9,-187.53,06-02-2024
1222,4287,North,Electronics,3513.37,7,682.75,18-03-2025
1223,4457,West,Furniture,4689.9,2,327.48,05-02-2024
1224,1364,North,Office Supplies,1262.74,8,-102.25,08-03-2024
1225,3713,North,Office Supplies,1028.34,5,560.43,13-02-2025
1226,1525,West,Furniture,3087.59,8,329.5,25-12-2024
1227,3746,West,Office Supplies,3014.9,2,147.46,30-04-2024
1228,2335,West,Office Supplies,2599.48,7,393.51,28-10-2025
1229,1882,West,Furniture,121.33,5,105.33,17-12-2025
1230,2030,West,Office Supplies,2820.67,4,309.68,09-07-2025
1231,2026,North,Office Supplies,4670.71,6,-3.93,26-04-2025
1232,2646,South,Office Supplies,1739.43,5,-56.67,15-10-2024
1233,1918,South,Office Supplies,4841.24,6,1347.03,30-03-2024
1234,3797,West,Furniture,1848.11,9,1334.7,30-07-2024
1235,3410,North,Electronics,785.29,1,1207.61,28-07-2025
1236,2774,South,Electronics,2052.18,1,191.55,12-03-2024
1237,2531,South,Office Supplies,2523.6,6,1034.01,16-10-2024
1238,4345,South,Office Supplies,3184.38,2,802.51,01-01-2025
1239,4577,North,Electronics,2573.9,8,-112.9,27-01-2024
1240,3853,West,Office Supplies,2729.92,7,1329.3,23-02-2025
1241,3786,West,Electronics,217.93,6,1496.57,27-12-2024
1242,2906,West,Furniture,1342.74,4,1004.83,18-07-2025
1243,4086,East,Furniture,1622.41,9,193.56,30-03-2025
1244,2215,East,Furniture,4936.73,7,742.5,03-09-2025
1245,2654,East,Furniture,1548.28,7,-14.05,16-04-2025
1246,1484,North,Furniture,4493.24,5,307.92,13-08-2025
1247,3075,South,Furniture,1593.21,1,1019.34,03-01-2025
1248,1713,South,Electronics,570.94,2,311.83,21-11-2024
1249,2062,North,Office Supplies,1313.33,8,50.25,13-02-2025
1250,2976,North,Electronics,1436.86,5,-187.3,24-08-2025
1251,2296,West,Furniture,4893.42,2,773.27,17-05-2025
1252,2254,West,Office Supplies,3404.03,5,1446.74,25-01-2024
1253,3133,East,Office Supplies,4665.24,8,623.03,09-06-2024
1254,4545,East,Furniture,4191.48,4,161.44,13-07-2024
1255,1125,North,Furniture,2935.13,3,587.58,13-12-2025
1256,3859,East,Furniture,3409.4,5,823.54,24-02-2025
1257,1536,South,Furniture,3161.7,7,1162.33,08-11-2025
1258,3192,North,Furniture,3364.69,2,569.55,13-01-2024
1259,4596,North,Furniture,1397.39,1,94.02,10-02-2025
1260,4283,South,Office Supplies,2099.81,5,119.62,20-12-2024
1261,3072,West,Furniture,3003.82,7,1329.53,02-09-2024
1262,2603,West,Furniture,276.05,8,201.61,28-03-2024
1263,4465,South,Office Supplies,2465.89,8,1037.63,14-03-2025
1264,1066,South,Electronics,4312.66,9,257.21,24-02-2025
1265,1232,East,Furniture,2512.6,1,1024.96,13-10-2025
1266,3156,North,Office Supplies,2806.38,7,-66.78,12-09-2024
1267,2169,East,Office Supplies,1089.34,8,152.57,02-10-2024
1268,3158,South,Electronics,3992.28,6,494.79,19-10-2025
1269,3275,East,Furniture,1858.5,4,676.04,07-01-2024
1270,1110,South,Furniture,4787.28,7,400.02,14-05-2025
1271,2493,East,Furniture,4969.2,3,774.98,02-09-2024
1272,3081,East,Office Supplies,4588.4,2,353.13,11-12-2024
1273,1622,West,Furniture,515.9,6,953.35,22-07-2024
1274,4847,South,Furniture,1732.6,2,669.05,26-04-2025
1275,4440,East,Furniture,4731.17,6,998.69,24-04-2025
1276,3795,North,Furniture,4042.21,3,532.66,03-04-2024
1277,3642,East,Electronics,4564.8,2,1290.05,05-11-2024
1278,4625,East,Electronics,2905.51,8,449.63,03-06-2025
1279,3472,North,Electronics,2453.95,4,323.83,05-03-2025
1280,3660,South,Furniture,621.83,4,747.04,18-06-2024
1281,2541,West,Furniture,4213.41,7,665.59,28-04-2024
1282,3739,West,Office Supplies,3751.19,8,680.77,01-10-2025
1283,2305,West,Office Supplies,388.5,9,1153.42,03-03-2024
1284,4391,North,Office Supplies,1126.13,8,800.61,26-04-2024
1285,2761,East,Furniture,2830.66,4,1304.95,18-04-2024
1286,4514,South,Electronics,3453.57,2,852.46,07-05-2025
1287,2975,East,Electronics,774.58,5,-163.11,17-12-2025
1288,3362,West,Electronics,1299.64,7,1279.67,22-08-2025
1289,1876,East,Furniture,1046.24,2,1227.63,20-02-2025
1290,2989,North,Electronics,1177.99,4,-116.96,20-11-2024
1291,4812,North,Office Supplies,4611.49,6,12.98,27-08-2024
1292,4448,South,Office Supplies,3607.52,8,745.81,10-12-2025
1293,2312,South,Electronics,3711.82,6,-127.15,30-05-2025
1294,2460,West,Office Supplies,3990.58,6,498.99,09-09-2025
1295,3709,South,Electronics,1847.21,6,1458.11,10-09-2025
1296,3324,East,Electronics,3859.2,4,93.72,08-09-2024
1297,2733,North,Office Supplies,4894.23,3,150.36,04-07-2024
1298,2605,North,Office Supplies,3522.13,1,949.79,16-02-2025
1299,2526,North,Office Supplies,2142.09,2,-125.24,18-05-2025
1300,3671,South,Office Supplies,3610.16,2,1195.17,16-06-2025
1301,3563,North,Electronics,4513.89,7,138.35,02-06-2024
1302,4421,North,Office Supplies,730.93,6,703.64,11-08-2024
1303,3890,North,Office Supplies,1399.94,8,222.9,20-08-2025
1304,4517,West,Furniture,4604.55,9,920.1,06-07-2025
1305,4901,West,Office Supplies,4736.54,5,798.27,21-02-2025
1306,3397,South,Office Supplies,2472.28,3,1408.95,29-04-2025
1307,2630,North,Electronics,1935.3,4,557.52,14-11-2025
1308,4735,South,Electronics,1485.63,8,1287.29,02-11-2025
1309,3870,North,Furniture,2543.88,3,778.9,08-06-2024
1310,2160,North,Office Supplies,4679.2,2,1354.59,20-02-2024
1311,1758,North,Office Supplies,834.07,7,296.1,21-09-2025
1312,3946,South,Office Supplies,2157.17,4,734.59,06-10-2024
1313,1242,South,Office Supplies,4566.88,8,463.05,20-06-2024
1314,3590,North,Office Supplies,1810.68,1,-87.97,27-11-2024
1315,2063,East,Office Supplies,3863.6,8,776.25,18-08-2025
1316,1228,South,Furniture,2007.37,5,1150.19,19-10-2024
1317,3595,West,Office Supplies,4044.14,2,745.55,06-03-2024
1318,1919,South,Office Supplies,4906.91,1,274.88,26-09-2024
1319,2246,North,Office Supplies,2000.33,6,248.51,09-12-2024
1320,1005,East,Furniture,4240.98,9,204.33,27-09-2024
1321,4393,North,Office Supplies,4943.24,9,1465.37,01-03-2024
1322,1467,West,Furniture,4920.77,9,478.67,19-11-2025
1323,2755,South,Electronics,2225.48,4,338.68,20-09-2025
1324,1074,South,Office Supplies,2480.23,6,511.4,15-05-2024
1325,1003,North,Furniture,1586.67,6,-3.14,15-09-2024
1326,2870,North,Electronics,1638.69,5,133.23,12-09-2024
1327,1645,West,Furniture,2513.11,2,665.13,26-11-2024
1328,1117,East,Furniture,1082.54,7,1158.04,27-01-2025
1329,3928,West,Electronics,3584.5,1,1289.93,27-06-2025
1330,2629,East,Office Supplies,2727.91,6,1272.17,10-09-2024
1331,3551,South,Office Supplies,4500.53,5,1406.08,23-09-2024
1332,3021,East,Furniture,4071.85,5,13.81,07-01-2024
1333,1946,East,Electronics,1680.11,8,-130.35,14-03-2025
1334,3621,South,Office Supplies,2578.44,9,-20.26,04-07-2025
1335,2464,South,Furniture,3777.52,7,821.26,04-01-2024
1336,1193,South,Electronics,1046.68,8,745.4,25-06-2025
1337,1846,West,Furniture,254.83,2,941.06,08-11-2025
1338,3762,South,Electronics,4276.29,2,430.85,02-11-2024
1339,2415,North,Office Supplies,774,8,465.7,06-04-2025
1340,4097,South,Office Supplies,4458.12,6,727.48,01-07-2025
1341,2458,South,Furniture,4576.68,8,-65.6,16-12-2024
1342,3220,South,Office Supplies,2357.43,9,1159.78,13-05-2025
1343,4371,East,Office Supplies,4053.23,9,1368.85,29-07-2024
1344,2668,West,Electronics,1879.64,6,458.49,22-04-2024
1345,3373,South,Office Supplies,4305.5,8,1057.27,26-04-2024
1346,2433,West,Electronics,4140.94,2,733.02,11-11-2024
1347,2141,North,Electronics,484.74,8,201.21,16-07-2025
1348,3883,North,Furniture,2954.75,3,-84.74,08-03-2025
1349,2810,South,Electronics,3235.99,1,218.03,15-01-2024
1350,1723,North,Office Supplies,104.2,7,828.34,19-07-2024
1351,1224,West,Electronics,4901.6,1,-131.61,12-12-2024
1352,1531,East,Electronics,2092.18,1,1221.52,03-05-2024
1353,1112,South,Furniture,2634.98,1,1449.52,04-06-2024
1354,3187,North,Office Supplies,1054.54,4,-58.05,12-02-2025
1355,1558,West,Office Supplies,3093.5,4,219.39,26-07-2024
1356,3048,West,Office Supplies,4072.04,6,948.58,10-04-2025
1357,3137,North,Electronics,2970.87,3,1170.34,12-06-2024
1358,1653,West,Office Supplies,3961.37,6,388.19,03-10-2024
1359,1319,West,Office Supplies,3682.43,7,675.91,05-12-2025
1360,2573,South,Electronics,1264.52,1,1315.99,28-01-2025
1361,2828,West,Furniture,2235.48,6,453.48,19-02-2024
1362,2917,North,Furniture,828.27,1,-61.38,25-12-2025
1363,1138,South,Electronics,305.49,7,1491.32,24-08-2025
1364,4582,North,Furniture,409.04,5,106.48,23-05-2024
1365,4939,East,Furniture,4718.25,4,-117.07,14-06-2024
1366,3892,North,Furniture,4924.23,1,498.11,07-03-2024
1367,3026,North,Office Supplies,565.39,9,6.49,20-01-2024
1368,3306,South,Furniture,1742.45,7,1463.85,14-09-2025
1369,4744,West,Office Supplies,660.66,2,447.35,09-03-2024
1370,1901,North,Furniture,4187.72,4,1203.88,29-03-2025
1371,1689,South,Office Supplies,2531.86,4,100.23,25-01-2024
1372,3039,East,Electronics,3144.18,8,35.99,05-11-2024
1373,1009,South,Electronics,2745.56,2,903.8,12-01-2024
1374,1260,South,Furniture,3580.24,5,1345.83,30-07-2025
1375,2942,West,Office Supplies,1663.75,8,-5.29,24-11-2025
1376,2673,North,Electronics,773.72,6,801.73,21-08-2024
1377,3219,East,Electronics,186.34,4,-55.6,12-05-2024
1378,3945,South,Electronics,2283.9,5,1180.68,28-11-2025
1379,3060,North,Electronics,4548.39,2,1345.82,13-08-2025
1380,2191,North,Furniture,1595.81,5,868.95,05-10-2025
1381,4713,South,Office Supplies,1060.19,3,970.18,01-10-2024
1382,2619,North,Electronics,4637.61,3,-105.76,12-12-2025
1383,1320,South,Furniture,616.7,7,-75.94,04-09-2025
1384,2342,South,Electronics,353.83,3,105.44,31-05-2024
1385,2636,South,Electronics,4409.12,4,265.51,27-03-2025
1386,3376,East,Electronics,3534.46,7,1091.76,03-08-2024
1387,3832,South,Electronics,2168.14,3,540.23,20-10-2025
1388,3824,West,Furniture,3786.49,2,-66.98,05-11-2024
1389,2994,North,Office Supplies,3733.06,7,1249.5,20-08-2024
1390,3958,East,Furniture,296.3,5,1489.51,07-05-2025
1391,2943,North,Furniture,3413.61,1,573.54,28-05-2024
1392,4621,East,Furniture,3240.27,8,670,02-12-2024
1393,3038,West,Electronics,4822.52,3,-66.53,31-03-2025
1394,4490,East,Office Supplies,4836.45,7,451.13,23-04-2025
1395,4677,East,Electronics,1951.22,6,432.07,21-05-2025
1396,2118,East,Furniture,2990.23,6,1441.85,01-10-2024
1397,4888,North,Electronics,792.65,8,922.73,29-06-2024
1398,2604,South,Office Supplies,425.64,4,1129.71,09-03-2025
1399,3365,North,Office Supplies,2220.62,4,18.16,30-05-2024
1400,1235,South,Electronics,3480.42,3,508.78,15-04-2025
1401,2969,North,Furniture,2882.03,1,125.64,22-07-2024
1402,1333,West,Electronics,2205.32,3,1262.32,14-08-2025
1403,2908,West,Furniture,4108.75,1,59.03,08-04-2025
1404,1375,East,Office Supplies,3992.69,6,546.08,22-11-2024
1405,4530,West,Electronics,3686.52,8,-108.79,28-05-2024
1406,2160,East,Office Supplies,477.46,3,878.3,03-10-2024
1407,3635,South,Furniture,4002.7,4,619.27,04-02-2024
1408,2570,West,Furniture,4605.16,5,646.54,03-08-2024
1409,3560,South,Electronics,391.27,7,-27.25,01-01-2024
1410,2319,North,Electronics,2068.19,6,673.77,18-12-2025
1411,4391,South,Electronics,4942.94,2,758.43,12-04-2025
1412,3965,North,Office Supplies,3036.27,7,1436.83,26-08-2025
1413,4643,South,Furniture,2616.53,8,-143.52,10-04-2025
1414,2855,South,Furniture,969.49,1,1368.61,26-03-2025
1415,2372,West,Office Supplies,2870.88,6,615.26,25-08-2025
1416,4911,South,Electronics,2251.31,9,157.19,10-03-2024
1417,4850,West,Electronics,724.47,7,931.43,05-10-2025
1418,1872,West,Office Supplies,2375.23,5,678.99,13-09-2024
1419,2252,East,Furniture,905.56,9,185.48,01-04-2024
1420,3317,East,Furniture,3680.25,2,865.61,16-08-2025
1421,2851,North,Furniture,4870.88,7,604.55,06-01-2025
1422,3845,South,Furniture,2400.93,9,971.32,08-04-2024
1423,2314,North,Office Supplies,3198.6,2,971.43,24-05-2025
1424,1724,South,Furniture,2211.78,6,603.79,18-07-2025
1425,4236,East,Office Supplies,778.42,9,464.35,14-08-2025
1426,3052,East,Electronics,4855.72,3,-92.48,21-05-2025
1427,3898,South,Office Supplies,734.94,8,639.54,08-12-2024
1428,4450,South,Furniture,646.97,5,213.3,02-09-2024
1429,1077,East,Electronics,2349.95,7,-109.48,16-04-2025
1430,4481,East,Office Supplies,3328.55,3,361.65,05-10-2024
1431,3621,North,Office Supplies,1839.12,8,-51.3,24-05-2025
1432,1131,East,Office Supplies,1043.33,2,785.56,06-03-2025
1433,1600,South,Electronics,4112.92,8,656.24,17-03-2025
1434,2772,North,Office Supplies,1879.21,2,1147.13,17-09-2024
1435,2065,South,Furniture,1052.17,7,254.98,11-09-2024
1436,3136,West,Electronics,1888.92,2,431.6,05-04-2025
1437,3449,North,Electronics,1151.32,7,971.22,17-08-2025
1438,3343,South,Office Supplies,2645.29,1,1488.01,21-09-2024
1439,2863,East,Furniture,3374.62,6,1337.09,29-05-2025
1440,2318,West,Electronics,4017.83,7,685.4,20-03-2025
1441,1615,South,Office Supplies,1215.05,4,952.51,10-08-2024
1442,4597,North,Furniture,918.07,1,704.27,10-07-2024
1443,3847,South,Office Supplies,196.06,6,539.17,11-07-2025
1444,4762,West,Office Supplies,1217.63,4,823.91,15-03-2025
1445,4708,North,Electronics,217.14,3,457.05,25-09-2024
1446,3469,West,Electronics,1792.82,4,276.32,10-02-2024
1447,2888,South,Office Supplies,813.9,6,999.65,12-10-2025
1448,2046,East,Electronics,2941.49,5,1282.35,10-02-2024
1449,1574,East,Electronics,1980.26,2,289.64,26-11-2024
1450,3190,South,Furniture,558.57,2,1001.72,23-06-2024
1451,1992,South,Furniture,2059.35,3,537.83,08-03-2025
1452,3712,South,Office Supplies,1125.81,6,313.54,24-03-2025
1453,3192,North,Office Supplies,3432.87,1,855.89,18-11-2024
1454,2248,West,Office Supplies,1885.74,7,1397,06-10-2024
1455,4054,West,Office Supplies,820.45,8,397.88,03-04-2024
1456,1502,West,Furniture,1813.05,7,1091.11,05-12-2024
1457,2997,South,Electronics,1199.45,3,334.99,23-02-2025
1458,1820,West,Furniture,3999.32,6,1166.58,23-07-2024
1459,4687,South,Office Supplies,4918.5,4,1091.97,21-07-2025
1460,3151,North,Office Supplies,224.91,5,1101.58,16-09-2024
1461,4110,East,Furniture,3481.1,3,1496.1,10-11-2025
1462,2970,South,Furniture,1393.39,5,38.88,13-11-2025
1463,1197,South,Office Supplies,425.4,6,461.03,25-01-2025
1464,2669,East,Electronics,170.32,8,872.38,10-10-2025
1465,3626,East,Office Supplies,4416.95,6,803.81,04-10-2024
1466,3438,North,Furniture,1832.67,9,1127.08,25-04-2025
1467,2202,West,Office Supplies,4973.27,4,-120.25,26-03-2025
1468,3601,South,Office Supplies,2267.65,2,998.59,17-10-2024
1469,2471,West,Electronics,1019.23,9,1054.13,08-10-2025
1470,4571,South,Office Supplies,3908,3,-96.13,14-04-2024
1471,4086,North,Office Supplies,4639.81,7,715.76,11-01-2025
1472,2646,East,Office Supplies,4096.54,4,216.49,08-07-2024
1473,2692,North,Furniture,3751.48,1,1162.77,13-07-2024
1474,2312,East,Furniture,1740.03,8,-115.66,29-07-2025
1475,3035,West,Electronics,416,4,48.48,11-01-2025
1476,1477,West,Office Supplies,1086.37,6,-22.43,13-11-2025
1477,2254,North,Furniture,2289.37,7,-89.13,18-01-2024
1478,1922,East,Electronics,4785.38,8,820.13,15-09-2024
1479,1419,North,Office Supplies,3641.99,2,1276.53,06-01-2025
1480,3204,East,Electronics,4158.59,9,668.65,02-12-2025
1481,3597,East,Electronics,1458.74,3,157.99,15-08-2025
1482,4512,West,Electronics,3450.73,1,384.45,29-02-2024
1483,2120,West,Electronics,4325.95,2,412.62,14-04-2024
1484,4068,East,Electronics,2449.12,8,567.78,01-03-2025
1485,4044,East,Electronics,2206.47,6,514.92,17-09-2024
1486,4482,East,Electronics,3625.08,1,940.96,15-02-2024
1487,1950,West,Office Supplies,2843.57,9,377.85,05-10-2025
1488,3336,West,Office Supplies,4966.54,7,927.04,09-06-2025
1489,2277,South,Electronics,2183,3,729.51,21-04-2025
1490,3243,East,Office Supplies,962.12,7,-117.53,23-09-2024
1491,3645,South,Electronics,2412.48,6,1363.44,17-06-2025
1492,2857,East,Office Supplies,1252.5,3,102.53,15-04-2024
1493,4593,West,Furniture,2850.14,8,567.6,31-05-2025
1494,1516,South,Electronics,716.41,1,1410.92,23-11-2025
1495,2658,South,Furniture,4754.88,5,220.47,30-01-2025
1496,2865,North,Electronics,4313.13,8,-162.32,28-05-2024
1497,3912,East,Electronics,862.27,3,633.08,06-10-2024
1498,2141,West,Furniture,944.73,6,180.68,08-06-2025
1499,3853,North,Furniture,2610.95,2,789.45,26-01-2024
1500,2932,North,Furniture,3887.12,9,1189.08,05-07-2025
1501,4230,East,Electronics,1173.49,2,669.07,08-10-2024
1502,1814,North,Furniture,398.76,5,896.55,28-04-2025
1503,3275,East,Furniture,2773.12,3,932.46,04-03-2024
1504,2900,North,Office Supplies,3488.83,9,1194.91,20-04-2024
1505,3263,East,Office Supplies,1297.39,9,969.48,28-03-2024
1506,3995,West,Furniture,3724.86,7,1459.49,27-09-2025
1507,4767,East,Furniture,4758.15,5,575.56,25-02-2025
1508,3062,East,Furniture,771.66,9,-114.56,19-10-2025
1509,4228,South,Furniture,2604.04,7,469.85,26-12-2025
1510,4719,West,Office Supplies,378.53,2,1227.79,15-03-2025
1511,4332,West,Electronics,1112.64,1,26.22,07-05-2024
1512,4228,West,Furniture,540.11,4,1051.1,20-10-2024
1513,3094,North,Furniture,2079.63,8,710.62,28-05-2024
1514,3371,South,Office Supplies,4122.08,6,1331.13,22-11-2024
1515,3891,West,Furniture,2927.94,2,1043.02,19-05-2024
1516,4756,North,Furniture,1190.67,5,922.89,01-05-2024
1517,1129,North,Office Supplies,296.54,9,1307.69,06-06-2025
1518,4482,North,Furniture,2811.65,6,1343.97,18-01-2025
1519,1094,South,Furniture,750.7,6,454.36,09-10-2024
1520,3674,North,Office Supplies,1779.4,7,1377.34,22-03-2025
1521,3802,South,Electronics,2599.94,5,-107.01,12-07-2024
1522,2955,East,Furniture,4528.29,3,1096.36,07-12-2025
1523,4363,North,Furniture,500.93,3,372.1,15-08-2025
1524,1793,West,Electronics,3376.18,5,628.57,10-09-2025
1525,2834,North,Office Supplies,169,4,1220.77,24-07-2024
1526,4354,East,Electronics,3186.55,5,882.97,21-12-2025
1527,3116,East,Furniture,2802.51,9,577.73,30-09-2025
1528,2683,North,Electronics,4078.15,5,78.69,29-06-2025
1529,1010,East,Office Supplies,2705.15,4,1396.75,04-03-2024
1530,4325,South,Furniture,1827.82,4,365.21,17-01-2024
1531,2865,South,Office Supplies,1289.48,1,-28.03,10-03-2025
1532,3919,North,Office Supplies,517.72,4,759.05,14-04-2024
1533,3597,South,Electronics,2719.6,4,490.68,15-03-2025
1534,4205,South,Electronics,4452.78,9,803.87,11-09-2025
1535,1711,West,Office Supplies,2622.25,4,197,18-11-2025
1536,3070,North,Office Supplies,3721.6,7,443.84,15-08-2024
1537,1814,East,Furniture,1562.33,1,1453.26,02-12-2025
1538,1345,North,Office Supplies,2295.84,7,1392.11,29-01-2025
1539,3349,South,Office Supplies,1690.56,2,1269.45,31-07-2024
1540,1362,West,Electronics,635.4,8,1124.51,04-11-2025
1541,3443,North,Office Supplies,2143.24,1,66.15,24-10-2024
1542,3265,North,Office Supplies,3845.01,3,593.78,28-02-2025
1543,3188,South,Electronics,2035.38,8,1037.43,02-12-2025
1544,4687,South,Furniture,3285.88,8,245,04-02-2025
1545,4005,North,Electronics,3817.22,5,-143.77,07-06-2025
1546,4281,South,Electronics,1681.41,5,510.77,02-08-2025
1547,1984,South,Office Supplies,4007.82,8,522.74,06-07-2025
1548,4040,South,Office Supplies,1760.74,5,-89.33,01-02-2025
1549,4694,South,Furniture,1354.92,9,345.05,16-09-2024
1550,2639,South,Office Supplies,1189.99,1,1359.41,05-05-2024
1551,1827,West,Furniture,1079.53,5,225.5,13-08-2024
1552,3730,South,Furniture,3711.91,3,767.57,22-12-2025
1553,4531,East,Furniture,4448.8,3,629.4,28-11-2024
1554,4051,North,Furniture,1230.18,2,1265.61,25-11-2024
1555,1355,West,Office Supplies,517.68,3,911.04,21-09-2024
1556,4055,West,Electronics,1637.46,7,69.33,19-06-2024
1557,2347,South,Electronics,3323.45,8,42.88,01-01-2024
1558,4204,North,Office Supplies,1905.75,8,747.73,21-12-2025
1559,3935,East,Office Supplies,2790.97,8,-121.01,28-08-2024
1560,4876,South,Furniture,3747.09,1,469,06-08-2025
1561,2863,North,Office Supplies,2101.54,7,478.32,23-08-2025
1562,1126,South,Electronics,4998.5,2,133.77,20-01-2024
1563,4177,South,Office Supplies,1559.95,4,311.72,10-11-2024
1564,4056,South,Office Supplies,4893.42,5,360.91,17-04-2025
1565,1603,South,Furniture,1094.85,1,-180.01,20-05-2024
1566,4870,South,Furniture,643.57,4,1170.02,28-11-2024
1567,4449,South,Furniture,3779.07,4,1427.66,17-11-2025
1568,2928,South,Furniture,3541.32,9,291.75,19-02-2024
1569,2013,East,Electronics,4074.73,9,-9.62,28-08-2025
1570,1050,West,Office Supplies,1783.59,1,1421.04,05-04-2025
1571,4100,East,Office Supplies,4660.96,8,1058.94,10-11-2025
1572,4533,South,Furniture,685.46,4,1314.94,25-01-2025
1573,4367,South,Electronics,248.36,4,413.49,24-02-2024
1574,4368,East,Electronics,1572.76,5,622.91,20-02-2024
1575,4797,East,Office Supplies,4006.89,2,1381.41,04-05-2025
1576,3826,West,Furniture,3397.61,1,581.24,27-11-2024
1577,2430,East,Office Supplies,2237.42,5,942.56,26-09-2024
1578,2792,West,Office Supplies,1355.64,7,998.16,27-12-2024
1579,3861,South,Electronics,390.44,9,1223.09,24-05-2024
1580,2636,North,Electronics,1753.78,2,1457.8,11-08-2025
1581,4476,North,Office Supplies,2354.1,8,369.33,08-05-2024
1582,4417,North,Furniture,3466.42,7,220.67,09-01-2025
1583,2645,North,Furniture,3265.26,2,-67.9,19-05-2025
1584,3467,South,Office Supplies,4741.99,5,1256.11,14-09-2025
1585,2205,North,Office Supplies,591.94,7,297.56,01-01-2024
1586,4030,East,Furniture,1748.07,3,-115.66,01-01-2025
1587,3872,East,Furniture,2459.73,2,1270.96,21-06-2025
1588,4072,North,Furniture,3386.41,6,666.85,19-09-2025
1589,2854,East,Office Supplies,2527.71,6,1225.13,09-05-2025
1590,1566,West,Electronics,4572.52,4,742.62,22-06-2024
1591,3418,South,Furniture,3082.49,1,333.34,08-06-2025
1592,1935,North,Furniture,294.36,5,20.63,03-02-2024
1593,2934,North,Furniture,656.91,1,543.17,13-11-2024
1594,3708,South,Office Supplies,3792.13,8,-154.87,07-08-2025
1595,4502,East,Electronics,3607.36,2,824.18,16-07-2025
1596,4016,South,Electronics,852.14,9,527.03,29-07-2024
1597,2332,South,Furniture,388.65,9,40.59,27-12-2025
1598,4208,East,Office Supplies,2935.72,3,701.4,06-07-2025
1599,1201,South,Electronics,3215.12,6,1161.55,06-11-2024
1600,4507,East,Office Supplies,762.97,9,1457.16,03-04-2024
1601,3360,East,Electronics,2420.73,7,696.51,07-07-2024
1602,1116,South,Furniture,1598.57,4,20.24,08-10-2025
1603,4737,West,Office Supplies,4663.4,3,1178.2,18-12-2025
1604,1936,East,Furniture,1174.08,2,982.84,28-05-2025
1605,4874,South,Electronics,3692.98,1,1421.75,22-07-2024
1606,1574,East,Electronics,2638.86,1,709.86,05-05-2025
1607,3291,West,Furniture,156.45,4,407.08,29-10-2025
1608,1536,West,Electronics,2633.29,4,1436.83,23-02-2024
1609,2625,North,Furniture,587.41,9,715.36,20-04-2025
1610,3122,East,Furniture,3329.4,1,-172.96,03-04-2024
1611,4877,East,Furniture,2871.07,4,605.24,09-11-2024
1612,1385,South,Electronics,151.09,3,-195.96,26-07-2025
1613,4974,East,Office Supplies,1102.99,9,1054.1,25-12-2024
1614,4281,North,Furniture,3903.5,5,762.11,16-06-2024
1615,1474,West,Office Supplies,1451.29,9,-13.34,01-02-2025
1616,1417,West,Electronics,2546.49,6,1182.12,20-06-2025
1617,3394,North,Electronics,1628.79,9,711.94,28-01-2025
1618,4600,East,Office Supplies,4615.48,1,-6.1,21-12-2024
1619,3687,East,Furniture,2729.23,4,72.02,17-02-2024
1620,1938,North,Electronics,3511.25,4,1197.58,07-03-2025
1621,1954,South,Furniture,509.03,6,404.33,01-12-2025
1622,1875,West,Furniture,297.65,1,1195.86,22-02-2024
1623,1762,North,Office Supplies,1370.22,5,-81.84,28-08-2024
1624,2202,North,Electronics,1614.76,3,214.56,29-01-2025
1625,2205,East,Office Supplies,3469.63,1,1099.79,27-01-2024
1626,1663,West,Electronics,2888.74,6,890.89,28-02-2024
1627,1024,East,Office Supplies,1935.44,3,321.6,04-07-2024
1628,2990,North,Electronics,3305.18,4,1391.24,20-05-2024
1629,2203,South,Electronics,901.47,9,158.81,26-02-2024
1630,1709,West,Electronics,411.1,2,1244.63,07-12-2025
1631,4572,North,Furniture,4287.07,1,982.76,25-03-2025
1632,2879,North,Furniture,2863.34,6,5.9,15-04-2024
1633,2184,South,Office Supplies,3280.57,1,743.7,06-10-2024
1634,3224,North,Office Supplies,1605.49,1,1380.84,12-04-2025
1635,1284,North,Electronics,1922.58,7,852.12,08-03-2025
1636,1062,West,Electronics,503.6,2,698.97,10-11-2025
1637,2002,West,Furniture,4299.24,4,422.75,05-12-2024
1638,1661,West,Furniture,3002.95,4,1140.94,26-12-2025
1639,3713,East,Furniture,509.78,2,1352.2,28-05-2025
1640,3203,South,Office Supplies,4042.2,6,1080.64,02-02-2025
1641,4953,West,Furniture,2276.17,2,1032.92,30-06-2024
1642,2492,East,Office Supplies,3849,8,127.23,28-10-2024
1643,4120,East,Furniture,161.84,4,1217.78,01-07-2024
1644,1966,South,Furniture,240.82,1,-130.82,24-05-2025
1645,1848,South,Electronics,936.84,7,1087.51,04-04-2024
1646,2107,North,Office Supplies,1133.49,6,158.48,17-02-2025
1647,4432,East,Furniture,3843.38,6,628.34,04-06-2024
1648,1688,West,Electronics,3562.8,3,981.9,22-11-2025
1649,1147,South,Office Supplies,3118.83,7,1090.43,06-04-2024
1650,4701,East,Office Supplies,4435.81,6,1309.74,03-01-2025
1651,1341,West,Furniture,1311.03,9,280.41,25-08-2024
1652,3523,East,Office Supplies,4531.58,3,181.34,13-01-2024
1653,2086,South,Electronics,4556.41,3,1493.62,27-10-2024
1654,2724,North,Electronics,2227.87,4,152.85,30-06-2024
1655,2383,East,Office Supplies,562.49,3,931.32,03-06-2024
1656,3608,West,Electronics,3660.14,4,1419.67,25-01-2025
1657,1326,South,Office Supplies,1750.95,6,1324.15,25-06-2024
1658,2792,North,Electronics,3995.15,1,553.55,05-08-2025
1659,2759,West,Office Supplies,902.08,2,883.89,18-08-2025
1660,4212,West,Office Supplies,2743.62,6,699.46,01-12-2025
1661,1989,West,Office Supplies,2589.56,6,389.31,26-08-2025
1662,3262,East,Electronics,591.54,1,45.52,09-03-2024
1663,3482,South,Office Supplies,1880.33,6,1165.77,03-11-2024
1664,4962,West,Office Supplies,515.3,9,-46.25,06-11-2025
1665,1951,East,Furniture,2377.23,8,836.37,21-11-2025
1666,1722,South,Furniture,4230.23,5,810.43,28-06-2025
1667,4389,South,Office Supplies,1424,4,369.2,22-02-2024
1668,3079,East,Furniture,3847.82,6,30.19,03-08-2024
1669,3717,East,Office Supplies,998.79,5,1159.38,14-12-2025
1670,3332,West,Furniture,3401.3,6,585.27,07-02-2024
1671,4376,South,Electronics,4586.13,3,1032.96,03-03-2025
1672,1428,North,Electronics,1687.25,7,-171.97,17-09-2024
1673,2500,East,Office Supplies,4512.02,8,-73.34,08-01-2025
1674,1285,South,Office Supplies,2576.56,5,98.94,31-01-2024
1675,4215,South,Electronics,1652.35,5,-6.48,27-01-2025
1676,4495,West,Electronics,4492.89,4,125.9,28-02-2025
1677,4090,North,Furniture,256.98,5,967.03,05-01-2024
1678,3065,West,Office Supplies,237.29,8,-120.1,21-11-2025
1679,1768,North,Electronics,3039.17,5,-135.63,23-02-2024
1680,3637,North,Electronics,4004.08,9,-146.19,18-05-2025
1681,2394,East,Office Supplies,3782.58,1,986,22-05-2025
1682,4246,South,Furniture,489.4,7,711.43,28-03-2025
1683,4057,South,Furniture,4756.23,5,429.41,18-07-2024
1684,1193,South,Furniture,3545.01,4,948.53,29-09-2024
1685,3549,North,Furniture,4750.65,3,741.13,13-08-2024
1686,1987,South,Electronics,1712.58,7,-187.53,15-04-2025
1687,2136,East,Office Supplies,3500.3,2,1225.53,18-01-2024
1688,3161,North,Office Supplies,4313.7,5,395.31,20-09-2025
1689,4293,North,Electronics,1964.27,2,479.25,10-01-2024
1690,2701,North,Electronics,4827.81,7,1129.89,08-02-2024
1691,1946,North,Electronics,1398.46,6,118.05,10-02-2024
1692,1830,East,Office Supplies,1646.51,7,-182.88,11-09-2025
1693,4715,South,Office Supplies,4609.61,9,1345.03,13-02-2024
1694,2920,East,Office Supplies,4851.33,2,659.31,15-07-2024
1695,4335,South,Furniture,1497.46,9,394.2,25-10-2024
1696,3972,East,Electronics,768.31,7,1192.38,27-07-2024
1697,1054,West,Electronics,3819.37,2,-155.3,03-04-2025
1698,4942,West,Electronics,4655.36,2,143.89,18-11-2025
1699,4714,West,Office Supplies,3043.5,4,63.99,23-08-2024
1700,1799,West,Electronics,3209.14,2,1054.31,29-05-2025
1701,1777,North,Electronics,3838.42,1,330.55,25-12-2024
1702,2481,North,Furniture,850.12,6,1113.94,17-01-2025
1703,2901,East,Office Supplies,4870,5,-129.49,02-03-2025
1704,3209,East,Electronics,1885.21,3,833.8,09-12-2024
1705,4451,West,Office Supplies,3178.38,1,340.98,10-09-2024
1706,3134,South,Office Supplies,2396.22,9,117.76,01-07-2025
1707,1054,West,Office Supplies,2394.09,8,1188.5,21-05-2025
1708,4547,East,Furniture,3543.45,6,500.83,01-06-2025
1709,2823,West,Office Supplies,4973.85,6,771.77,25-11-2024
1710,2201,East,Office Supplies,3329.39,4,-143.76,02-05-2025
1711,4462,West,Office Supplies,3990.89,2,1145.76,26-04-2025
1712,4420,South,Electronics,235.32,4,287.7,16-04-2025
1713,4079,West,Furniture,4071.09,2,978.79,15-06-2025
1714,1832,South,Electronics,1569.88,7,1092.81,12-03-2025
1715,1312,South,Furniture,720.84,9,-0.9,25-02-2025
1716,3806,East,Furniture,655.34,2,303.03,10-06-2024
1717,2858,South,Office Supplies,3431.39,9,1029.85,09-03-2025
1718,3007,North,Office Supplies,4988.32,9,194.7,12-07-2025
1719,3006,North,Electronics,3364.36,8,1241.9,16-01-2024
1720,3490,North,Furniture,1385.51,1,330.36,11-09-2025
1721,2790,East,Office Supplies,1096.2,5,483.96,19-11-2025
1722,1327,North,Office Supplies,2677.19,4,-30.44,05-03-2024
1723,4125,East,Office Supplies,418.69,7,51.05,28-07-2025
1724,3808,East,Office Supplies,2056.72,8,268.22,13-03-2024
1725,4310,North,Electronics,3364.55,8,-116.85,22-07-2024
1726,4300,South,Electronics,4841.55,2,128.15,10-09-2024
1727,3626,West,Office Supplies,2185.7,3,495.2,25-07-2025
1728,4122,East,Office Supplies,1081.1,7,445.94,04-09-2025
1729,4680,North,Office Supplies,4105.08,4,137.78,12-06-2025
1730,4675,East,Office Supplies,3746.58,6,-63.23,13-07-2024
1731,4054,South,Office Supplies,4312.55,8,340.85,07-09-2024
1732,2287,South,Furniture,1152.12,8,1067.09,03-07-2025
1733,4489,North,Furniture,2083.68,7,667.17,11-10-2024
1734,4874,East,Furniture,4909.62,2,1409.57,26-06-2025
1735,3143,West,Furniture,874.41,2,37.81,27-04-2025
1736,2111,West,Office Supplies,3390.11,3,152.44,05-11-2024
1737,4149,East,Furniture,1262.2,4,276.51,29-06-2024
1738,2311,East,Furniture,2550.78,1,-177.9,14-10-2025
1739,4191,East,Electronics,4022.5,5,1403.75,01-09-2024
1740,3861,North,Furniture,2494.07,7,557.12,16-03-2025
1741,3538,South,Furniture,4046.86,5,618.8,01-10-2024
1742,4983,West,Office Supplies,2189.04,7,68.36,11-08-2024
1743,1451,North,Furniture,4996.83,5,1283.59,01-01-2025
1744,2523,East,Furniture,2235.56,8,977.47,22-06-2025
1745,1164,East,Office Supplies,831.96,7,533.31,06-09-2024
1746,1181,South,Furniture,2069.16,1,1292.55,13-01-2024
1747,3516,East,Office Supplies,3738.71,1,1339.28,03-11-2024
1748,1909,North,Furniture,4254.9,5,-115.88,01-09-2025
1749,3782,North,Electronics,2354.51,2,2.85,10-07-2024
1750,1822,South,Electronics,3012.94,9,-153.03,28-11-2025
1751,1943,North,Furniture,4239.96,2,788.94,19-01-2024
1752,3001,West,Electronics,4086.38,9,170.5,04-12-2024
1753,3054,North,Office Supplies,3322.85,2,1236.38,01-08-2025
1754,1329,North,Furniture,4093.63,4,592.05,26-01-2024
1755,1774,North,Office Supplies,2921.96,3,1224.11,06-01-2024
1756,4744,West,Electronics,122.78,6,744.53,20-05-2024
1757,3198,East,Office Supplies,302.21,4,1153.49,27-01-2024
1758,4156,North,Electronics,4901.06,9,432.15,14-04-2024
1759,1146,South,Electronics,810.46,9,1407.17,05-06-2025
1760,4695,West,Electronics,2082.13,9,934.17,05-10-2024
1761,4452,South,Office Supplies,4675.68,3,812.33,29-10-2024
1762,1914,North,Electronics,1055.69,3,399.01,12-01-2024
1763,2571,South,Furniture,4234.58,4,1393.21,29-10-2025
1764,2308,North,Electronics,4109.51,9,374.15,17-03-2024
1765,3747,West,Furniture,4933.02,6,1220.96,18-01-2024
1766,1081,South,Furniture,1480.24,9,487.32,23-07-2025
1767,1513,South,Furniture,1645.09,8,1104.21,03-10-2025
1768,2920,North,Furniture,4524.1,7,1350.19,22-06-2024
1769,3862,North,Office Supplies,1246.99,5,591.53,04-02-2025
1770,3756,East,Furniture,2784.71,9,694.43,27-03-2024
1771,2939,North,Electronics,3565.99,4,361.58,08-12-2024
1772,4594,North,Furniture,1432.23,4,-107.02,24-03-2025
1773,1745,East,Electronics,4698.22,8,909.22,23-02-2024
1774,4070,North,Office Supplies,3361.92,4,3.39,02-03-2025
1775,2409,North,Furniture,330.98,7,401.9,18-03-2024
1776,1706,East,Electronics,765.11,4,394.14,16-12-2025
1777,1470,West,Office Supplies,1034.83,1,56.71,14-03-2025
1778,4190,West,Office Supplies,1300.29,9,933.41,11-05-2025
1779,1395,North,Electronics,3680.32,4,96.82,20-06-2024
1780,2555,North,Furniture,535.78,3,1123.17,03-07-2025
1781,3308,East,Office Supplies,1817.91,3,223.77,28-11-2025
1782,1804,East,Electronics,4565.78,9,288.39,26-12-2024
1783,1933,West,Furniture,2827.67,8,384.34,23-08-2024
1784,2279,South,Office Supplies,1400.93,7,59.68,08-03-2025
1785,2757,North,Electronics,4789.58,7,538.25,16-01-2024
1786,1904,South,Office Supplies,1297.15,4,-63.45,10-05-2025
1787,4297,South,Office Supplies,4534.99,3,526.1,08-08-2025
1788,2076,East,Electronics,3656.27,4,377.85,29-07-2024
1789,3987,North,Office Supplies,3728.55,6,375.05,22-11-2024
1790,2890,North,Electronics,3848.2,4,923.15,18-09-2025
1791,2523,East,Furniture,2582.19,4,1107.34,03-09-2024
1792,4577,South,Electronics,4091.44,2,405.2,02-07-2025
1793,3901,East,Furniture,4197.35,7,245.42,17-05-2025
1794,2387,West,Office Supplies,1866.38,6,640.39,20-07-2025
1795,2303,North,Electronics,2061.69,2,1139.12,15-06-2024
1796,1592,West,Electronics,4454.91,5,895.77,16-03-2025
1797,3761,East,Electronics,2671.17,6,-135.4,19-11-2025
1798,4229,North,Electronics,4348.02,5,615.88,18-12-2024
1799,3679,West,Furniture,3171.17,4,1484.64,03-12-2025
1800,3106,West,Furniture,3008.48,9,400.32,08-04-2024
1801,4798,South,Office Supplies,251.81,3,549.22,15-09-2025
1802,1127,North,Office Supplies,1461.68,2,288.59,27-04-2024
1803,1735,West,Office Supplies,2560.08,9,646.08,04-11-2025
1804,3768,West,Office Supplies,2977.85,8,73.57,22-07-2025
1805,4953,South,Electronics,3189.13,9,219.92,18-12-2024
1806,4186,West,Furniture,3609.49,3,1009.95,27-07-2025
1807,4280,West,Furniture,3315.54,1,35.09,15-05-2025
1808,3573,West,Furniture,4258.03,1,1374.44,08-02-2024
1809,1520,South,Furniture,1547.8,3,323.53,25-11-2024
1810,3599,West,Office Supplies,3243.69,4,777.54,18-11-2024
1811,1236,West,Electronics,350.68,2,347.11,12-05-2025
1812,2304,North,Furniture,2452.93,8,612.65,29-01-2024
1813,4430,North,Electronics,1413.36,3,1336.46,26-06-2025
1814,4272,South,Electronics,1966.35,4,-83.42,11-11-2024
1815,2781,East,Electronics,1837.85,6,1255.78,04-07-2025
1816,2301,North,Electronics,396.11,6,747.88,27-05-2025
1817,4306,South,Furniture,2386.56,2,930.62,21-07-2025
1818,3541,West,Furniture,4973.68,6,-104.99,11-04-2025
1819,3051,West,Furniture,1564.79,4,1094.38,28-11-2025
1820,3713,South,Office Supplies,3707.12,5,17.22,25-08-2025
1821,1441,West,Furniture,2784.16,7,1440.2,17-07-2024
1822,3076,West,Office Supplies,1693.6,7,1158.79,13-11-2025
1823,4180,East,Office Supplies,539.07,6,637.88,30-06-2024
1824,3657,West,Office Supplies,1157.7,6,1371.08,09-05-2024
1825,4798,North,Furniture,3931.08,6,87.42,15-10-2025
1826,1804,West,Furniture,1467.2,4,1485.83,10-05-2024
1827,1074,South,Furniture,807.08,3,1018.59,15-10-2025
1828,3885,East,Office Supplies,1723.36,1,-32.76,05-01-2024
1829,4217,West,Office Supplies,2961.81,3,712.21,15-06-2024
1830,3175,South,Electronics,3546.97,3,1008.49,19-01-2025
1831,4924,North,Office Supplies,1998.09,9,842.14,23-09-2025
1832,3089,West,Office Supplies,2540.92,3,520.71,08-07-2025
1833,2379,East,Furniture,2329.09,8,221.84,01-04-2024
1834,1040,West,Electronics,144.12,8,204.99,05-07-2024
1835,3981,South,Electronics,2038.44,3,1375.82,12-08-2025
1836,3081,East,Electronics,2977.87,6,199.06,09-04-2025
1837,4088,West,Furniture,2892.73,8,1436.09,11-07-2025
1838,2700,North,Electronics,3773.86,8,157.38,02-06-2025
1839,4224,East,Electronics,3384.84,9,453.28,12-11-2025
1840,4045,North,Furniture,1456.35,9,-179.05,24-04-2024
1841,2401,South,Electronics,1352.65,8,1335.34,19-09-2024
1842,1587,West,Office Supplies,2374.29,7,-22.6,09-12-2024
1843,2622,North,Office Supplies,3691.55,3,407.46,26-08-2024
1844,4700,South,Office Supplies,559.75,7,1232.28,04-11-2024
1845,4945,West,Office Supplies,4746.8,4,1146.23,16-01-2024
1846,1341,South,Office Supplies,2761.45,2,1230.55,02-03-2024
1847,3074,North,Office Supplies,1601.4,8,1353.98,06-12-2025
1848,4896,South,Office Supplies,3497.62,2,1348.82,16-11-2024
1849,4358,East,Office Supplies,319.16,1,1109.85,02-01-2025
1850,1645,West,Office Supplies,2473.54,5,790.12,10-03-2025
1851,1730,South,Furniture,2481.25,9,754.63,18-10-2024
1852,1167,North,Furniture,893.68,5,-178.04,11-06-2024
1853,1609,West,Office Supplies,4203.2,2,1028.37,28-08-2024
1854,3315,East,Furniture,4004.38,4,185.35,20-11-2024
1855,2772,West,Furniture,848.39,8,1208.79,09-01-2025
1856,3040,East,Office Supplies,1882.75,7,741.47,08-05-2024
1857,3868,West,Office Supplies,592.1,5,1478.32,02-05-2024
1858,1454,South,Furniture,4258.18,4,157.46,10-10-2025
1859,3953,South,Office Supplies,1684.27,5,1029.89,08-04-2025
1860,2708,North,Office Supplies,2252.65,7,730.81,10-06-2025
1861,4472,East,Office Supplies,1686.97,5,1384.07,16-08-2024
1862,3969,North,Office Supplies,1619.13,8,252.19,23-05-2024
1863,4028,South,Furniture,3761.78,7,-98.96,24-06-2024
1864,4547,East,Electronics,3763.07,7,724.57,22-02-2024
1865,1701,North,Furniture,2637.16,9,686.74,30-11-2024
1866,3681,North,Electronics,3322.32,8,329.9,20-10-2025
1867,4629,North,Electronics,2607.15,8,1477.11,06-07-2025
1868,2599,North,Electronics,240.09,6,-81.49,19-10-2024
1869,1129,North,Furniture,423.43,7,768.18,27-08-2024
1870,4067,East,Furniture,1980.33,8,242.37,18-03-2025
1871,2845,North,Furniture,3773.76,5,-196.75,07-12-2025
1872,2386,East,Furniture,4574.81,2,1479.34,15-05-2024
1873,4776,North,Furniture,245.57,7,618.74,22-08-2025
1874,3866,South,Electronics,1903.35,3,1257.22,01-12-2025
1875,1692,South,Furniture,1196.53,8,1228.11,11-03-2024
1876,4363,North,Electronics,4094.51,6,1180.87,08-01-2024
1877,2394,West,Furniture,4245.24,4,580.33,08-03-2025
1878,1793,South,Furniture,1111.4,2,1323.07,01-12-2024
1879,1028,East,Office Supplies,3583.05,7,424.36,18-09-2025
1880,1148,North,Electronics,3685.6,1,494.26,22-02-2025
1881,4850,East,Furniture,967.58,7,234.7,27-10-2024
1882,2319,West,Furniture,2225.11,7,561.74,24-08-2024
1883,3058,North,Furniture,3139.66,3,1477.05,10-08-2025
1884,4583,South,Office Supplies,227.73,4,774.51,20-05-2025
1885,3723,East,Electronics,2082.5,4,1212.87,02-02-2025
1886,2136,South,Furniture,859.3,4,247.68,02-09-2025
1887,1186,South,Furniture,2755.29,9,1425.07,18-11-2024
1888,3854,North,Furniture,4230.3,6,-177.61,02-01-2024
1889,3791,East,Office Supplies,2671.29,9,1381.42,25-09-2025
1890,2250,West,Furniture,276.32,4,1326.61,03-07-2024
1891,2333,South,Electronics,245.32,7,-85.49,16-01-2024
1892,1097,North,Electronics,3066.97,9,828.24,05-10-2024
1893,1054,North,Electronics,1707.11,3,1134.91,16-12-2024
1894,3670,West,Electronics,2906.07,3,486.47,04-01-2025
1895,3711,North,Furniture,901.82,6,-43.84,06-07-2025
1896,1757,South,Office Supplies,3906.63,8,1209.98,12-01-2025
1897,1405,North,Office Supplies,4317.53,1,593.05,24-02-2024
1898,3116,East,Office Supplies,4457.21,4,247.53,26-07-2024
1899,4383,East,Furniture,1589.97,8,-79.55,11-05-2024
1900,2312,South,Office Supplies,3337.6,6,888.29,31-12-2024
1901,2785,East,Electronics,1467.31,2,-128.09,21-12-2024
1902,4619,West,Furniture,3837.51,8,1144.86,26-06-2024
1903,1750,North,Office Supplies,690.57,1,1110.28,29-08-2024
1904,4219,South,Electronics,3837.55,1,349,10-10-2024
1905,4538,West,Electronics,2254.67,7,602.89,26-09-2025
1906,2762,North,Furniture,4292.19,3,937.67,12-03-2025
1907,4315,West,Furniture,3720.76,8,1430.51,09-11-2025
1908,4562,South,Office Supplies,1944.95,9,684.26,08-06-2025
1909,4920,South,Office Supplies,4527.34,8,1494.36,11-03-2024
1910,4005,West,Office Supplies,1488.35,1,352.68,23-02-2024
1911,4578,North,Furniture,4838.24,1,695.04,13-01-2024
1912,1364,East,Office Supplies,3859.3,6,-3.45,10-01-2025
1913,3026,East,Office Supplies,4954.31,1,745.95,24-07-2025
1914,1481,West,Electronics,364.13,8,711.73,16-09-2024
1915,3248,South,Electronics,1442.78,6,1242.98,20-03-2024
1916,1153,North,Electronics,3732.19,5,1494.14,20-04-2025
1917,4521,North,Office Supplies,4619.02,6,1476.5,29-02-2024
1918,2524,South,Furniture,240.98,4,201.71,16-02-2024
1919,3120,East,Electronics,100.05,1,375.36,04-05-2025
1920,3760,North,Furniture,1355.59,7,266.92,14-12-2025
1921,3343,West,Office Supplies,4278.62,9,139.46,05-02-2024
1922,2040,East,Office Supplies,3859.05,4,55.23,14-06-2025
1923,2664,West,Electronics,1767.36,4,669.96,12-09-2024
1924,2240,East,Furniture,109.86,9,1283.25,12-10-2024
1925,1060,South,Electronics,2818.06,4,802.77,01-01-2025
1926,1938,West,Office Supplies,1265.98,4,1283.53,06-07-2025
1927,2639,West,Furniture,3753.48,8,1431.14,15-08-2024
1928,3089,South,Electronics,2287.11,4,451.34,19-06-2024
1929,1024,West,Office Supplies,3425.15,9,1220.64,11-05-2025
1930,2062,East,Electronics,4276.31,8,-111.03,01-09-2024
1931,4874,North,Furniture,2725.22,5,617.82,27-01-2025
1932,1130,North,Furniture,1746.18,9,426.1,07-06-2025
1933,4569,South,Furniture,3870.76,8,148.25,27-12-2025
1934,2252,East,Furniture,1399.42,4,545.27,13-10-2025
1935,1107,West,Furniture,4468.44,4,554.29,24-10-2024
1936,1171,West,Electronics,450,1,1174.52,01-04-2025
1937,2458,North,Electronics,4193.8,4,1277.16,12-03-2025
1938,4549,West,Electronics,548.62,8,916.82,11-12-2024
1939,1101,North,Electronics,375.07,5,876.76,22-04-2025
1940,3913,South,Office Supplies,1879.96,6,-12.69,03-07-2024
1941,3571,West,Office Supplies,4787.09,4,777.95,24-12-2025
1942,3322,East,Electronics,4919.08,5,266.56,28-09-2024
1943,2636,West,Office Supplies,1090.15,8,301.1,05-04-2025
1944,4115,North,Office Supplies,828.32,9,-38.88,08-04-2024
1945,3864,South,Furniture,1829.47,3,880.98,09-03-2025
1946,4004,North,Electronics,1751.73,4,792.47,05-10-2025
1947,2040,West,Office Supplies,3822.01,1,174.46,18-09-2025
1948,1329,North,Office Supplies,2275.6,5,247.16,17-04-2025
1949,4640,North,Electronics,3921.43,4,1114.1,25-09-2024
1950,4894,South,Furniture,3768.69,6,1147.99,25-07-2025
1951,2520,East,Electronics,2933.72,6,638.24,12-09-2025
1952,4886,West,Furniture,4184.21,6,53.3,30-01-2025
1953,1011,South,Office Supplies,1058.67,3,-105.49,11-02-2025
1954,2341,East,Furniture,892.87,7,261.5,21-01-2025
1955,4663,North,Furniture,3778.19,3,1043.02,17-06-2025
1956,1215,East,Electronics,1299.51,6,821.39,06-12-2024
1957,1338,North,Office Supplies,113.69,1,1020.78,22-06-2025
1958,2799,North,Electronics,4568.6,8,601.97,01-08-2024
1959,3708,South,Electronics,3152.39,7,1083,31-01-2025
1960,4152,North,Office Supplies,2280.19,9,617.37,13-02-2024
1961,2750,South,Electronics,3656.11,3,-57.17,14-08-2025
1962,2508,East,Electronics,1733.33,8,-64.24,31-12-2024
1963,3421,East,Furniture,4772.96,2,1213.55,22-06-2024
1964,4023,North,Electronics,436.24,9,870.36,29-09-2024
1965,1709,South,Office Supplies,3240.65,1,274.52,03-07-2025
1966,2223,North,Electronics,3908.72,7,1087.2,24-07-2025
1967,4608,South,Furniture,2398.72,1,30.75,04-05-2025
1968,3513,South,Electronics,3799.34,6,896.91,30-06-2024
1969,2112,South,Electronics,4641.86,1,1482.13,08-09-2025
1970,2291,East,Electronics,3745.57,4,55.03,05-04-2024
1971,4726,South,Furniture,1615.9,7,41.31,24-08-2025
1972,4642,East,Office Supplies,2853.05,2,595.32,11-03-2024
1973,4993,South,Office Supplies,4566.86,3,892.52,03-09-2025
1974,1488,East,Furniture,2300.58,4,-154.87,06-11-2024
1975,4948,West,Furniture,3440.32,6,649.44,22-11-2024
1976,2561,East,Electronics,2381.02,9,-58.61,13-11-2025
1977,1046,East,Office Supplies,694.59,4,210.25,12-12-2024
1978,4359,North,Furniture,387.13,6,1011.08,14-06-2024
1979,1777,South,Office Supplies,4766.14,7,1056.07,03-08-2024
1980,2039,West,Electronics,3101.45,4,1040.55,09-12-2024
1981,1710,North,Furniture,608.69,6,-89.25,01-03-2024
1982,1400,South,Office Supplies,4301.45,3,1137.5,04-07-2024
1983,4990,West,Office Supplies,2661.2,5,534.75,29-12-2024
1984,2817,West,Electronics,3882.47,4,608.03,30-06-2024
1985,4028,West,Furniture,721.11,7,513.47,03-02-2024
1986,4157,South,Office Supplies,4543.86,6,1256.94,08-02-2025
1987,1249,West,Electronics,2993.62,7,955.95,10-07-2025
1988,1390,West,Office Supplies,3717.48,6,650.04,17-05-2024
1989,4853,North,Electronics,253.76,2,1218.29,28-11-2025
1990,1334,East,Office Supplies,1644.99,7,1169.12,28-01-2024
1991,1628,South,Office Supplies,1410.48,8,-191.42,15-04-2024
1992,4590,East,Electronics,4753.02,7,614.1,05-06-2024
1993,1136,North,Furniture,1008.16,4,-128.18,16-04-2024
1994,3930,East,Electronics,3564.55,4,322.22,20-08-2024
1995,3735,West,Furniture,309.49,5,1166.52,14-07-2024
1996,4911,West,Office Supplies,1068.65,9,1404.89,20-07-2024
1997,2521,South,Office Supplies,1759.13,5,211.51,18-04-2024
1998,1826,South,Electronics,3993.08,2,-163.58,26-06-2025
1999,1726,South,Electronics,3970.89,5,483.97,10-02-2024
2000,2500,North,Furniture,4767.75,3,369.7,04-03-2024
2001,3641,South,Furniture,4592.16,8,950.84,12-11-2025
2002,4294,North,Furniture,499.42,2,641.6,18-02-2025
2003,1989,West,Electronics,4166.35,4,478.04,06-01-2025
2004,3419,East,Office Supplies,2310.75,5,190.24,12-10-2025
2005,1934,West,Electronics,4342.84,4,1208.42,29-12-2024
2006,4042,West,Office Supplies,537.5,5,222.26,23-08-2024
2007,1401,West,Electronics,4131.57,4,-106.95,15-04-2025
2008,2466,South,Electronics,882.25,3,759.84,14-05-2025
2009,4561,South,Furniture,1735.82,1,339.49,26-02-2025
2010,1614,South,Office Supplies,241.36,4,1011.14,01-08-2025
2011,2296,East,Electronics,706.27,9,-62.52,06-07-2024
2012,4597,South,Electronics,2284.06,1,1442.72,23-06-2025
2013,2182,North,Office Supplies,4109.86,7,117.66,06-02-2025
2014,4223,West,Electronics,3890.98,3,407,08-05-2025
2015,4042,East,Office Supplies,1252.96,8,617.62,23-12-2025
2016,3667,East,Furniture,843.28,6,1313.2,21-08-2024
2017,3235,East,Furniture,2007.39,1,1028.32,06-05-2025
2018,4884,East,Office Supplies,4428.01,5,46.21,14-06-2025
2019,2121,East,Furniture,547.98,8,545.64,07-11-2024
2020,1130,North,Office Supplies,2760.28,3,722.95,22-04-2024
2021,3852,West,Electronics,535.16,4,993.61,15-05-2025
2022,2194,East,Electronics,2404.04,7,772.08,09-12-2024
2023,3983,West,Office Supplies,721.28,6,577.47,23-12-2024
2024,4033,South,Electronics,493.65,7,1101.43,05-05-2024
2025,1182,East,Furniture,1035.16,9,442.7,20-12-2025
2026,4030,East,Electronics,1350.75,9,1478.19,22-03-2024
2027,1363,West,Electronics,1453.7,2,1411.23,08-09-2024
2028,1038,East,Office Supplies,3261.81,3,1002.55,06-07-2025
2029,4598,East,Furniture,369.41,4,1300.44,16-01-2025
2030,4959,East,Electronics,495.96,6,468.4,17-12-2025
2031,3544,North,Electronics,1024.66,5,788.5,08-04-2024
2032,4587,North,Office Supplies,4373.11,6,263.51,27-03-2025
2033,2372,East,Office Supplies,3180.16,8,1305.59,17-08-2025
2034,4029,North,Furniture,3678.81,2,600.74,24-01-2024
2035,1920,South,Electronics,1914.77,6,711.44,20-02-2025
2036,4468,East,Office Supplies,1144.78,9,1269.76,18-12-2024
2037,3769,South,Office Supplies,286.01,5,1155.37,13-03-2024
2038,4232,West,Office Supplies,2493.82,1,346.96,25-11-2025
2039,1015,South,Furniture,2913.98,8,-51.37,29-05-2025
2040,1492,West,Office Supplies,4495.31,4,75.56,30-01-2024
2041,2449,East,Furniture,4422.26,8,376.46,19-10-2025
2042,2131,West,Furniture,2180.96,4,318.99,25-03-2025
2043,3941,West,Electronics,2175.53,8,-134.87,24-04-2025
2044,4521,South,Electronics,889.5,9,534.51,01-04-2025
2045,1310,South,Furniture,1361.5,5,-20.05,24-12-2025
2046,1738,South,Electronics,4635.75,5,175.51,27-01-2024
2047,4241,East,Electronics,791.08,2,1138.72,21-12-2024
2048,1545,East,Office Supplies,4846.63,9,641.3,08-09-2025
2049,3461,South,Electronics,2573.22,4,434.02,13-09-2025
2050,1250,East,Furniture,2337.37,3,115.24,19-01-2024
2051,1758,East,Electronics,955.73,2,1272.68,11-06-2025
2052,2804,West,Office Supplies,3341.55,3,1336.27,26-09-2024
2053,4212,West,Furniture,2353.24,4,681.75,12-07-2025
2054,2297,South,Electronics,1916.25,9,1366.17,25-05-2024
2055,4487,East,Furniture,1396.13,6,590.14,29-10-2025
2056,2631,West,Electronics,425.79,5,-17.69,25-06-2025
2057,4810,North,Office Supplies,2644.71,9,-171.03,08-09-2025
2058,2914,East,Electronics,1633.25,8,18.24,28-05-2024
2059,4110,North,Furniture,3568.54,6,858.52,13-07-2025
2060,1813,South,Furniture,3645.26,3,345.54,01-07-2024
2061,1028,East,Furniture,1727.32,7,902.13,31-10-2025
2062,1957,South,Electronics,3378.69,6,663.56,11-02-2024
2063,3032,South,Electronics,1367.51,8,366.12,13-06-2024
2064,1476,South,Electronics,3663.15,6,171.76,16-11-2025
2065,1317,South,Office Supplies,178.78,4,-62.23,03-04-2024
2066,1244,South,Office Supplies,842.88,7,1130.06,01-08-2024
2067,1747,East,Office Supplies,1300.54,7,1192.31,06-07-2024
2068,1696,North,Furniture,3887.38,8,720.47,28-03-2024
2069,1271,East,Furniture,425.24,2,67.06,02-04-2025
2070,4511,East,Furniture,1021.48,6,248,16-04-2025
2071,2771,East,Furniture,1857.26,3,1423.75,23-02-2024
2072,2262,West,Furniture,144.96,8,184.1,06-01-2025
2073,3424,West,Electronics,3834.39,4,-103.43,17-10-2025
2074,1265,East,Furniture,2844.52,4,735.08,31-05-2025
2075,3973,North,Electronics,4513.33,2,245.25,30-12-2024
2076,1920,East,Office Supplies,252.05,6,1427.64,06-02-2024
2077,4430,South,Office Supplies,1429.81,6,777.11,28-04-2024
2078,1339,West,Office Supplies,3683.13,1,1441.89,12-02-2025
2079,1388,West,Office Supplies,3408.23,8,1135.48,28-12-2024
2080,3624,East,Office Supplies,1290.98,3,1029.24,03-01-2025
2081,4760,East,Furniture,3018.87,1,1211.62,01-06-2024
2082,3050,North,Furniture,3989.41,1,828.31,18-11-2024
2083,4500,North,Furniture,263.57,1,-181.09,20-10-2024
2084,2165,South,Office Supplies,3616.38,5,467.19,24-04-2025
2085,1375,East,Office Supplies,1335.28,5,172.33,24-12-2025
2086,4741,East,Electronics,4744.47,1,538.33,22-04-2025
2087,3033,East,Furniture,2737.28,5,599.93,23-03-2025
2088,3371,West,Office Supplies,263.59,7,17.31,09-05-2024
2089,1145,South,Office Supplies,2076.81,5,-160.17,04-12-2025
2090,2981,North,Office Supplies,4834.93,9,34.94,09-12-2025
2091,1292,West,Electronics,3678.83,4,1257.63,21-10-2025
2092,4736,West,Office Supplies,1572.35,9,1084.95,07-12-2024
2093,1431,West,Electronics,2918.81,8,1158.12,23-09-2024
2094,1704,West,Electronics,3035.6,1,269.72,03-12-2024
2095,3996,South,Furniture,214.41,4,201.37,19-04-2025
2096,2998,East,Office Supplies,976.28,7,-136.47,18-02-2025
2097,3632,North,Electronics,2803.71,1,602.86,17-10-2024
2098,1398,North,Office Supplies,2073.49,8,450.1,20-06-2024
2099,3864,West,Furniture,1031.19,2,1221.01,14-03-2025
2100,4960,West,Furniture,3886.08,8,959.17,27-10-2024
2101,4415,South,Electronics,2496.07,4,45.29,28-05-2024
2102,1963,West,Furniture,1618.87,8,1478.16,21-10-2025
2103,4211,North,Furniture,892.22,1,1110.09,21-09-2024
2104,3234,North,Furniture,3094.7,5,1024.4,04-04-2024
2105,3041,East,Office Supplies,3364.68,9,168.25,28-11-2025
2106,2828,East,Office Supplies,3381.03,7,1338.77,20-02-2025
2107,3108,North,Electronics,1179.41,3,605.67,13-09-2024
2108,1938,North,Electronics,3017.16,4,306.02,23-12-2025
2109,4451,South,Furniture,4536.49,7,913.22,29-05-2025
2110,1709,South,Furniture,1830.62,6,159.98,09-11-2025
2111,1806,North,Electronics,1132.76,4,1342.86,15-12-2024
2112,2463,West,Furniture,3883.53,3,1252.38,23-07-2024
2113,4390,East,Electronics,966.73,2,590.35,20-11-2025
2114,2325,North,Office Supplies,1343.37,9,124.12,09-12-2024
2115,4415,West,Furniture,593.16,3,644.06,09-04-2025
2116,1010,North,Furniture,1412.58,7,53.53,22-06-2025
2117,2085,East,Furniture,2110.64,1,258.74,29-01-2024
2118,2868,East,Office Supplies,414.37,8,620.65,30-09-2025
2119,3273,South,Office Supplies,4371.37,1,-164.06,10-01-2025
2120,4224,South,Furniture,2617.01,2,1101.73,14-04-2024
2121,4782,South,Electronics,2981.71,1,134.76,29-11-2024
2122,3611,South,Office Supplies,1919.3,4,1273.24,09-03-2024
2123,1771,East,Furniture,3382.19,2,-162.16,16-04-2024
2124,2594,West,Furniture,2215.73,1,704.62,22-11-2025
2125,2607,West,Office Supplies,3830.44,1,1120.31,11-04-2024
2126,4731,West,Electronics,4124.87,2,204.51,18-09-2024
2127,4932,North,Furniture,3392.06,6,1002.84,25-10-2025
2128,4646,South,Electronics,2507.54,2,1025.48,05-07-2025
2129,2333,South,Electronics,3933.12,2,884.33,15-10-2024
2130,1884,East,Office Supplies,2522,8,419.23,16-05-2024
2131,4314,East,Furniture,646.4,5,1134.61,04-05-2025
2132,4564,North,Furniture,670.07,8,868.34,19-11-2025
2133,2389,North,Electronics,4748.06,8,803.66,07-03-2024
2134,4401,West,Office Supplies,1146.46,2,1192.57,30-05-2024
2135,4178,East,Office Supplies,4098.03,7,215.88,04-10-2024
2136,1225,South,Office Supplies,1308.86,9,195.23,30-07-2024
2137,1824,West,Electronics,2210.82,8,456.96,15-12-2024
2138,3265,South,Electronics,3309.25,9,-75.67,19-09-2025
2139,1936,West,Furniture,878.45,8,373.57,09-10-2025
2140,3800,South,Office Supplies,3712.51,4,490.66,26-05-2024
2141,3553,North,Electronics,3480.57,7,641.6,30-12-2024
2142,3306,West,Office Supplies,2761.11,9,231.82,08-11-2025
2143,2911,South,Electronics,2872.86,9,1341.63,15-08-2024
2144,4845,South,Furniture,618.28,4,284.63,07-10-2025
2145,4588,East,Office Supplies,2236.15,7,1247.64,22-11-2025
2146,2796,West,Electronics,524.2,6,556.42,16-10-2024
2147,1053,South,Office Supplies,1608.53,3,1020.87,25-11-2024
2148,4118,East,Electronics,4511.53,6,-11.47,29-01-2025
2149,1726,South,Electronics,2915.21,8,725.88,08-07-2025
2150,3736,West,Electronics,3739.25,2,1433.4,18-05-2024
2151,2544,North,Office Supplies,2912.04,3,932.63,27-02-2025
2152,4170,West,Electronics,1051.76,8,1194.49,09-09-2024
2153,2043,West,Furniture,3014.56,4,243.82,19-02-2025
2154,2913,South,Office Supplies,3801.4,4,1160.29,21-05-2025
2155,2776,South,Furniture,778.18,2,397.13,11-12-2024
2156,2596,West,Furniture,4102.84,1,624.63,27-11-2025
2157,2914,East,Office Supplies,2821.42,7,119.53,30-07-2025
2158,4561,East,Electronics,120.95,4,625.69,28-06-2024
2159,3466,East,Furniture,2646.91,6,676.69,01-08-2024
2160,3737,South,Office Supplies,2038.79,8,857.96,13-03-2025
2161,1849,South,Electronics,1552.59,7,1276.68,24-04-2025
2162,3109,West,Office Supplies,3879.16,7,318.25,01-06-2024
2163,4216,North,Office Supplies,4507.55,6,1473.03,16-02-2025
2164,3263,South,Office Supplies,3837,4,1241.07,02-05-2024
2165,1002,West,Electronics,4249.19,4,484.97,28-08-2025
2166,1159,West,Furniture,4553.03,9,185.33,16-08-2025
2167,4810,North,Furniture,4571.88,5,-78.46,11-09-2025
2168,1780,East,Office Supplies,661.73,9,198.42,01-08-2025
2169,4191,West,Office Supplies,2336.29,9,1303.69,30-08-2024
2170,1892,West,Electronics,101.4,4,296.45,01-11-2024
2171,3030,West,Office Supplies,2581.67,2,34.57,15-05-2024
2172,4160,East,Office Supplies,4628.8,2,-161.45,07-06-2024
2173,3376,East,Office Supplies,1075.6,9,306.06,31-05-2024
2174,1579,North,Furniture,3234.95,9,167.46,31-03-2025
2175,2933,South,Office Supplies,3257.46,3,-26.26,07-07-2025
2176,2380,East,Furniture,885.73,5,1416.85,29-11-2024
2177,4681,South,Electronics,1268.78,5,254.96,07-04-2025
2178,2290,South,Electronics,2363.91,2,-189.5,13-04-2025
2179,2640,East,Furniture,1022.23,2,1405.27,26-01-2024
2180,1951,West,Furniture,2966.47,1,783.47,14-06-2024
2181,4394,North,Furniture,2474.25,2,-59.22,31-12-2024
2182,3682,South,Furniture,2644.07,7,-146.58,14-03-2025
2183,1987,West,Office Supplies,758.89,1,-16.66,06-04-2024
2184,4612,East,Furniture,2634.53,1,805.53,28-01-2025
2185,4720,South,Furniture,342.44,9,-94.82,11-04-2025
2186,2218,South,Furniture,4419.52,2,765.84,23-09-2024
2187,1920,South,Office Supplies,1781.92,4,909.32,02-05-2024
2188,3785,West,Office Supplies,4296.05,3,50.88,18-06-2025
2189,2355,West,Office Supplies,3538.12,4,630.34,16-07-2024
2190,1169,West,Electronics,3854.25,7,1438.6,10-02-2024
2191,1520,South,Office Supplies,1641.27,2,1222.03,30-04-2024
2192,2486,South,Furniture,1215.95,2,1029.72,28-02-2025
2193,1039,North,Office Supplies,2093.03,9,680.15,04-01-2024
2194,2560,North,Office Supplies,218.71,6,470.27,11-09-2024
2195,4332,West,Furniture,4601.9,7,567.44,04-10-2025
2196,2418,West,Office Supplies,1996.37,5,1099.84,12-04-2025
2197,1954,East,Electronics,4943.93,5,742.31,01-07-2024
2198,4297,West,Office Supplies,3831.1,4,1099.91,16-04-2024
2199,1983,North,Electronics,494.52,8,1448.78,13-05-2025
2200,4195,North,Electronics,3334.92,7,888.87,22-03-2025
2201,1974,North,Electronics,1427.11,2,825.28,25-06-2024
2202,1037,South,Furniture,1294.22,2,490.48,12-03-2024
2203,3375,South,Office Supplies,1357.16,6,134.48,10-03-2024
2204,2274,West,Electronics,4588.77,1,436.14,03-08-2025
2205,4972,East,Electronics,2549.9,7,684.17,02-05-2024
2206,2199,East,Office Supplies,3380.41,8,-140.75,26-01-2025
2207,2625,East,Furniture,1476.64,8,608.87,14-08-2024
2208,1913,South,Furniture,2662.48,3,1265.65,02-01-2025
2209,1453,North,Electronics,1815.49,7,1460.26,02-04-2025
2210,1036,North,Furniture,1673.58,1,1254.43,01-07-2024
2211,4387,South,Office Supplies,1310.15,3,92.37,14-08-2024
2212,2711,East,Furniture,2104.13,6,63.52,12-03-2024
2213,4020,East,Office Supplies,3334.15,9,468.63,26-05-2025
2214,1795,West,Electronics,1188.01,5,183.23,08-01-2024
2215,1972,West,Office Supplies,4830.68,5,949.19,12-03-2024
2216,1592,East,Electronics,710.6,9,-56.25,24-12-2025
2217,2137,South,Office Supplies,2453.02,9,554.32,15-02-2024
2218,4111,East,Office Supplies,516.64,6,276.61,29-05-2024
2219,2324,West,Furniture,211.06,5,812.18,15-08-2025
2220,3271,East,Office Supplies,4621.12,2,1155.01,26-04-2025
2221,1317,South,Electronics,4070.89,8,1370.06,12-02-2025
2222,3396,North,Office Supplies,3501.36,8,1438.55,23-06-2024
2223,3162,South,Electronics,4339.43,7,397.03,02-03-2025
2224,3745,South,Electronics,4033.96,8,1254.94,16-10-2025
2225,2346,West,Office Supplies,3271.46,3,806.34,04-12-2025
2226,2591,South,Furniture,4251.98,3,976.83,01-11-2025
2227,4111,South,Office Supplies,2014.92,2,1246.92,24-08-2024
2228,2889,West,Office Supplies,2808.48,1,21.19,17-08-2025
2229,3087,West,Furniture,3903.92,3,1410.59,17-11-2025
2230,4930,North,Electronics,515.51,3,730.58,19-05-2024
2231,2996,East,Office Supplies,4307.36,7,371.21,04-03-2024
2232,2772,South,Furniture,868.47,9,375.84,05-10-2024
2233,2312,West,Furniture,4336.25,1,1076.7,19-02-2024
2234,2285,North,Electronics,1625.53,8,953.72,02-08-2024
2235,1215,East,Furniture,1701.24,1,1040.12,28-09-2025
2236,4218,West,Electronics,462.35,3,230.09,05-02-2024
2237,3383,East,Office Supplies,4440.91,4,89.33,12-10-2025
2238,4239,East,Furniture,955.1,8,1027.16,20-08-2025
2239,3139,South,Office Supplies,3187.24,1,307.42,06-03-2025
2240,3400,South,Furniture,3255.44,2,178.14,19-05-2025
2241,3618,West,Furniture,1477.64,5,164.83,21-07-2025
2242,4642,East,Office Supplies,4929.74,6,52.28,05-09-2024
2243,3863,West,Furniture,414.41,5,525.59,12-04-2025
2244,2704,West,Office Supplies,3078.57,3,243.61,24-05-2025
2245,3828,East,Office Supplies,2449.77,7,1319.57,28-01-2025
2246,1362,West,Electronics,1302.87,1,971.54,15-03-2025
2247,3604,East,Office Supplies,901.4,2,1064.57,26-12-2025
2248,4416,East,Electronics,3711.71,9,486.14,06-06-2024
2249,2716,East,Office Supplies,4589.94,4,820.36,03-04-2024
2250,2193,East,Furniture,626.98,8,651.36,30-04-2025
2251,1355,North,Office Supplies,1050.5,9,84.67,14-03-2025
2252,1190,East,Furniture,4932.72,7,-118.65,14-06-2024
2253,4738,South,Electronics,173.61,1,961.98,25-02-2024
2254,3469,South,Furniture,2590.43,5,5.99,30-03-2025
2255,1699,South,Office Supplies,2628.95,6,-102.51,04-01-2025
2256,3054,East,Furniture,1389.49,8,551.17,12-01-2025
2257,3180,South,Electronics,3348.84,8,1054.64,29-01-2025
2258,4818,North,Furniture,4730.21,9,1107.08,25-01-2025
2259,1556,West,Furniture,2306.05,9,1284.9,17-12-2024
2260,1825,East,Office Supplies,3772.16,4,138.66,22-03-2024
2261,3808,South,Office Supplies,3265.74,6,1475.56,29-06-2025
2262,2054,North,Furniture,2417.42,3,1097.46,03-03-2024
2263,3582,West,Electronics,344.08,1,67.26,28-05-2025
2264,1425,North,Furniture,3734.57,6,1229.23,02-12-2025
2265,4465,South,Electronics,1879.93,1,648.23,08-07-2025
2266,3719,North,Electronics,1200.02,9,-86.87,29-08-2025
2267,3410,West,Electronics,4746.52,6,24.47,27-05-2024
2268,4508,South,Furniture,3890.16,1,537.62,02-06-2025
2269,4741,West,Electronics,4815.12,3,701.86,26-12-2025
2270,2574,North,Furniture,1355.46,1,1410.74,03-11-2024
2271,4998,East,Electronics,4195.39,2,166.71,19-05-2025
2272,3129,East,Electronics,3077.83,6,605.98,07-04-2024
2273,3403,East,Furniture,4909.37,7,184.01,28-10-2024
2274,4329,East,Office Supplies,4736.95,1,749.28,11-02-2024
2275,4789,West,Office Supplies,4867.54,5,1345.84,11-11-2024
2276,1588,East,Furniture,4763.66,6,765.18,18-01-2025
2277,3012,West,Furniture,137.54,4,667.12,13-04-2024
2278,2547,South,Office Supplies,3731.32,6,1075.22,01-12-2024
2279,1294,East,Office Supplies,1432.48,5,50.94,12-08-2025
2280,2985,West,Office Supplies,3554.63,7,1339.55,27-09-2025
2281,2247,East,Furniture,4904.99,4,781.98,01-02-2024
2282,2548,East,Electronics,292.86,1,966.73,09-11-2025
2283,4117,East,Furniture,2878.24,2,1192.23,08-10-2024
2284,2690,West,Office Supplies,3701.27,6,879.56,30-01-2024
2285,2136,North,Electronics,1341.46,2,890.05,11-11-2025
2286,2256,East,Furniture,1203.1,5,1040.36,27-01-2025
2287,3064,East,Office Supplies,395.69,4,-111.2,01-02-2024
2288,1359,South,Furniture,560.21,7,449.76,26-11-2025
2289,4294,North,Electronics,3318.07,4,1436.99,18-07-2025
2290,3913,West,Office Supplies,2575.53,7,238.49,28-05-2024
2291,1699,South,Furniture,247.35,8,721.83,16-03-2024
2292,1447,East,Electronics,4851.34,7,98.23,10-02-2025
2293,3903,South,Electronics,3314.62,2,349.57,03-08-2025
2294,3412,South,Furniture,2625.8,1,1019.04,30-09-2024
2295,1674,East,Electronics,1436.35,5,893.26,02-07-2025
2296,2007,North,Office Supplies,3324.68,7,504.34,08-10-2025
2297,2349,North,Electronics,1884.42,1,1394.73,01-03-2024
2298,3514,South,Furniture,3542.22,8,1117.58,10-05-2024
2299,3461,East,Office Supplies,3444.6,3,255.47,27-05-2025
2300,4526,West,Electronics,554.44,7,591.26,29-02-2024
2301,1585,South,Electronics,4555.38,3,1292.66,14-01-2025
2302,2256,West,Office Supplies,2486.17,4,-161.81,12-12-2024
2303,2247,South,Office Supplies,2025.43,8,788.49,17-03-2025
2304,1993,South,Electronics,4781.76,2,194.33,26-06-2025
2305,4902,East,Office Supplies,2247.23,6,-91.51,02-02-2025
2306,2435,East,Furniture,3633.98,9,1351.86,07-01-2024
2307,1571,West,Electronics,3310.17,9,1187.68,25-01-2025
2308,3382,West,Furniture,909.19,5,115,14-05-2024
2309,2245,North,Electronics,4956.6,3,1222.81,20-01-2024
2310,3084,East,Furniture,2371.66,6,48.93,22-11-2024
2311,1988,South,Furniture,2034.43,9,609.47,09-03-2025
2312,1277,South,Office Supplies,4606.11,6,1033.81,15-10-2025
2313,2219,North,Electronics,2693.27,4,707.47,08-01-2025
2314,3963,East,Office Supplies,3554.88,5,1246.33,22-05-2024
2315,2887,South,Office Supplies,4246.61,7,848.69,22-12-2025
2316,1483,North,Electronics,1253.92,3,534.32,28-01-2025
2317,2265,North,Furniture,930.39,9,1372.78,27-04-2025
2318,4395,South,Electronics,435.68,1,-138.3,28-09-2025
2319,1730,South,Electronics,4495.95,8,630.28,05-05-2025
2320,3239,West,Electronics,1081.8,5,923.33,16-11-2024
2321,2040,East,Office Supplies,1607.99,9,1221.3,15-02-2025
2322,3571,West,Electronics,1500.45,2,719.97,19-12-2024
2323,1917,North,Electronics,1592.48,1,1305.38,07-03-2025
2324,3448,South,Electronics,3373.5,7,524.67,03-01-2024
2325,4977,West,Furniture,4775.16,9,339.12,10-05-2024
2326,1885,North,Furniture,1714.32,5,1455.48,15-03-2024
2327,3752,East,Furniture,2097.47,4,934.21,19-11-2024
2328,1021,South,Furniture,3878.62,4,523.82,22-04-2025
2329,1473,West,Office Supplies,2218.46,8,1292.92,08-06-2024
2330,4191,East,Office Supplies,4637.61,1,961.24,17-01-2024
2331,3257,West,Electronics,2565.77,1,884.49,29-01-2025
2332,3353,North,Office Supplies,1803.9,8,1038.51,21-12-2024
2333,4341,East,Furniture,4860.71,2,1055.1,01-02-2024
2334,1703,West,Electronics,2186.33,6,638.07,27-04-2025
2335,1686,East,Electronics,1232.76,2,512.82,03-06-2024
2336,1284,North,Furniture,970.73,5,1345.78,15-09-2025
2337,1715,East,Furniture,4976.39,3,645.32,01-09-2025
2338,4747,West,Furniture,3789.64,7,166.9,26-08-2025
2339,1762,North,Office Supplies,2102.43,9,686.72,19-10-2025
2340,2250,South,Electronics,4149.18,2,-141.48,29-05-2025
2341,1947,West,Furniture,2779.35,7,1029.64,07-12-2024
2342,3428,West,Electronics,1655.21,8,15.87,09-02-2025
2343,3507,North,Electronics,3742.59,8,-10.07,07-01-2025
2344,2030,North,Office Supplies,3754.88,7,1408.81,12-10-2024
2345,1028,South,Electronics,2550.83,4,1113.35,13-07-2025
2346,1906,West,Furniture,321.28,4,504.19,30-07-2025
2347,4104,North,Furniture,477.41,9,207.28,08-08-2024
2348,4717,South,Electronics,3964.87,9,1233.93,26-05-2024
2349,3926,South,Electronics,4135.03,5,1446.59,28-06-2024
2350,3126,North,Office Supplies,3423.62,7,664.2,24-05-2025
2351,4999,West,Furniture,4211.44,7,786.13,23-10-2024
2352,3994,East,Furniture,3625.49,9,213.19,14-12-2024
2353,3506,East,Electronics,4494.98,7,801.73,05-05-2025
2354,1569,South,Electronics,836.95,8,481.02,18-12-2024
2355,3006,East,Electronics,1999.93,7,1237.48,21-03-2024
2356,4609,East,Furniture,2374.14,4,441.09,05-12-2025
2357,4553,North,Electronics,1558.55,2,902.92,09-03-2025
2358,2453,South,Office Supplies,3654.3,3,145.89,02-05-2024
2359,1737,West,Office Supplies,4570.95,7,-45.86,15-10-2024
2360,4356,South,Electronics,2121.16,9,-131.4,14-04-2025
2361,1515,North,Office Supplies,4713.56,2,506.6,24-05-2025
2362,3000,East,Office Supplies,2632.17,7,78,16-08-2025
2363,4170,West,Office Supplies,2660.33,4,1488.92,24-04-2025
2364,3444,South,Office Supplies,3041.08,7,1157.25,18-08-2025
2365,4560,East,Office Supplies,1414.82,5,978.73,14-03-2025
2366,1038,South,Furniture,1978.47,7,1165.64,27-12-2025
2367,4342,West,Electronics,2810.86,6,246.67,22-06-2024
2368,1886,South,Office Supplies,4715.72,2,1294.75,11-12-2024
2369,3844,South,Electronics,3249.19,7,1492.58,14-04-2024
2370,3204,South,Office Supplies,1732.27,5,292.75,22-07-2025
2371,2098,East,Furniture,151.3,9,1473.9,11-11-2025
2372,3931,West,Furniture,4910.16,1,344.67,09-08-2025
2373,2823,West,Office Supplies,2515.62,1,-180.07,30-03-2025
2374,4201,East,Office Supplies,4698.63,2,424.26,20-10-2024
2375,2710,East,Office Supplies,2791.79,8,1495.78,27-01-2025
2376,1973,East,Furniture,3066.78,9,879.76,14-07-2024
2377,4155,North,Furniture,3588.37,7,982.3,25-02-2025
2378,4093,South,Electronics,1672.78,1,205.19,21-04-2025
2379,4530,South,Furniture,3525.02,7,48.06,05-08-2024
2380,2562,West,Office Supplies,2681.28,8,1305.37,01-06-2024
2381,4778,South,Electronics,3395.15,7,502.77,06-02-2024
2382,3896,North,Furniture,4195.58,5,-193.02,20-11-2025
2383,4453,East,Furniture,1002.72,7,300.22,13-12-2024
2384,3795,West,Office Supplies,3106.4,2,132.74,12-12-2025
2385,4511,West,Electronics,355.35,9,826.41,18-06-2024
2386,4675,South,Furniture,600.36,2,1085.41,05-11-2024
2387,1988,West,Furniture,3405.51,2,645.75,28-09-2025
2388,1020,East,Office Supplies,447.59,5,116.03,05-11-2025
2389,3350,West,Electronics,3017.25,8,-101.46,19-12-2024
2390,1868,East,Electronics,1178.06,6,333.01,06-09-2024
2391,1083,North,Electronics,1590.02,9,1170.14,13-01-2025
2392,4845,North,Electronics,735.22,6,513.17,24-05-2024
2393,2682,East,Office Supplies,1318.47,5,228.83,16-09-2025
2394,2976,South,Furniture,4124.33,1,-164.77,03-05-2025
2395,4524,West,Furniture,3230.5,8,643.31,01-04-2024
2396,2410,South,Electronics,4753.82,3,964.2,29-06-2024
2397,2530,West,Electronics,338.85,2,123.56,07-05-2024
2398,4328,North,Electronics,3982.82,7,713.22,04-10-2024
2399,1569,North,Furniture,3525.48,2,515.26,17-03-2025
2400,4963,North,Furniture,1378.37,1,996.71,11-11-2025
2401,1933,West,Electronics,3672.92,2,1263.03,15-09-2024
2402,4598,North,Office Supplies,3611.09,6,321.98,13-12-2024
2403,4233,North,Furniture,2350.79,2,1338.11,28-07-2025
2404,2980,North,Furniture,3474.33,1,1001.82,28-04-2025
2405,4234,North,Electronics,2278.45,1,-136.82,28-10-2024
2406,2855,South,Office Supplies,1744.17,4,1145.11,30-07-2024
2407,4056,North,Electronics,2385.81,8,640.87,02-05-2025
2408,1792,North,Electronics,4486.13,6,1407.28,28-04-2025
2409,1791,South,Office Supplies,1984.46,4,350.17,09-10-2025
2410,4595,South,Office Supplies,2078.07,6,805.06,04-07-2025
2411,2809,West,Office Supplies,3081.18,6,1425.45,07-04-2025
2412,2294,East,Furniture,3789.7,9,260.97,15-12-2024
2413,3539,North,Electronics,3699.64,4,602.32,29-10-2024
2414,3255,North,Furniture,197.01,6,1079.24,21-02-2025
2415,4610,North,Office Supplies,3468.34,1,974.87,08-03-2024
2416,2607,West,Furniture,2307.71,7,1225.8,26-02-2024
2417,2083,North,Office Supplies,2668.04,7,683.65,14-04-2025
2418,3477,East,Office Supplies,2852.15,1,342.17,01-06-2024
2419,1984,South,Electronics,3685.43,8,709.64,19-07-2024
2420,2680,West,Electronics,4173.53,5,394.93,21-08-2025
2421,4676,South,Electronics,3266.68,9,99.93,08-02-2024
2422,4380,North,Furniture,2863.15,8,743.45,26-05-2025
2423,1519,North,Electronics,1931.47,3,-117.75,04-09-2024
2424,1590,North,Office Supplies,775.6,1,-137.82,23-04-2024
2425,2050,East,Electronics,4797.03,3,-90.22,12-01-2025
2426,2709,East,Furniture,2363.03,2,943.44,16-12-2025
2427,4633,West,Electronics,2874.44,2,491.88,18-12-2025
2428,3035,South,Electronics,3780.26,4,640,14-05-2024
2429,3246,North,Electronics,435.21,2,383.78,02-05-2024
2430,3434,North,Furniture,4289.55,8,231.18,17-08-2025
2431,1348,North,Office Supplies,4005.43,5,409.12,31-07-2024
2432,1959,North,Office Supplies,3894.7,1,128.74,16-05-2025
2433,2963,East,Office Supplies,207.72,6,953.89,23-06-2024
2434,1692,South,Electronics,2679.94,7,-27.05,01-10-2024
2435,2559,South,Electronics,365.92,1,678.73,23-08-2024
2436,4899,West,Furniture,2799.28,3,610.61,29-06-2025
2437,1377,East,Office Supplies,3620.4,9,313.27,19-06-2024
2438,3946,North,Electronics,697.07,7,-26.11,14-10-2025
2439,3963,South,Electronics,3504.93,4,995.71,23-02-2025
2440,4629,South,Electronics,2302.71,6,768.22,20-06-2025
2441,1526,East,Furniture,4076.61,6,1176.11,06-04-2024
2442,4224,West,Office Supplies,2714.59,3,200.39,21-01-2024
2443,3781,West,Furniture,1747,2,1145.66,16-10-2024
2444,3253,North,Office Supplies,1726.76,5,296.31,13-09-2025
2445,3502,West,Office Supplies,4497.68,8,-8.6,22-03-2024
2446,4344,South,Electronics,2319.07,3,29.36,16-04-2024
2447,4965,West,Electronics,2088.19,5,175.8,19-11-2025
2448,2259,North,Electronics,295.38,3,960.13,12-10-2024
2449,2875,South,Electronics,1885.19,7,214.73,12-09-2025
2450,2763,West,Electronics,4263.17,6,826.58,03-07-2025
2451,1520,West,Office Supplies,3828.84,6,236.09,26-11-2024
2452,2701,East,Electronics,1182.47,1,420.88,28-12-2025
2453,2016,North,Electronics,2123.98,2,1312.53,11-05-2024
2454,4003,West,Furniture,1063.24,6,650.62,04-12-2024
2455,4902,East,Furniture,4775.66,8,820.43,08-08-2024
2456,3773,South,Office Supplies,3030.78,5,121.77,17-03-2024
2457,2013,East,Office Supplies,3796.34,2,23.56,27-12-2025
2458,3548,East,Furniture,3597.66,5,502.41,27-08-2025
2459,1116,West,Furniture,4381.08,9,1254.16,12-10-2025
2460,3433,West,Electronics,4751.71,6,209.57,14-08-2025
2461,2367,West,Electronics,258.99,5,856.88,19-02-2024
2462,1583,East,Office Supplies,4878.98,6,1282.56,08-12-2024
2463,1394,South,Furniture,4365.66,9,1388.5,27-11-2024
2464,2087,North,Office Supplies,1976.44,7,1489.44,20-10-2024
2465,4788,East,Electronics,4201.64,3,1097.03,31-05-2024
2466,3768,West,Office Supplies,3709.13,5,-72.48,04-04-2024
2467,1071,North,Office Supplies,3986.26,4,1281.49,08-11-2025
2468,4860,South,Office Supplies,1181.39,5,1305.58,15-01-2025
2469,1273,North,Electronics,3277.96,8,747.38,15-03-2025
2470,3013,West,Office Supplies,227.04,6,-85.37,16-11-2024
2471,2343,East,Electronics,4256.32,4,610.33,30-03-2024
2472,1337,East,Furniture,4760.11,5,158.19,12-06-2025
2473,2389,West,Office Supplies,3344.4,7,551.58,09-10-2024
2474,4566,East,Office Supplies,2612.08,8,1031.02,10-12-2024
2475,1606,West,Electronics,3656.08,5,934.84,20-08-2024
2476,1165,East,Office Supplies,1699.17,2,1125.99,17-12-2024
2477,2567,East,Electronics,3169.3,6,610.09,16-12-2025
2478,3058,East,Office Supplies,3622.97,9,668.35,08-03-2025
2479,2324,South,Furniture,799.14,3,1390.67,09-11-2024
2480,1728,South,Furniture,786.33,7,873.01,14-01-2025
2481,3848,West,Furniture,3609.08,8,1070.82,13-09-2024
2482,3043,South,Office Supplies,2215.73,6,929.68,31-01-2025
2483,1101,West,Office Supplies,4457.09,3,888.83,13-09-2024
2484,4496,North,Furniture,1628.5,1,1353.02,07-06-2024
2485,2415,North,Furniture,307.91,3,406.03,21-07-2024
2486,1778,South,Electronics,3284.39,6,527.07,16-02-2025
2487,1213,North,Electronics,3452.77,4,445.58,18-11-2025
2488,4762,North,Furniture,2812.6,1,1100.83,22-03-2024
2489,2111,East,Furniture,3448.33,6,1276.31,21-03-2025
2490,2576,East,Office Supplies,2666.4,1,407.75,25-01-2024
2491,3448,West,Furniture,3493.9,8,41.99,18-01-2024
2492,3635,North,Electronics,315.29,3,639.98,11-05-2025
2493,3936,West,Electronics,1905.15,3,1473.36,25-04-2024
2494,4117,West,Electronics,1133,1,146.26,28-05-2024
2495,2695,North,Electronics,586.7,3,568.4,21-11-2024
2496,4534,South,Electronics,1247.05,7,261.36,21-01-2024
2497,1591,North,Electronics,1037.42,8,1368.55,28-08-2025
2498,2333,East,Furniture,4868.34,8,736.56,27-05-2024
2499,2109,North,Electronics,1504.07,3,783.87,29-09-2025
2500,3139,South,Electronics,1231.7,5,-185.96,24-09-2025
2501,4731,West,Electronics,4190.89,1,909.73,01-10-2025
2502,3720,West,Electronics,2153.67,9,320.8,21-03-2025
2503,1713,East,Furniture,2165.18,8,672.81,13-10-2024
2504,1935,East,Office Supplies,2273.59,2,702.81,26-10-2025
2505,2951,East,Office Supplies,2141.02,1,806.78,20-11-2024
2506,1241,West,Office Supplies,1700.17,4,1200.02,18-07-2024
2507,3043,East,Office Supplies,1503.06,9,308.19,27-05-2024
2508,4936,North,Electronics,4421.6,8,235.47,01-01-2025
2509,1001,West,Office Supplies,892.37,3,1152.88,08-08-2024
2510,3272,South,Office Supplies,987.21,6,1021.82,15-08-2024
2511,3848,West,Furniture,2901.42,9,183.55,01-11-2024
2512,2768,North,Furniture,1783.93,8,-198.58,27-06-2024
2513,2949,North,Furniture,2165.49,5,932.09,20-04-2025
2514,3636,East,Electronics,4052.08,9,67.2,20-02-2025
2515,3163,West,Electronics,4527.79,9,1426.89,01-09-2025
2516,4737,West,Electronics,3973.71,3,827.49,19-09-2025
2517,1917,West,Furniture,1251.15,8,1244.41,02-05-2024
2518,4174,South,Office Supplies,4901.86,4,1169.56,11-10-2024
2519,3241,East,Furniture,1879.56,7,748.26,07-12-2025
2520,4237,North,Electronics,928.43,8,545.2,27-12-2025
2521,3918,North,Furniture,2547.53,7,644.56,03-01-2024
2522,1089,East,Office Supplies,3653.9,5,1165.08,18-09-2024
2523,2709,North,Electronics,508.03,1,888.77,10-11-2025
2524,3169,North,Office Supplies,3208.01,8,149.72,15-04-2025
2525,1142,East,Office Supplies,4304.58,5,835.9,27-11-2024
2526,4041,North,Electronics,1382.73,3,487.93,17-09-2024
2527,1105,West,Office Supplies,3496.3,2,-95.79,03-01-2024
2528,1886,South,Furniture,2059.55,3,448.16,22-03-2025
2529,1427,East,Office Supplies,2129.26,9,186.92,03-08-2024
2530,2328,South,Office Supplies,1475.99,2,1225.59,23-04-2025
2531,2895,North,Office Supplies,3159.53,1,-21.5,22-07-2025
2532,2994,North,Furniture,1868.9,2,413.06,12-11-2025
2533,1316,West,Office Supplies,4171.42,2,982.34,17-08-2025
2534,2986,East,Office Supplies,4818.24,5,1325.57,15-03-2025
2535,1634,North,Furniture,4681.93,1,370.04,18-07-2024
2536,2925,East,Electronics,899.33,8,830.95,29-10-2025
2537,3056,East,Electronics,169.53,2,435.2,05-10-2024
2538,3821,East,Electronics,2248.49,6,144.9,14-05-2024
2539,4144,East,Office Supplies,3671.53,5,353.72,20-10-2024
2540,4430,East,Electronics,4889.53,2,881.03,23-07-2024
2541,3270,South,Furniture,3938.77,1,1017.78,27-11-2025
2542,2439,West,Office Supplies,2944.69,6,430.03,25-03-2024
2543,1552,East,Office Supplies,229.13,6,59.3,19-10-2024
2544,4441,South,Office Supplies,4145.15,3,37.25,24-01-2025
2545,1715,North,Electronics,968.01,8,1181.44,17-05-2024
2546,2287,East,Electronics,372.47,9,910.56,14-02-2025
2547,4911,North,Electronics,4266.76,3,1037.65,23-05-2025
2548,2713,East,Office Supplies,2874.63,9,630.03,05-08-2024
2549,2883,South,Furniture,729.9,8,577.44,09-09-2025
2550,4389,South,Office Supplies,1994.06,5,158.96,26-02-2024
2551,2107,South,Furniture,519.15,6,86.18,01-04-2024
2552,2341,West,Office Supplies,3226.25,1,61.65,04-01-2025
2553,1110,North,Furniture,1483.89,5,1486.04,24-07-2025
2554,1250,West,Office Supplies,4343.86,7,1195.52,15-02-2025
2555,3430,East,Office Supplies,1853.2,1,864.42,11-07-2024
2556,3054,North,Furniture,2523.71,9,164.49,26-04-2024
2557,1458,South,Furniture,411.26,7,374.02,07-12-2025
2558,2107,North,Furniture,1450.4,4,396.34,31-10-2025
2559,1207,South,Furniture,3416.16,4,612.04,01-10-2024
2560,1899,West,Furniture,3707.69,7,517.39,18-12-2024
2561,4461,West,Furniture,1289.83,6,1388.06,21-03-2025
2562,4385,South,Furniture,2568.72,3,1025.38,05-02-2024
2563,1021,South,Furniture,4105.9,9,-61.61,15-09-2025
2564,1409,East,Office Supplies,1961.56,6,411.93,15-07-2024
2565,1894,West,Furniture,755.48,2,26.04,16-10-2024
2566,1514,West,Furniture,2216.16,2,274.9,25-11-2025
2567,4198,East,Office Supplies,3043.08,1,1430.12,30-04-2025
2568,1808,West,Office Supplies,136.25,5,998.95,14-02-2025
2569,4771,South,Electronics,1807.98,6,-186.65,26-02-2025
2570,1873,North,Electronics,3076.44,3,359.06,26-08-2024
2571,1013,North,Furniture,4764.37,4,545.79,24-10-2024
2572,1970,West,Furniture,2101.89,5,824.25,11-02-2024
2573,4025,East,Electronics,898.56,4,649.54,28-03-2024
2574,4061,South,Electronics,2717.67,9,-81.39,24-06-2024
2575,4083,North,Furniture,1500.19,3,676.43,04-10-2024
2576,3134,South,Electronics,1152.42,5,21.44,08-12-2024
2577,4595,West,Furniture,2992.98,7,682.64,23-10-2024
2578,3956,West,Office Supplies,4587.83,7,218.32,06-10-2024
2579,2560,North,Office Supplies,4192.6,6,45.13,27-02-2025
2580,2324,West,Electronics,993.23,9,289.47,19-02-2025
2581,2266,East,Office Supplies,3852.81,7,-30.64,02-02-2024
2582,3169,West,Office Supplies,1226.36,4,282.77,28-01-2024
2583,4218,West,Office Supplies,1524.44,9,1273.79,27-07-2024
2584,4638,West,Office Supplies,4608.25,6,322.19,24-08-2025
2585,1749,South,Furniture,4564.15,1,599.38,16-08-2025
2586,4427,South,Furniture,926.29,9,683.67,04-09-2024
2587,1684,North,Electronics,414.54,7,103.09,12-01-2025
2588,2927,North,Office Supplies,1536.28,6,551.03,23-12-2024
2589,4804,North,Office Supplies,2950.7,6,1250.07,03-12-2025
2590,4702,West,Office Supplies,4396.77,4,-63.1,18-01-2024
2591,3356,South,Electronics,682.3,4,1368.79,31-07-2024
2592,1694,East,Furniture,2133.3,3,1280.89,23-12-2025
2593,3335,West,Office Supplies,1431.57,8,1254.91,28-05-2025
2594,1306,West,Furniture,173.15,8,137.52,03-04-2024
2595,4883,West,Electronics,3963.39,2,623.33,17-01-2024
2596,4665,East,Furniture,4085.09,5,847.46,26-08-2024
2597,2989,North,Office Supplies,1184.02,9,-30.09,11-06-2025
2598,3961,East,Furniture,841.08,9,746.64,28-10-2025
2599,4794,North,Furniture,808.35,7,1228.07,25-06-2024
2600,1661,East,Electronics,2373.34,4,1392.14,10-05-2024
2601,1548,South,Electronics,1307.83,4,273.16,24-10-2024
2602,4423,West,Electronics,2605.64,7,290.86,03-03-2024
2603,1311,West,Electronics,1985.77,3,260.24,09-05-2024
2604,3920,West,Furniture,1133.36,3,60.87,28-12-2024
2605,2082,North,Furniture,3780.84,5,532.21,07-09-2025
2606,4714,East,Electronics,836.78,6,1133.6,26-09-2024
2607,3971,South,Electronics,4014.62,8,1010.55,24-09-2024
2608,2737,East,Office Supplies,2851.09,1,1330.54,14-05-2025
2609,1754,West,Office Supplies,4176.98,7,404.76,23-06-2025
2610,1034,South,Electronics,123.32,8,772.77,01-05-2025
2611,1444,South,Furniture,3771.02,5,1103.11,04-08-2024
2612,3140,West,Electronics,352.43,2,1326.89,22-12-2024
2613,2982,East,Furniture,4755.48,4,1281.98,07-10-2025
2614,2230,West,Furniture,3543.42,6,591.38,12-10-2024
2615,1352,East,Office Supplies,1668.84,9,1341.66,23-04-2025
2616,1902,South,Electronics,1667.27,2,554.89,29-06-2025
2617,2355,South,Electronics,4321.31,4,1334.81,23-12-2025
2618,4888,West,Furniture,4523.92,5,1120.85,28-11-2025
2619,3909,South,Electronics,4468.71,8,176.8,15-02-2025
2620,2748,North,Office Supplies,4062.83,8,1380.44,26-11-2024
2621,1158,South,Office Supplies,4113.26,2,212.19,23-11-2025
2622,2977,North,Electronics,2906.56,6,1344.31,24-03-2025
2623,1956,South,Electronics,238.33,6,845.69,27-11-2025
2624,3071,West,Office Supplies,525.19,5,934.54,27-01-2024
2625,1403,West,Electronics,3282.81,8,-14.13,21-04-2024
2626,3852,North,Furniture,2065.71,2,-88.24,06-05-2025
2627,1515,West,Electronics,2879.82,2,1446.18,16-05-2024
2628,3779,South,Furniture,1232.28,7,372.78,21-06-2025
2629,2387,South,Electronics,3282.14,9,1235.43,18-09-2024
2630,4453,West,Electronics,1289.86,3,997.61,08-10-2025
2631,3579,South,Office Supplies,2357.98,7,827.04,19-11-2025
2632,1955,East,Furniture,2445.73,3,964.86,05-06-2025
2633,3199,East,Office Supplies,970.57,6,-48.04,25-10-2024
2634,4633,South,Electronics,4393.42,3,501.07,19-04-2024
2635,2712,West,Office Supplies,2676.52,1,832.03,08-03-2025
2636,3994,North,Electronics,4347.24,6,1274.86,23-04-2025
2637,1607,West,Electronics,1386.42,3,1014.97,15-09-2025
2638,4688,North,Electronics,944.45,1,229.77,04-09-2025
2639,3467,West,Furniture,188.28,5,1474.37,23-09-2024
2640,2273,South,Furniture,559.94,8,893.16,29-10-2025
2641,4188,East,Furniture,822.61,8,652.24,31-07-2024
2642,3913,West,Office Supplies,486.39,8,1128.34,04-11-2024
2643,2535,North,Electronics,4494.71,3,824.59,23-02-2024
2644,4811,East,Office Supplies,4566.05,8,1006.98,26-10-2025
2645,3625,North,Office Supplies,4693.08,4,849.13,29-01-2025
2646,3382,South,Electronics,4803.32,8,104.02,26-05-2025
2647,2441,East,Office Supplies,2509.99,3,723.71,20-11-2024
2648,3979,North,Electronics,2697.12,3,281.27,05-04-2024
2649,2797,West,Electronics,741.07,1,769.49,22-06-2024
2650,1294,South,Electronics,771.55,8,13.36,09-12-2024
2651,1754,South,Electronics,3886.51,8,194.34,23-07-2024
2652,2394,South,Office Supplies,4293.07,9,1174.83,24-02-2024
2653,1185,West,Office Supplies,3945.1,6,488.96,10-12-2025
2654,2269,West,Office Supplies,4189.42,2,945.43,13-08-2024
2655,1636,East,Furniture,1455.19,1,646.34,02-11-2024
2656,2291,West,Office Supplies,2383.72,8,379.19,07-10-2024
2657,4714,East,Office Supplies,2350.08,4,641.8,08-09-2025
2658,4308,South,Furniture,4976.89,7,1183.29,20-11-2025
2659,1529,East,Electronics,4750.97,4,278.72,28-10-2024
2660,4623,North,Electronics,3032.58,1,516.45,23-07-2024
2661,3068,South,Electronics,776.07,8,144.39,07-08-2024
2662,3958,South,Furniture,1367.12,9,397.02,03-03-2025
2663,4808,East,Office Supplies,1882.43,9,1304.69,20-05-2024
2664,3914,South,Office Supplies,4378.74,9,1135.73,30-03-2025
2665,1793,West,Office Supplies,936.1,4,435.15,24-05-2024
2666,4591,North,Office Supplies,1176.76,9,25.07,09-06-2025
2667,3147,East,Furniture,1811.98,4,513.95,06-06-2024
2668,3799,East,Office Supplies,4641.86,2,1111.93,14-04-2024
2669,1477,South,Electronics,2568.68,3,-125.54,15-10-2024
2670,2622,West,Furniture,3269.5,2,1067.08,23-09-2025
2671,4369,South,Furniture,1997.39,1,955.85,24-11-2025
2672,1939,South,Electronics,1023.76,6,-90.1,03-07-2024
2673,1525,East,Electronics,1191.72,4,880.59,04-08-2024
2674,3381,South,Office Supplies,4033.09,7,307.71,31-01-2024
2675,1001,North,Electronics,4478.06,7,101.39,05-10-2024
2676,1374,South,Furniture,2516.07,1,454.3,19-04-2025
2677,3340,South,Furniture,1849.27,9,149.16,12-08-2024
2678,3884,East,Furniture,4058.39,8,1201.74,17-11-2025
2679,4052,South,Office Supplies,3398.16,1,1061.4,25-06-2024
2680,1552,West,Office Supplies,300.28,8,1467.28,24-03-2024
2681,3365,East,Electronics,1818.63,5,707.93,21-07-2025
2682,2525,South,Office Supplies,3442.65,1,-48.35,01-04-2024
2683,2851,North,Office Supplies,2911.03,4,425.21,08-01-2024
2684,1380,North,Furniture,4892.53,7,1225.68,23-10-2025
2685,2646,East,Furniture,4343.97,5,474.67,27-07-2025
2686,1013,East,Electronics,392.72,3,574.65,23-02-2024
2687,1503,South,Furniture,3656.27,4,500.35,11-06-2024
2688,3278,West,Office Supplies,1748,2,200.14,22-09-2025
2689,3008,South,Electronics,3442.21,8,-75.57,23-04-2025
2690,4155,North,Electronics,3124.4,2,106.95,17-04-2024
2691,1129,West,Furniture,2564.95,6,418.7,27-09-2024
2692,4814,West,Furniture,4279.45,7,217.24,17-09-2025
2693,1837,West,Furniture,3572.58,7,773.65,24-08-2024
2694,4216,South,Electronics,4458.82,1,843.64,17-09-2024
2695,3938,North,Furniture,1479.86,8,769.11,12-06-2025
2696,4928,East,Office Supplies,1805.82,9,-55.64,26-08-2025
2697,3040,South,Electronics,3147.56,7,933.66,20-09-2025
2698,1027,East,Furniture,4835.68,8,453.79,21-01-2025
2699,3113,West,Office Supplies,1920.75,4,1292.87,06-02-2025
2700,4234,West,Office Supplies,258.24,8,693.54,23-12-2024
2701,2252,South,Furniture,2284.85,3,-56.33,06-08-2024
2702,1260,North,Office Supplies,2765.25,1,-184.33,09-04-2025
2703,3046,West,Electronics,4024.84,8,994.27,24-02-2025
2704,2472,East,Electronics,3670.14,6,480.87,28-05-2024
2705,2447,East,Office Supplies,4826.85,9,289.59,22-12-2024
2706,1459,South,Electronics,3935.15,3,560.2,20-02-2024
2707,4747,East,Furniture,1563.28,8,-76.93,23-02-2024
2708,1300,North,Office Supplies,3242.76,9,466.37,18-05-2024
2709,3966,West,Electronics,3393.98,9,334.99,31-10-2025
2710,4374,East,Furniture,4990.3,7,1160.32,22-04-2024
2711,3334,East,Furniture,779.82,3,97.25,02-03-2025
2712,4466,West,Electronics,1037.49,3,1085.74,12-05-2025
2713,4081,South,Office Supplies,862.02,2,650.68,18-10-2024
2714,4778,East,Furniture,2986.39,1,-60.79,11-12-2024
2715,1629,South,Furniture,762.98,2,1448.45,25-05-2025
2716,1269,South,Furniture,3314.44,5,1048.16,16-03-2025
2717,3639,East,Furniture,4038.49,1,242.16,23-09-2025
2718,2993,North,Office Supplies,2220.69,4,788.98,25-08-2025
2719,2628,South,Electronics,2847.36,1,1329.89,22-12-2025
2720,2801,East,Electronics,4572.34,8,1382.37,25-04-2025
2721,3891,South,Electronics,2890.87,5,1042.97,15-08-2024
2722,1861,West,Furniture,1122.17,4,1037.04,01-09-2025
2723,4432,North,Office Supplies,1781.65,3,271.51,30-03-2024
2724,2280,North,Electronics,2696.24,9,1482.6,19-06-2025
2725,3180,West,Office Supplies,859,6,213.92,30-01-2025
2726,4347,West,Electronics,3101.35,1,-48.01,15-03-2024
2727,2799,South,Furniture,4996.31,8,1461.55,22-10-2025
2728,2706,West,Electronics,3297.42,2,59.84,01-12-2024
2729,4019,North,Furniture,1924.81,9,686.74,12-06-2024
2730,3560,West,Furniture,1725.56,7,596.01,02-06-2025
2731,3360,East,Electronics,4664.86,3,1241.95,18-07-2025
2732,1575,East,Office Supplies,4370.42,4,474.32,04-06-2024
2733,3933,South,Furniture,2414.56,3,653.71,17-05-2025
2734,3003,North,Office Supplies,1831.73,6,-125.65,29-11-2024
2735,2307,East,Electronics,3581.27,9,153.32,05-05-2025
2736,4192,West,Furniture,1641.06,9,1216.09,29-08-2025
2737,4178,East,Office Supplies,685.08,1,613.21,23-11-2024
2738,2956,East,Furniture,1619.75,6,192.58,01-01-2024
2739,3734,South,Electronics,2228.05,1,427.14,25-12-2024
2740,3020,West,Furniture,1351.52,4,284.66,18-09-2025
2741,4275,West,Electronics,1162.39,7,745.58,02-12-2024
2742,3212,West,Office Supplies,130.09,4,-112.54,06-07-2025
2743,3352,South,Furniture,3191.13,9,182.45,05-07-2024
2744,4568,West,Office Supplies,3110.8,5,403.44,25-09-2024
2745,2655,West,Electronics,1021.32,9,1377.96,06-03-2025
2746,2579,East,Electronics,4723.89,1,859.57,22-06-2025
2747,2847,East,Office Supplies,2106.9,4,657.23,02-05-2024
2748,3203,West,Office Supplies,224.85,7,124.4,05-07-2025
2749,2390,North,Electronics,1176.88,2,748.35,06-08-2024
2750,2742,North,Office Supplies,3491.13,9,1379.32,19-02-2025
2751,2925,West,Electronics,1087.94,3,762.73,04-07-2024
2752,1619,North,Office Supplies,364.17,4,80.12,10-08-2025
2753,2274,South,Electronics,3126.76,4,1495.1,17-07-2025
2754,1956,East,Electronics,2639.94,8,648.06,23-07-2024
2755,2939,South,Furniture,3830.2,2,343.24,01-12-2024
2756,4953,East,Electronics,3885.89,5,655.74,24-01-2025
2757,3381,North,Electronics,4803.68,2,248.27,30-10-2024
2758,4713,North,Furniture,379.39,6,-148.37,09-11-2025
2759,1968,West,Furniture,291.05,9,1312.19,26-05-2025
2760,3558,North,Office Supplies,4937.27,9,529.09,13-08-2024
2761,2316,North,Office Supplies,3259.75,1,1079.92,27-05-2025
2762,2043,West,Electronics,3605.32,4,1451.13,29-01-2024
2763,1281,West,Office Supplies,572.76,4,875.4,26-08-2025
2764,3844,East,Office Supplies,442.08,1,975.75,06-09-2025
2765,4072,North,Electronics,885.24,2,1403.51,26-05-2025
2766,3166,East,Furniture,2193.26,6,678.14,26-09-2025
2767,2058,East,Furniture,639.86,3,343.83,05-09-2025
2768,1197,South,Electronics,2287.04,9,1366.35,19-12-2024
2769,3532,North,Electronics,2851.53,3,-82.71,25-12-2025
2770,4828,North,Electronics,101.63,3,164.83,16-04-2025
2771,2082,South,Electronics,659.8,9,380.15,19-11-2025
2772,3884,East,Electronics,1938.46,3,1129.59,10-11-2024
2773,2184,North,Electronics,361.32,6,1336.63,10-07-2025
2774,2008,East,Office Supplies,754.29,6,568.04,05-10-2024
2775,3738,South,Office Supplies,1235.8,1,286.42,14-10-2024
2776,2229,West,Office Supplies,2205.05,7,400.46,01-01-2025
2777,2035,East,Furniture,3602.7,9,916.13,26-11-2024
2778,1489,North,Electronics,750.17,9,68.61,31-01-2025
2779,1275,West,Electronics,3716,9,730.63,19-01-2025
2780,3740,East,Office Supplies,4289.8,2,800.35,31-07-2025
2781,3289,East,Furniture,3292.25,1,1003.35,25-05-2025
2782,2239,West,Office Supplies,314.26,6,826.63,11-07-2025
2783,2274,West,Electronics,2259.2,6,-35.18,30-01-2024
2784,4882,West,Electronics,3334.32,4,970.96,15-07-2024
2785,1125,North,Office Supplies,4894.71,8,-163.03,19-09-2024
2786,1216,North,Office Supplies,4763.86,5,463.52,11-02-2025
2787,4377,East,Electronics,2038.95,7,509.01,04-04-2024
2788,4868,East,Office Supplies,3118.06,9,-1.73,12-02-2024
2789,2208,South,Electronics,4464.99,1,-183.24,05-02-2024
2790,4110,North,Office Supplies,4172.13,9,-79.02,02-04-2025
2791,2246,East,Furniture,2449.17,4,558.71,08-05-2024
2792,4255,West,Electronics,1380.08,7,208.6,02-06-2025
2793,3542,West,Furniture,771.79,4,-82.73,13-02-2024
2794,3474,North,Office Supplies,2491.1,4,235.89,01-03-2024
2795,4249,West,Furniture,3641.94,4,699,21-06-2025
2796,1918,South,Office Supplies,4851.87,6,1061.64,28-12-2024
2797,4499,East,Furniture,4322.89,5,500.4,30-04-2024
2798,2317,East,Furniture,1100.78,2,842.35,11-05-2025
2799,4923,East,Furniture,3626.91,9,814.5,06-06-2024
2800,3198,North,Electronics,1516.6,6,1323.73,13-09-2024
2801,3431,West,Furniture,3449.02,6,104.97,28-07-2025
2802,2661,South,Office Supplies,3362.45,9,609.93,27-09-2024
2803,4884,North,Office Supplies,1434.91,1,874.11,06-11-2024
2804,1307,East,Electronics,1248.5,7,683.53,08-11-2024
2805,2359,South,Electronics,609.3,3,565.58,26-04-2024
2806,2969,East,Office Supplies,347.64,4,1454.88,10-12-2024
2807,3793,East,Furniture,4306.41,1,1401.42,26-06-2024
2808,1891,North,Office Supplies,344.26,3,839.47,26-04-2024
2809,1374,East,Electronics,534.83,7,547.28,06-11-2025
2810,4079,South,Electronics,1270.37,6,1084.15,13-06-2024
2811,3033,East,Office Supplies,4449.53,1,671.99,22-06-2024
2812,2364,West,Furniture,1731.41,9,1492.47,22-09-2025
2813,1128,East,Furniture,1039.82,4,966.09,03-06-2024
2814,2014,North,Electronics,3606.22,7,-84.13,20-10-2025
2815,2799,South,Office Supplies,1663.44,4,483.25,17-08-2025
2816,3716,North,Office Supplies,1733.5,7,1041.45,24-05-2025
2817,4423,West,Electronics,3720.99,5,1232.03,05-11-2024
2818,2381,East,Office Supplies,1333.1,1,1182.73,25-12-2025
2819,1516,North,Electronics,4494.12,4,1461.3,21-08-2024
2820,2518,North,Furniture,2850.97,3,631.5,16-12-2024
2821,1085,North,Furniture,2735.38,6,38.11,10-06-2024
2822,2198,North,Office Supplies,1397.29,6,908.81,13-08-2025
2823,4873,West,Furniture,4191.96,1,-79.73,21-11-2025
2824,4264,West,Furniture,2906.47,2,1454.99,18-10-2024
2825,3358,East,Electronics,862.03,2,1089.51,06-05-2024
2826,2142,East,Electronics,1110.86,4,1469.65,23-11-2025
2827,4289,South,Office Supplies,2394.45,9,441.33,24-08-2025
2828,3474,West,Electronics,3920.24,2,-173.15,03-04-2024
2829,2993,North,Office Supplies,4702.55,8,686.19,21-03-2025
2830,4485,North,Office Supplies,3351.14,1,6.01,29-03-2024
2831,3161,South,Electronics,2580.1,8,955.37,22-01-2025
2832,4216,North,Furniture,1328.59,3,645.84,05-09-2024
2833,4609,South,Furniture,3397.05,5,1080.86,29-06-2024
2834,4719,East,Furniture,4912.97,1,294.82,01-03-2024
2835,1302,West,Furniture,2433.49,1,1209.58,26-05-2024
2836,3791,South,Office Supplies,894.5,6,906.39,22-09-2025
2837,4952,North,Furniture,606.37,3,1479.11,26-11-2025
2838,1587,South,Office Supplies,1419.36,8,103.55,07-10-2024
2839,1986,East,Electronics,2890.27,4,-113.01,19-07-2025
2840,2863,North,Electronics,4739.35,6,1246.78,21-04-2024
2841,1344,East,Office Supplies,1565.91,9,375.37,17-11-2025
2842,1813,East,Furniture,1596.42,8,533.12,23-10-2024
2843,2987,South,Office Supplies,2457.78,4,1373.64,21-11-2025
2844,3848,East,Furniture,4600.86,8,549.18,15-07-2025
2845,4072,North,Furniture,2153.37,7,306.63,26-04-2024
2846,4218,East,Office Supplies,1193.82,5,-98.86,27-01-2024
2847,2310,East,Office Supplies,899.34,7,552.99,07-03-2025
2848,2999,South,Furniture,2339.38,7,913.42,06-11-2024
2849,2677,East,Office Supplies,4023.32,2,257.6,03-12-2025
2850,4124,West,Furniture,1527.63,7,1020.22,24-01-2025
2851,2327,South,Office Supplies,2611.36,3,613.05,05-11-2025
2852,2092,South,Electronics,3054.74,8,1258.78,06-04-2025
2853,3408,North,Furniture,2307.31,8,74.95,06-01-2024
2854,4673,North,Electronics,1039.28,9,1087.04,03-12-2025
2855,4291,North,Office Supplies,4616.55,4,1385.34,13-06-2025
2856,2009,North,Electronics,2870.7,3,1060.38,07-06-2024
2857,1703,West,Office Supplies,3672.76,9,490.09,03-11-2024
2858,1574,South,Furniture,3216.61,9,191.77,17-10-2025
2859,2608,East,Office Supplies,4990.44,2,-32.78,13-07-2024
2860,4232,North,Office Supplies,2335.92,6,892.03,23-04-2025
2861,4752,North,Furniture,2182.36,3,42.85,17-08-2024
2862,2112,North,Office Supplies,1864.69,5,1225.12,20-05-2025
2863,1687,East,Furniture,1871.98,2,1433.25,02-12-2025
2864,3828,North,Office Supplies,1451.27,4,30.84,02-12-2024
2865,3632,East,Furniture,4905.09,3,439.29,22-11-2025
2866,4828,South,Electronics,4366.83,2,1393.36,12-05-2024
2867,3636,South,Office Supplies,1651.7,6,600.2,20-12-2025
2868,4230,South,Office Supplies,1595.62,3,710.21,18-10-2025
2869,1488,West,Office Supplies,607.32,4,1070.78,07-06-2024
2870,4018,East,Furniture,4397.45,6,157.91,28-09-2024
2871,2347,North,Office Supplies,1921.65,5,1464.55,16-06-2025
2872,4681,North,Furniture,2905.82,4,1127.5,11-11-2025
2873,4452,North,Office Supplies,4511.85,4,74.33,21-10-2024
2874,4173,North,Electronics,2099.69,2,-11.18,25-11-2024
2875,1493,West,Office Supplies,4053.65,4,1389.42,07-10-2024
2876,2667,North,Electronics,2208.4,8,964.55,12-03-2025
2877,2637,West,Furniture,3534.61,5,-134.44,04-03-2024
2878,1018,East,Electronics,2212.8,8,41.38,24-12-2024
2879,4525,South,Office Supplies,2024.52,6,-118.69,16-08-2024
2880,4553,North,Office Supplies,4954.48,5,1455.94,05-09-2025
2881,4665,South,Furniture,3100.51,4,646.35,03-09-2024
2882,3444,East,Office Supplies,1900.22,9,585.65,01-04-2024
2883,2000,East,Office Supplies,1363.32,5,1424.82,09-10-2025
2884,4350,North,Furniture,294.86,6,657.88,01-01-2024
2885,1850,East,Furniture,3562.18,7,680.18,10-11-2024
2886,2388,South,Electronics,1923.57,1,1472.97,17-10-2024
2887,2354,North,Furniture,4124.15,9,-10.57,02-09-2024
2888,4712,West,Office Supplies,1882.96,8,1475.78,27-08-2024
2889,2367,North,Furniture,1929.31,5,81.65,25-04-2025
2890,1821,South,Office Supplies,3917.99,3,603.95,28-09-2024
2891,1454,North,Electronics,2498.39,5,373.94,15-10-2025
2892,2624,North,Furniture,4435.98,5,1424.22,31-05-2025
2893,3772,South,Office Supplies,2991.67,9,625.36,09-11-2024
2894,4726,North,Furniture,1279.16,7,-160.88,22-07-2025
2895,4136,North,Furniture,2884.53,2,176.87,18-05-2024
2896,4147,South,Furniture,119.61,5,532.38,12-05-2025
2897,1710,East,Furniture,1630.75,9,949.86,22-11-2024
2898,3190,South,Electronics,1118.97,2,755.24,30-04-2024
2899,1916,North,Office Supplies,3305.52,8,1244.85,26-01-2025
2900,4986,West,Furniture,766.59,3,1208.34,09-04-2025
2901,3875,West,Office Supplies,1521.48,4,803.87,25-06-2024
2902,3652,South,Electronics,1723.41,2,771.24,29-12-2024
2903,2496,West,Office Supplies,116.14,9,272.88,12-05-2025
2904,2440,North,Office Supplies,329.16,6,1428.44,09-06-2024
2905,1304,North,Electronics,1624.52,9,-69.35,25-10-2025
2906,1735,South,Furniture,1189.55,8,474.95,03-07-2025
2907,4568,North,Office Supplies,672.84,9,923.42,30-11-2024
2908,3338,East,Office Supplies,855.39,5,1407.63,19-02-2024
2909,2963,North,Furniture,4194.13,6,652.6,29-03-2024
2910,3149,South,Furniture,3448.27,7,1323.06,29-07-2025
2911,3009,East,Office Supplies,2472.18,5,-21.84,21-12-2025
2912,4338,East,Electronics,4553.49,1,703.69,12-08-2024
2913,3914,West,Furniture,244.81,9,337.29,20-01-2025
2914,4015,North,Furniture,1790.18,2,1152.68,15-06-2024
2915,4693,South,Electronics,4134.58,7,556.49,14-12-2025
2916,4021,West,Office Supplies,3178.62,8,607.93,15-10-2025
2917,3889,West,Furniture,4910.27,8,-89.87,02-12-2024
2918,1961,North,Office Supplies,4728.12,1,544.62,12-08-2025
2919,3989,North,Office Supplies,932.72,7,-62.59,10-03-2025
2920,4848,South,Office Supplies,4862.74,9,309.26,05-06-2025
2921,2026,West,Electronics,4733.12,3,15.7,04-09-2024
2922,3132,South,Office Supplies,1930.69,8,368.62,13-02-2024
2923,4865,West,Office Supplies,4916.11,8,186.56,01-05-2025
2924,3375,West,Furniture,275.64,9,284.81,21-04-2025
2925,3863,West,Furniture,3337.68,8,52.26,18-04-2024
2926,2473,North,Electronics,1404.12,5,547.33,30-11-2025
2927,3501,West,Electronics,734.37,5,645.88,10-03-2024
2928,2947,West,Furniture,2929.92,3,1222.3,26-06-2025
2929,3676,West,Furniture,1601.12,6,716,28-11-2025
2930,4292,East,Electronics,3367.44,3,188.89,13-11-2025
2931,2177,North,Office Supplies,2745.91,2,1051.02,18-04-2024
2932,1664,East,Electronics,2023.69,7,305.32,31-08-2025
2933,1011,North,Office Supplies,990.93,3,1085.87,03-07-2025
2934,2156,South,Furniture,3046.13,4,458.18,20-09-2024
2935,1303,East,Furniture,4163.23,8,673.25,16-10-2024
2936,4364,South,Furniture,3040.02,1,656.38,24-05-2024
2937,4022,West,Office Supplies,3091.56,9,1424.58,12-06-2025
2938,4371,South,Electronics,2608,6,61.23,03-04-2024
2939,2763,South,Office Supplies,2002.38,2,1395.54,03-12-2024
2940,3830,South,Electronics,2341.54,3,755.38,18-07-2025
2941,1042,South,Electronics,4948.75,5,1489.27,12-09-2025
2942,1943,North,Electronics,3773.38,6,774.34,22-07-2025
2943,3390,East,Furniture,2209.74,9,915.84,21-10-2025
2944,2349,North,Electronics,2340.75,2,1074.28,01-03-2024
2945,4885,North,Furniture,2548.2,5,1197.04,20-06-2025
2946,3545,North,Electronics,3330.64,7,611.86,18-03-2024
2947,3411,South,Electronics,2383.2,7,953.61,22-06-2025
2948,1890,North,Furniture,3462.28,4,845.3,06-03-2025
2949,3474,East,Furniture,1713.02,3,492.05,08-04-2024
2950,2004,North,Office Supplies,2112.13,8,1195.36,23-06-2025
2951,1020,West,Electronics,4333.86,2,127.16,07-10-2025
2952,1406,South,Furniture,1711.64,5,84.12,10-11-2024
2953,3666,West,Office Supplies,4825.74,5,1051.94,10-08-2024
2954,2014,East,Office Supplies,945.27,1,883.73,07-07-2024
2955,1335,East,Furniture,1284.23,7,340.02,31-10-2024
2956,2838,East,Electronics,2372.03,4,879.72,21-12-2024
2957,4188,East,Office Supplies,4007.3,2,1110.1,24-04-2025
2958,2147,North,Electronics,3684.72,8,168.84,09-02-2024
2959,3446,South,Electronics,954.88,4,788.37,20-04-2025
2960,3840,East,Office Supplies,1259.76,1,1201.93,23-04-2024
2961,2827,West,Furniture,2918.79,8,499.11,21-11-2024
2962,1714,East,Electronics,1546.31,7,771.95,09-11-2025
2963,1050,South,Furniture,2169.39,3,-66.49,13-09-2025
2964,4854,West,Office Supplies,2484.31,3,1211.8,15-06-2025
2965,1323,West,Electronics,3011.81,7,1153.41,17-08-2024
2966,1788,West,Furniture,1330.15,2,575.63,22-01-2025
2967,1140,North,Furniture,899.39,5,2.72,31-10-2024
2968,1469,East,Electronics,2052.96,7,922.68,16-03-2024
2969,1786,North,Furniture,501.93,6,774.07,21-09-2024
2970,2825,West,Furniture,2681.15,7,1363.12,10-11-2024
2971,2357,North,Office Supplies,4214.07,2,275.67,19-09-2025
2972,2916,North,Office Supplies,682.98,7,-145.05,29-05-2025
2973,1963,North,Furniture,652.38,2,233.06,06-06-2025
2974,4055,East,Furniture,493.07,7,527.44,17-09-2024
2975,1372,West,Electronics,4254.52,8,64.26,03-01-2025
2976,4635,West,Office Supplies,495.45,8,1465.55,25-10-2025
2977,3541,East,Electronics,4918.96,5,178.06,10-12-2025
2978,4610,North,Furniture,1855.82,7,952.36,22-03-2024
2979,2692,North,Electronics,1710.93,8,571.99,28-09-2025
2980,3798,South,Furniture,549,4,743.75,17-08-2024
2981,2179,South,Office Supplies,2969.64,2,1385.56,07-10-2025
2982,3338,South,Office Supplies,2970.82,7,703.64,20-08-2025
2983,2671,East,Furniture,2519.65,1,318.89,24-10-2024
2984,4215,West,Office Supplies,1624,2,175.38,08-07-2025
2985,1105,South,Furniture,1906.05,7,1316.39,16-12-2025
2986,2443,West,Electronics,1670.47,1,1477.43,07-10-2024
2987,3717,West,Furniture,2188.12,7,228.11,12-04-2025
2988,2681,West,Electronics,1774.76,5,1027.29,13-06-2025
2989,1001,East,Furniture,3410.03,3,659.78,11-02-2025
2990,3636,East,Office Supplies,1549.35,2,987.59,03-12-2025
2991,3691,East,Furniture,1819.11,7,1439.16,10-08-2024
2992,3137,East,Furniture,2233.75,9,269.35,15-01-2024
2993,4416,South,Furniture,119.41,9,1057.91,24-11-2025
2994,1349,North,Office Supplies,2511.2,8,544.51,29-06-2025
2995,4530,North,Furniture,1353.52,2,909.31,28-06-2024
2996,2286,North,Office Supplies,375.14,1,491.31,02-01-2024
2997,4422,South,Furniture,4564,8,1004.17,30-05-2024
2998,4179,North,Electronics,1679.85,2,373.75,19-04-2024
2999,4657,South,Furniture,2187.82,4,630.2,02-11-2024
3000,2062,South,Electronics,4153.98,4,1004.95,31-01-2025
3001,3956,South,Office Supplies,917.27,2,-127.4,09-09-2025
3002,3206,North,Office Supplies,4266.51,4,357.75,14-01-2024
3003,4654,West,Furniture,1284.03,7,728.51,29-09-2024
3004,4006,North,Office Supplies,2986.29,6,-73.97,12-01-2025
3005,3359,North,Furniture,3459.82,6,995.37,17-10-2025
3006,4312,East,Office Supplies,4534.57,4,1182.59,25-07-2024
3007,1444,South,Electronics,3077.43,2,77.66,10-09-2025
3008,3345,West,Office Supplies,2320.84,5,1046.89,03-09-2024
3009,1951,East,Electronics,2904.12,3,898.54,21-01-2025
3010,1035,West,Furniture,1090.2,3,498.49,15-03-2024
3011,2107,West,Furniture,3476.46,4,80.48,12-02-2024
3012,2475,South,Furniture,1015.72,5,1423.29,12-05-2024
3013,4957,North,Electronics,2830.51,2,588.82,06-03-2025
3014,2798,South,Furniture,3273.26,6,112.19,11-03-2025
3015,2845,South,Furniture,4503.06,6,1020.88,25-02-2024
3016,2408,East,Electronics,2305.93,8,833.43,26-07-2024
3017,2195,South,Office Supplies,3899.13,2,1187.54,13-04-2024
3018,2399,North,Furniture,920.9,8,1493.36,08-04-2025
3019,2708,West,Office Supplies,865.36,8,-123.73,14-04-2025
3020,2385,South,Office Supplies,2671.51,4,1056.84,02-08-2025
3021,3606,West,Furniture,3022.07,7,1481.52,06-09-2024
3022,3938,South,Furniture,3198.47,7,714.99,25-08-2025
3023,3188,West,Electronics,3753.8,1,1016.69,06-02-2025
3024,3934,South,Electronics,1545.16,1,549.89,26-01-2024
3025,4989,East,Furniture,3150.78,8,406.52,19-12-2025
3026,4189,West,Office Supplies,1021.88,1,983.98,10-01-2024
3027,2300,South,Electronics,1173.09,3,1479.75,01-09-2025
3028,3773,South,Electronics,429.81,6,-44.17,05-09-2025
3029,2243,East,Furniture,3760.3,8,517.61,11-05-2025
3030,4976,East,Furniture,2584.27,5,1399.05,13-02-2025
3031,4097,East,Furniture,1267.11,5,-8.24,15-05-2024
3032,1520,West,Furniture,2825.56,4,906.59,08-08-2024
3033,2806,West,Electronics,1835.78,4,531.28,27-06-2025
3034,1009,East,Electronics,4202.33,7,440.72,03-10-2024
3035,1983,North,Electronics,2687.92,6,156.05,05-04-2024
3036,3425,North,Office Supplies,246.07,8,99.77,14-03-2025
3037,2656,South,Electronics,4926.97,6,677.69,22-05-2025
3038,2660,North,Electronics,464.06,7,441.64,18-11-2025
3039,3729,South,Furniture,3510.2,5,635.63,06-09-2025
3040,3631,West,Electronics,2242.55,6,133.09,05-07-2024
3041,3199,West,Electronics,1321.66,1,395.34,06-02-2024
3042,1719,North,Electronics,3414.65,3,1493.91,28-07-2024
3043,2072,West,Furniture,716.9,8,425.72,18-02-2025
3044,4225,East,Electronics,4305.41,3,501.61,10-05-2024
3045,1858,East,Electronics,1328,1,-166.21,07-04-2024
3046,2316,North,Office Supplies,1871.12,3,447.4,18-03-2025
3047,2603,North,Office Supplies,3199.95,4,1097.77,28-06-2025
3048,1049,South,Office Supplies,105.04,8,676.51,05-02-2024
3049,3711,West,Office Supplies,2416.47,9,916.98,29-05-2025
3050,3578,South,Furniture,4481.82,4,746.14,04-10-2025
3051,4683,South,Office Supplies,3434.04,7,-20.67,07-08-2024
3052,4131,East,Electronics,2000.71,1,364.65,27-12-2024
3053,4238,East,Office Supplies,3336.08,9,980.2,24-11-2025
3054,4273,East,Furniture,4689.19,4,731.5,28-01-2024
3055,3904,East,Office Supplies,1020.25,9,947.43,21-06-2025
3056,1145,South,Office Supplies,2705.86,3,412.31,30-10-2025
3057,1914,East,Furniture,1250.21,5,129.27,05-06-2025
3058,4747,West,Furniture,4285.7,1,1210.68,18-04-2024
3059,4040,East,Furniture,3633.15,3,439.71,30-08-2025
3060,2462,East,Furniture,4025.27,5,913.52,19-10-2025
3061,3289,East,Furniture,4720.76,6,448.12,29-06-2024
3062,1580,North,Furniture,1238.31,8,1376.33,28-07-2024
3063,3734,West,Electronics,338.72,1,1486.3,07-12-2024
3064,2584,West,Office Supplies,1525.43,3,903.18,18-10-2025
3065,1482,South,Office Supplies,2055.78,1,823.66,18-02-2024
3066,4179,South,Furniture,3163.28,5,1229.41,17-04-2025
3067,2249,East,Furniture,4008.75,8,677.59,27-10-2025
3068,1672,North,Electronics,1814.04,4,1278.16,24-11-2024
3069,1630,South,Electronics,2420.14,9,502,09-07-2025
3070,3708,South,Furniture,3948.79,6,-145.77,23-08-2024
3071,1661,East,Electronics,1204.11,6,1375.2,16-03-2025
3072,4503,East,Electronics,1163.95,5,1026.6,30-04-2024
3073,3852,South,Furniture,2987.24,5,668.3,04-09-2024
3074,4726,South,Furniture,2236.68,7,1406.32,02-06-2025
3075,3466,West,Furniture,4749.59,8,1307.51,20-01-2024
3076,1987,North,Furniture,1849.45,7,-15.68,26-11-2025
3077,4526,West,Office Supplies,3821.82,1,861.48,17-05-2025
3078,4231,South,Office Supplies,2957.15,1,714.78,29-12-2024
3079,2546,West,Furniture,367.42,6,1120.01,03-05-2025
3080,1649,West,Electronics,513.49,3,311.31,18-07-2024
3081,1968,South,Furniture,1095.47,9,-186.2,06-02-2025
3082,3637,East,Office Supplies,801.45,7,115.18,01-09-2024
3083,2100,South,Electronics,1713.92,2,158.6,27-04-2025
3084,3556,East,Office Supplies,2937.05,3,295.41,29-07-2025
3085,1440,South,Furniture,3051.58,8,429.67,26-10-2025
3086,4325,South,Office Supplies,2980.06,1,1001.14,17-01-2024
3087,1920,South,Office Supplies,676.28,5,-73.78,08-02-2024
3088,1769,North,Office Supplies,3041.1,1,627.13,26-10-2025
3089,2343,East,Electronics,2107.76,9,647.69,21-10-2024
3090,2826,North,Office Supplies,4524.96,7,846.98,08-02-2024
3091,1262,South,Electronics,4568.72,5,327.93,05-07-2024
3092,4668,West,Furniture,3864.05,6,241.64,04-11-2024
3093,4729,North,Furniture,3545.23,3,622.6,27-12-2024
3094,4906,East,Office Supplies,663.27,3,921.33,06-04-2025
3095,2577,South,Electronics,515,7,-124.19,30-10-2025
3096,4445,North,Furniture,4220.09,7,299.09,18-08-2024
3097,3684,West,Electronics,2192.38,7,1138.43,06-12-2025
3098,4238,North,Electronics,2311.68,2,623.12,06-09-2024
3099,4824,East,Office Supplies,4254.19,2,1418.1,02-01-2024
3100,3506,North,Office Supplies,3145.01,5,1274.82,19-04-2025
3101,1998,West,Electronics,979.1,4,384.71,14-10-2025
3102,4351,West,Electronics,1133.96,7,1034.66,30-06-2024
3103,1699,East,Office Supplies,131.25,3,266.32,02-01-2024
3104,3349,West,Electronics,3582.28,5,98,18-06-2024
3105,4602,South,Office Supplies,2479.5,2,1297.73,26-09-2024
3106,2603,West,Electronics,4754.82,1,395.42,02-11-2024
3107,2241,South,Office Supplies,3598.66,9,145.81,18-02-2024
3108,2125,North,Electronics,605.45,4,1440.46,25-02-2025
3109,3601,South,Office Supplies,891.55,8,-147.25,11-10-2024
3110,3335,South,Electronics,2558.45,7,423.73,14-01-2025
3111,2190,North,Furniture,4631.88,1,-134.69,18-05-2025
3112,3668,West,Furniture,1311.53,7,656.97,09-07-2025
3113,2005,South,Electronics,4145.34,2,482,25-07-2025
3114,1035,West,Furniture,1630.13,3,1025.14,17-07-2024
3115,1743,North,Electronics,1422.5,1,1421.86,18-04-2024
3116,2764,East,Electronics,4516.82,7,683.47,05-03-2024
3117,1352,West,Furniture,331.48,3,285.18,15-11-2025
3118,4747,West,Electronics,3337.63,6,1282.7,18-12-2024
3119,2922,East,Office Supplies,311.52,7,827.72,07-04-2024
3120,1072,East,Electronics,4023.74,3,740.92,08-05-2024
3121,3695,North,Electronics,4164.08,2,120.58,24-09-2024
3122,2376,West,Furniture,4477.45,9,-130.99,12-02-2025
3123,2914,West,Office Supplies,1011.84,9,584.39,27-03-2024
3124,2093,North,Electronics,710.04,7,697.68,23-08-2025
3125,3472,West,Electronics,2567.32,5,16.06,28-01-2025
3126,4046,South,Electronics,1431,4,-99.03,25-03-2025
3127,1707,South,Electronics,3070.86,4,167.34,15-04-2025
3128,2804,South,Electronics,2617.36,1,-92.73,03-10-2025
3129,3608,West,Electronics,809.78,4,-104.56,05-10-2025
3130,3875,South,Office Supplies,3722.43,7,555.08,19-04-2024
3131,4713,South,Office Supplies,4038.54,5,1177.42,20-10-2024
3132,1955,North,Electronics,4818.91,9,928.78,02-08-2024
3133,3564,North,Electronics,2038.14,4,955,07-11-2024
3134,3475,East,Furniture,1754.9,3,246.14,22-07-2024
3135,4610,East,Office Supplies,1042.09,6,-181.12,03-03-2025
3136,1159,East,Office Supplies,986.24,4,566.1,19-06-2025
3137,3196,East,Electronics,1673.16,2,441.11,02-04-2024
3138,3823,North,Office Supplies,4910.9,5,1410.3,11-11-2025
3139,4301,North,Office Supplies,552.07,4,-77.57,28-01-2024
3140,2735,North,Furniture,1370.89,5,1119.91,13-11-2024
3141,2585,South,Furniture,521.29,9,455.21,02-02-2025
3142,1066,South,Office Supplies,1440.79,4,1210.35,02-12-2025
3143,4061,East,Office Supplies,552.77,6,641.34,22-09-2024
3144,4883,South,Office Supplies,2590.71,4,1194.85,11-10-2024
3145,3428,West,Electronics,2247.94,1,593.64,03-03-2024
3146,1057,North,Furniture,952.85,2,483.16,21-08-2025
3147,4330,East,Electronics,956.56,6,1438.3,02-06-2025
3148,1341,East,Furniture,3167.93,8,427.06,28-10-2025
3149,4909,West,Furniture,1996.89,9,1169.01,20-01-2024
3150,2153,South,Furniture,375.36,4,-86.04,13-12-2024
3151,3774,East,Office Supplies,4608.94,6,-93.5,19-02-2024
3152,2195,South,Furniture,2084.27,3,544.78,07-07-2024
3153,3817,South,Electronics,2996.13,9,795.47,07-03-2024
3154,3661,West,Furniture,4438.52,8,834.51,30-12-2024
3155,2232,East,Electronics,2070.58,1,-138.14,20-07-2024
3156,4874,South,Furniture,4121.23,2,984.46,08-04-2024
3157,3401,South,Furniture,4582.29,9,20.87,22-10-2025
3158,2494,West,Office Supplies,952.93,3,1424.09,08-06-2024
3159,2821,West,Electronics,4473.21,3,367.03,08-11-2025
3160,1115,South,Furniture,687.18,9,244.46,28-01-2024
3161,4335,West,Furniture,1448.12,3,295.15,10-04-2025
3162,1661,South,Electronics,4060.24,5,1393.5,30-11-2025
3163,4883,East,Furniture,4513.35,6,620.83,16-07-2024
3164,2465,North,Office Supplies,3452.28,3,538.96,27-07-2024
3165,4619,West,Electronics,613.65,8,762.03,12-03-2025
3166,3500,North,Office Supplies,2662.66,2,1382.3,22-09-2024
3167,2868,South,Electronics,2905.91,6,324.18,05-05-2025
3168,4548,South,Electronics,1481.11,2,107.39,12-02-2025
3169,3334,South,Electronics,4957.35,9,812.33,13-09-2024
3170,4374,North,Furniture,1744.58,6,635.85,01-12-2024
3171,2016,South,Electronics,1130.25,9,-94.65,20-08-2024
3172,1310,West,Electronics,639.67,4,687.29,16-12-2025
3173,1207,East,Electronics,1954.66,3,756.11,13-03-2024
3174,3665,East,Office Supplies,3493.83,2,980.06,13-01-2024
3175,3493,West,Electronics,1233.94,8,1492.42,05-08-2025
3176,3717,East,Furniture,3870.77,4,516.69,19-05-2025
3177,1632,North,Electronics,763.47,2,667.35,01-01-2024
3178,3102,South,Electronics,2258.29,9,-72.5,07-06-2024
3179,3959,South,Office Supplies,3541.63,8,1213.7,23-05-2025
3180,4083,South,Furniture,763.02,5,-33.14,27-04-2025
3181,1656,North,Furniture,3029.43,8,1387.51,03-08-2024
3182,2423,North,Furniture,4014.87,5,392.45,13-07-2024
3183,2931,North,Electronics,3018.19,7,373.89,07-11-2024
3184,4719,West,Electronics,2606.17,5,358.64,06-02-2025
3185,4027,North,Furniture,4207.67,5,1415.83,04-01-2024
3186,3562,East,Furniture,4928.56,4,1466.18,25-06-2025
3187,2679,West,Office Supplies,988.43,5,1454.51,15-04-2024
3188,4613,West,Furniture,3487.6,7,998.14,01-05-2024
3189,1236,West,Electronics,495.22,3,-11.2,08-12-2025
3190,4350,North,Electronics,309.92,4,456.82,15-12-2025
3191,1347,West,Electronics,1476.01,8,291.83,23-09-2024
3192,3674,North,Office Supplies,4857.51,6,1004.26,28-08-2024
3193,4175,North,Furniture,2805.76,8,637.51,22-02-2024
3194,1629,West,Electronics,1414.53,2,848.05,03-05-2024
3195,2540,South,Office Supplies,749.67,9,-185.16,28-03-2024
3196,3003,South,Office Supplies,4608.9,7,1130.87,05-11-2024
3197,4943,West,Electronics,1875.6,5,1418.49,10-07-2025
3198,2271,South,Office Supplies,1602.82,7,937.93,29-07-2025
3199,1363,East,Office Supplies,4304.02,2,1248.29,28-11-2025
3200,3368,East,Electronics,3061.57,4,613.03,13-01-2024
3201,4704,North,Office Supplies,926.32,7,-165.65,27-07-2024
3202,1285,South,Electronics,2165.4,2,1483.8,10-03-2025
3203,1148,East,Electronics,4648.33,8,-99.99,21-02-2024
3204,2107,West,Office Supplies,4515.9,5,127.72,16-04-2024
3205,3453,South,Electronics,443.54,5,-110.85,04-06-2025
3206,4025,East,Electronics,1416.2,8,862.43,15-09-2025
3207,1455,East,Furniture,857.24,1,791.49,29-04-2024
3208,2766,West,Electronics,2715.68,6,156.44,07-03-2024
3209,1799,North,Furniture,3774.92,2,1426.31,22-03-2024
3210,2184,West,Furniture,1548.16,1,1352.93,14-12-2025
3211,2012,North,Furniture,3814.18,7,275.68,27-11-2025
3212,3831,East,Furniture,3376.71,4,920.07,30-10-2025
3213,3507,North,Office Supplies,3668.29,1,1253.9,19-09-2025
3214,4621,East,Office Supplies,4746.39,6,411.66,23-04-2024
3215,2523,East,Electronics,2180.6,6,231.09,06-10-2025
3216,3785,South,Electronics,1778.58,3,235.52,14-09-2025
3217,3556,North,Electronics,3450.85,6,1194.78,29-03-2025
3218,4725,North,Office Supplies,4057.03,9,587.22,19-08-2024
3219,4875,North,Furniture,1038.08,6,1016.07,24-07-2025
3220,1480,West,Office Supplies,4249.32,1,905.51,15-07-2025
3221,2686,South,Office Supplies,383.48,6,320.58,11-11-2024
3222,3161,South,Electronics,131.33,8,153.73,19-04-2025
3223,3796,South,Electronics,876.29,7,13.84,05-01-2025
3224,2601,West,Electronics,4895.47,8,-159.39,06-09-2025
3225,3408,North,Furniture,2665.47,8,-61.86,25-10-2025
3226,1340,North,Furniture,328.18,9,235.62,16-06-2025
3227,3817,North,Office Supplies,4986.16,3,1013.12,14-09-2024
3228,3010,South,Furniture,3750.07,7,63.36,23-12-2025
3229,3808,South,Electronics,4206.22,6,689.77,04-03-2025
3230,4016,East,Furniture,1143.41,2,216.72,14-05-2025
3231,3496,West,Furniture,616.7,5,670.08,16-08-2025
3232,2866,West,Furniture,2623.92,3,1075.02,10-01-2024
3233,1834,South,Furniture,3883.66,5,252.17,07-11-2025
3234,2203,East,Electronics,3225.13,9,391.43,24-10-2025
3235,2725,North,Electronics,3192.19,8,1029.1,15-11-2025
3236,4478,South,Office Supplies,3809.77,9,728.77,28-02-2025
3237,2689,West,Office Supplies,1212.4,9,-39.24,30-07-2025
3238,4267,West,Office Supplies,3341.44,8,1088.86,26-05-2025
3239,4537,West,Furniture,2021.34,8,271.65,12-11-2024
3240,1310,North,Furniture,441.79,6,454.6,21-09-2025
3241,1261,West,Electronics,1090.5,6,216.8,13-05-2024
3242,2442,North,Office Supplies,3990.62,6,723.71,18-01-2024
3243,1405,North,Electronics,4490.06,6,1003.21,12-12-2024
3244,3190,North,Office Supplies,1485.83,9,1165.47,02-01-2025
3245,1341,South,Office Supplies,1032.77,1,1367.61,16-06-2024
3246,2339,North,Office Supplies,230.95,6,410.67,17-01-2024
3247,4172,East,Furniture,4743.72,8,1385.44,05-06-2025
3248,1243,West,Office Supplies,3450.89,1,848.82,21-05-2025
3249,1489,South,Office Supplies,4789.45,6,462.31,18-04-2025
3250,1011,West,Furniture,4332.86,9,1308.4,26-06-2025
3251,4310,North,Office Supplies,1768.29,6,785.37,27-12-2025
3252,1560,South,Furniture,652.15,2,572.28,01-11-2024
3253,1041,East,Furniture,2545.38,1,-180.45,13-01-2025
3254,3725,North,Electronics,231.39,4,1019.76,05-12-2024
3255,1593,West,Furniture,834.59,6,-68.51,30-05-2024
3256,2452,East,Furniture,1243.82,9,291.97,14-02-2024
3257,2826,North,Furniture,3361.67,5,1434.88,25-07-2024
3258,4229,East,Office Supplies,2598.4,7,63.86,25-02-2025
3259,4287,North,Electronics,1581.86,6,330.03,18-05-2024
3260,2693,South,Office Supplies,2867.37,6,1384.98,26-01-2025
3261,4533,North,Furniture,713.49,9,374.06,18-01-2025
3262,1133,South,Furniture,3802.97,5,358.75,26-12-2025
3263,4138,North,Electronics,3588.97,2,901.52,04-11-2025
3264,4919,North,Electronics,1160.86,8,23.31,24-03-2025
3265,4078,West,Furniture,3071.32,3,1453.68,21-07-2024
3266,1947,East,Furniture,2566.18,9,267.54,10-01-2024
3267,4597,East,Office Supplies,398,5,1135.67,15-12-2024
3268,1072,East,Furniture,1462.95,1,288.94,16-03-2024
3269,1398,North,Office Supplies,4997.47,4,268.13,04-08-2024
3270,2428,North,Electronics,587.72,9,-102.23,18-10-2024
3271,4746,North,Office Supplies,2581.42,1,2.85,04-01-2024
3272,3625,South,Furniture,4261.74,8,687.34,12-01-2025
3273,3906,South,Office Supplies,1573.19,8,780.63,22-10-2025
3274,1129,West,Office Supplies,1377.47,9,1186.93,01-12-2025
3275,3978,North,Electronics,4464.89,9,-97.63,28-08-2025
3276,4537,East,Office Supplies,1593.67,6,405.46,07-02-2024
3277,4277,East,Furniture,3292.32,5,140.27,10-08-2025
3278,2811,West,Office Supplies,3727.53,7,408.39,21-10-2024
3279,3001,East,Office Supplies,3964.23,9,402.32,29-03-2024
3280,4839,West,Office Supplies,4974.32,5,402.28,01-10-2024
3281,1265,North,Furniture,4035.64,3,326.38,28-05-2025
3282,2560,East,Office Supplies,3319.36,9,1098.76,29-05-2024
3283,2985,North,Furniture,4487.77,1,972.5,28-08-2025
3284,1792,South,Office Supplies,4538.15,1,380.5,08-11-2024
3285,3300,East,Electronics,4868.52,4,49.03,09-04-2024
3286,3869,South,Electronics,3904.68,2,681.08,15-09-2024
3287,2312,East,Electronics,1055.14,7,1362.04,05-10-2024
3288,1163,North,Furniture,3578.05,2,10.05,04-01-2024
3289,1094,West,Furniture,468.13,7,1080.15,15-02-2025
3290,2805,North,Furniture,1658.02,8,818.94,12-08-2025
3291,3880,North,Office Supplies,667.46,8,800.6,10-12-2025
3292,2133,North,Furniture,4754.72,3,1388.92,21-11-2024
3293,3383,East,Furniture,1759.9,9,1425.1,07-11-2025
3294,1821,West,Furniture,3594.76,6,214.53,02-06-2025
3295,1237,South,Furniture,2899.46,4,1174.41,01-01-2024
3296,3428,North,Electronics,626.81,8,855.36,22-08-2025
3297,4507,East,Office Supplies,2850.59,4,495.04,21-02-2025
3298,3946,South,Electronics,3339.02,4,931.56,28-06-2024
3299,3530,North,Office Supplies,4419.43,8,1425.14,10-01-2024
3300,2960,South,Office Supplies,443.42,4,678.69,09-01-2025
3301,3949,North,Electronics,1548.61,1,1398.14,07-10-2025
3302,2048,South,Furniture,3492.47,6,892.91,27-03-2025
3303,2676,South,Electronics,268.23,8,620.95,19-04-2024
3304,4188,West,Office Supplies,1097.41,3,895.09,04-05-2024
3305,3529,West,Office Supplies,1171.48,2,824.32,07-03-2025
3306,4463,North,Furniture,3379.7,6,516.89,19-12-2025
3307,3964,East,Electronics,1501.21,1,756.18,27-10-2024
3308,4041,West,Office Supplies,3038.02,5,995.52,13-10-2025
3309,1963,South,Electronics,4830.21,6,1226.07,12-04-2024
3310,1536,West,Furniture,3986.89,8,317.36,14-09-2025
3311,4150,West,Furniture,1731.22,7,-175.1,10-03-2024
3312,2603,North,Office Supplies,2414.76,6,737.07,19-04-2024
3313,4244,West,Furniture,1083.3,2,631.78,11-08-2024
3314,2979,West,Office Supplies,177.03,8,-107.86,11-08-2024
3315,4083,South,Office Supplies,1519.61,8,875.26,22-09-2025
3316,4871,West,Furniture,1910.1,5,1400.38,01-08-2024
3317,1127,South,Furniture,2865.4,3,483.79,01-07-2025
3318,4679,West,Electronics,4725.93,8,1320.41,08-12-2024
3319,1091,West,Electronics,4744.48,5,1182.27,22-12-2024
3320,4724,East,Office Supplies,443.48,3,74.92,14-03-2025
3321,1542,West,Electronics,3111.76,9,1138.38,12-09-2024
3322,1845,South,Office Supplies,307.53,9,678.4,28-10-2025
3323,4603,South,Furniture,3275.6,7,1361.67,26-04-2025
3324,2681,North,Furniture,676.75,8,122.02,07-02-2025
3325,4036,North,Electronics,4737.37,5,12.58,11-02-2024
3326,2851,East,Office Supplies,4335.26,5,210.18,22-01-2025
3327,3494,South,Office Supplies,209.41,5,-98.63,29-01-2024
3328,1389,South,Electronics,3932.45,2,344.14,25-11-2025
3329,3719,South,Office Supplies,3215.9,3,281.12,21-07-2024
3330,2884,East,Office Supplies,2527.31,8,507.57,14-07-2025
3331,1042,South,Furniture,3052.91,6,587.06,22-11-2024
3332,1253,North,Office Supplies,3423.43,9,46.02,23-02-2024
3333,4201,East,Office Supplies,4433.84,7,852.94,04-05-2025
3334,2083,North,Office Supplies,3860.05,6,180.06,20-02-2025
3335,3710,North,Electronics,2919.35,4,7.28,25-12-2024
3336,3514,East,Electronics,4140.62,7,1004.98,02-07-2025
3337,3334,West,Electronics,4935.92,4,-161.35,23-07-2024
3338,4058,West,Office Supplies,1570.89,7,426.22,06-10-2024
3339,2540,North,Office Supplies,680.26,5,45.49,24-02-2024
3340,4538,West,Electronics,3684.1,2,1300.75,10-08-2024
3341,2953,South,Electronics,4895.12,7,1201.58,17-04-2024
3342,3825,East,Office Supplies,671.86,8,-97.1,18-12-2025
3343,3392,North,Office Supplies,2215.37,2,735.77,14-11-2025
3344,1641,South,Furniture,405.11,6,302.1,24-08-2025
3345,3429,West,Electronics,3905.01,4,127.33,23-05-2025
3346,4850,South,Office Supplies,4748.67,5,329.62,06-01-2024
3347,1689,West,Electronics,2545.07,1,1187.01,21-05-2025
3348,2276,North,Electronics,2106.65,6,-101.65,19-06-2024
3349,2950,South,Electronics,4547.82,8,902,24-09-2024
3350,2079,East,Furniture,753.6,2,1352.73,11-07-2024
3351,2486,North,Office Supplies,4468.76,1,561.7,28-06-2024
3352,1456,South,Office Supplies,2021.42,9,1332.57,10-03-2024
3353,1982,South,Electronics,2841.09,2,1341.56,30-01-2024
3354,3130,West,Office Supplies,2688.63,8,836.31,28-04-2024
3355,4976,North,Furniture,3118.3,5,574.93,17-12-2025
3356,2122,North,Electronics,4716.4,2,1054.03,24-05-2025
3357,1148,North,Furniture,4760.52,5,1357.58,04-04-2025
3358,2352,North,Furniture,4172.63,9,956.06,29-09-2025
3359,2179,West,Office Supplies,1038.57,6,156.33,02-04-2025
3360,1189,East,Office Supplies,1734.23,3,1194.09,20-07-2025
3361,4565,North,Furniture,2490.34,8,1417.61,08-02-2024
3362,1882,West,Office Supplies,4536.76,1,497.47,18-09-2024
3363,3310,East,Furniture,2652.24,9,985.9,02-07-2024
3364,4151,East,Furniture,4889.43,9,680.88,03-06-2025
3365,1399,West,Electronics,4920.82,4,-9.58,11-06-2025
3366,3811,North,Furniture,3033.06,8,394.73,20-01-2025
3367,1608,East,Furniture,4399.73,3,78.51,29-07-2025
3368,4331,North,Office Supplies,4996.19,6,945.07,09-09-2024
3369,2795,North,Electronics,4263.61,8,789.56,11-01-2024
3370,2638,South,Office Supplies,3318.86,9,-142.99,22-08-2025
3371,2575,North,Electronics,4241.15,8,-95.27,29-07-2024
3372,3832,South,Office Supplies,505.01,9,243.35,30-05-2025
3373,3148,East,Furniture,3210.62,4,1066.26,04-10-2025
3374,2382,West,Electronics,1160.96,1,15.62,25-12-2024
3375,2403,South,Electronics,668.71,7,148.12,08-03-2024
3376,1819,West,Electronics,4475.07,4,1342.96,02-03-2025
3377,4292,East,Electronics,3234.26,1,728.43,09-01-2024
3378,1819,North,Office Supplies,1293.38,3,855.44,20-06-2025
3379,1419,East,Office Supplies,1995.23,7,574.8,30-07-2025
3380,1123,West,Electronics,4869.06,3,309.61,07-09-2025
3381,1421,East,Electronics,4324.69,1,223.52,06-03-2024
3382,4302,North,Electronics,176.35,7,801.67,25-11-2025
3383,4761,East,Office Supplies,4901.02,8,600.66,21-06-2024
3384,4134,North,Electronics,1905.79,5,485.16,22-01-2024
3385,2508,South,Electronics,3507.55,6,980.45,11-02-2024
3386,4699,West,Electronics,3592.12,3,487.06,22-07-2024
3387,4774,North,Office Supplies,4567.25,5,-137.56,03-06-2024
3388,2597,North,Furniture,4436.8,3,1227.44,06-06-2025
3389,1767,East,Furniture,1480.47,2,341.29,06-04-2025
3390,3044,South,Office Supplies,3253.32,7,1408.88,18-03-2024
3391,3530,North,Furniture,2029.16,7,1295.25,13-04-2024
3392,3566,South,Electronics,2675.16,8,197.66,04-10-2024
3393,3202,South,Electronics,2817.92,1,1441.3,10-10-2025
3394,3139,East,Office Supplies,2042.08,2,1251.05,19-12-2025
3395,4029,North,Office Supplies,2373.08,2,1474.53,26-02-2024
3396,2549,East,Furniture,1120.88,3,952.51,04-12-2024
3397,3502,West,Furniture,3077.47,7,1382.24,30-09-2024
3398,2764,West,Electronics,3818.9,7,973.16,10-11-2025
3399,3044,North,Office Supplies,2205.73,7,1253.66,15-11-2025
3400,3645,South,Furniture,4890.63,1,837.73,08-03-2025
3401,4716,North,Furniture,380.41,2,1379.6,01-09-2025
3402,1509,North,Electronics,2986.89,8,680.75,25-01-2025
3403,2206,West,Electronics,2959.64,9,1052.17,07-12-2024
3404,1385,West,Electronics,277.85,7,1358.83,16-09-2024
3405,2597,South,Electronics,1200.39,1,518.06,15-11-2025
3406,4802,South,Furniture,4537.16,4,-155.12,22-06-2024
3407,3452,North,Office Supplies,2768.12,8,-7.82,24-12-2025
3408,3293,East,Office Supplies,2238.29,5,1452.25,13-07-2024
3409,1741,North,Electronics,2135.93,1,1284.44,16-03-2025
3410,4662,South,Electronics,4451.99,7,621.81,28-09-2024
3411,3708,East,Furniture,1898.45,6,1433.53,02-11-2024
3412,3697,West,Electronics,4309.92,9,115.53,03-11-2024
3413,4542,South,Office Supplies,1615.04,4,-11.36,10-10-2025
3414,4897,South,Electronics,2704.37,4,822.45,17-08-2025
3415,2911,East,Office Supplies,804.72,8,449.6,09-07-2025
3416,2446,South,Electronics,4142.65,4,377.61,25-07-2024
3417,1900,South,Electronics,3706.28,3,1048.06,26-04-2024
3418,3112,South,Office Supplies,2697.46,7,55.02,05-01-2024
3419,4084,South,Furniture,226.92,5,1123.36,13-05-2025
3420,3260,South,Furniture,2458.16,9,411.06,17-09-2025
3421,3009,South,Electronics,1203.46,5,1477.45,27-10-2024
3422,1241,South,Electronics,2125.53,9,1174.87,28-02-2025
3423,3540,South,Office Supplies,4296.49,6,898.58,30-03-2024
3424,4284,West,Office Supplies,3871.06,6,190.06,28-01-2024
3425,4764,South,Electronics,1285.57,6,1425.92,27-06-2025
3426,3385,West,Office Supplies,4926.27,7,-144.05,04-08-2024
3427,3020,West,Furniture,4525.73,4,179.69,11-03-2024
3428,1172,North,Furniture,2690.5,4,-137.48,30-01-2024
3429,1671,North,Office Supplies,2697.74,9,1443.08,12-09-2024
3430,1163,West,Office Supplies,4516.2,7,1281.46,01-11-2025
3431,1464,West,Office Supplies,3217.11,6,1418.58,30-01-2025
3432,4042,South,Furniture,2729.77,1,1015.56,04-06-2025
3433,1496,North,Electronics,3770.83,7,-153.38,18-11-2024
3434,1699,East,Office Supplies,1251.98,6,1383.55,04-01-2025
3435,3442,North,Office Supplies,4404.05,4,515.62,04-06-2024
3436,1702,West,Office Supplies,2703.93,8,425.94,01-08-2024
3437,2940,West,Electronics,3057.15,7,283.03,27-10-2025
3438,3355,South,Office Supplies,540.72,8,287.56,23-03-2024
3439,2791,South,Office Supplies,1616.59,9,1161.07,08-02-2025
3440,1182,North,Furniture,2191,1,235.85,04-09-2025
3441,1628,South,Office Supplies,2128.16,3,177.68,10-01-2024
3442,4865,East,Furniture,3913.59,2,986.63,06-10-2024
3443,3557,East,Electronics,1483.38,3,288.69,07-10-2024
3444,2731,South,Office Supplies,992.34,2,-177.68,22-11-2025
3445,1545,East,Office Supplies,2954.82,6,1384,30-03-2024
3446,2587,East,Furniture,3113.57,9,333.06,08-05-2024
3447,1623,North,Electronics,695.76,2,1099.44,04-11-2024
3448,4835,East,Electronics,112.1,4,597.28,29-04-2025
3449,1593,West,Furniture,4596.48,5,27.94,16-04-2024
3450,1743,West,Electronics,490.22,5,925.28,19-05-2025
3451,4298,North,Electronics,4499.55,1,193.65,09-10-2024
3452,2768,South,Electronics,2056.15,6,289.46,16-04-2024
3453,4804,North,Electronics,3299.97,5,-144.91,03-06-2024
3454,2459,South,Electronics,1009.51,6,-172.11,19-08-2024
3455,2948,South,Electronics,4137.19,4,673.15,24-03-2025
3456,4493,South,Electronics,982.95,6,-101.75,14-01-2025
3457,3601,South,Electronics,1993.89,9,156.01,28-11-2024
3458,3068,South,Office Supplies,1266.33,1,1370.47,18-08-2025
3459,3601,North,Furniture,4203.78,6,-59.15,16-03-2024
3460,3444,South,Electronics,4305.85,1,294.34,17-09-2024
3461,3672,East,Furniture,1922.94,7,1035.1,02-12-2024
3462,1104,East,Electronics,1606.15,4,1303.35,17-08-2024
3463,3239,South,Electronics,3890.47,6,-121.44,08-08-2024
3464,1016,East,Office Supplies,4404.71,7,115.25,23-11-2025
3465,4191,West,Furniture,3157.7,5,459.4,01-02-2025
3466,1392,North,Furniture,4644.28,9,413.69,14-12-2025
3467,1424,North,Office Supplies,1976.91,8,290.49,15-02-2025
3468,3176,South,Office Supplies,844.24,3,211.92,21-09-2025
3469,4201,South,Furniture,980.25,1,256.72,20-09-2025
3470,1571,West,Electronics,3382.18,8,26.82,04-02-2025
3471,4631,South,Electronics,2096.88,4,77.66,09-12-2025
3472,3076,East,Furniture,865.94,7,831.5,06-12-2025
3473,2120,West,Electronics,1531.91,4,296.72,12-05-2025
3474,4081,East,Office Supplies,2699.96,7,479.46,07-09-2025
3475,1241,North,Office Supplies,695.08,1,500.34,22-06-2024
3476,4897,East,Office Supplies,116.87,1,-13.45,27-10-2024
3477,3279,North,Furniture,4594.76,2,1193.14,12-04-2024
3478,1788,East,Furniture,1593.82,5,1425.81,04-06-2025
3479,4355,North,Furniture,1185.34,6,248.02,12-06-2024
3480,1714,South,Electronics,3522.56,2,300.5,05-01-2024
3481,1758,East,Furniture,4281.67,1,978.36,23-08-2025
3482,3849,North,Furniture,3198.17,9,-63,26-06-2024
3483,1775,East,Office Supplies,1346.97,7,1342.45,27-01-2024
3484,3773,West,Electronics,4322.02,8,5,17-11-2025
3485,3247,South,Electronics,2601.09,6,1044.51,09-06-2024
3486,3992,North,Office Supplies,1967.83,9,295.58,24-04-2024
3487,1078,West,Electronics,3063.16,8,349.55,12-01-2025
3488,4984,East,Furniture,3533,4,39.44,06-04-2024
3489,4003,West,Electronics,3009.77,5,898.77,08-11-2025
3490,4926,East,Office Supplies,4609.2,2,1151.49,15-05-2024
3491,1855,South,Electronics,3177.29,1,1415.41,22-01-2025
3492,4244,West,Office Supplies,4405.05,6,363.63,12-06-2024
3493,3514,South,Furniture,2976.1,3,856.01,18-02-2025
3494,3628,North,Furniture,1715.43,4,505.49,14-12-2025
3495,2439,East,Office Supplies,2708.25,1,748.33,11-11-2025
3496,3987,East,Furniture,523.05,6,76.98,15-05-2024
3497,3496,South,Furniture,1227.86,8,788.98,06-06-2024
3498,3134,South,Electronics,3854.54,4,1243.44,01-02-2025
3499,3148,North,Furniture,3341.23,8,1268.21,31-12-2024
3500,2031,West,Office Supplies,915.94,3,621.76,28-10-2024
3501,1844,East,Furniture,2246.27,7,200.77,14-12-2024
3502,4271,East,Electronics,795.76,3,1222.35,28-01-2025
3503,4576,North,Office Supplies,4293.51,6,1499.03,19-11-2024
3504,1086,North,Furniture,634.93,4,441.17,19-02-2024
3505,3090,South,Furniture,3305.75,6,1371.43,19-11-2024
3506,4456,South,Furniture,3074.3,7,1471.88,28-05-2025
3507,4692,West,Office Supplies,2416.61,8,472.54,07-04-2025
3508,4506,North,Electronics,1463.35,6,1017.68,15-03-2024
3509,1407,West,Office Supplies,2079.39,4,787.86,15-05-2025
3510,4554,North,Office Supplies,4051.32,9,1027.73,27-12-2025
3511,3711,East,Electronics,3831.6,7,62.06,06-07-2024
3512,4088,North,Office Supplies,3720.16,9,423.42,08-05-2024
3513,2668,North,Office Supplies,3774.14,3,-93.24,07-05-2025
3514,1147,East,Furniture,805.04,5,842.47,06-04-2024
3515,3324,North,Office Supplies,585.57,1,1375.38,30-12-2024
3516,1231,West,Furniture,4321.34,8,752.48,15-05-2025
3517,4897,South,Office Supplies,4202.16,1,-80.44,13-06-2024
3518,2950,South,Furniture,3438.46,1,1381.64,25-06-2024
3519,1365,West,Furniture,3068.94,7,26.04,20-09-2025
3520,4299,East,Furniture,1897.67,8,1301,22-12-2025
3521,2674,North,Electronics,1198,3,1014.19,29-09-2024
3522,1435,West,Office Supplies,3371.52,2,881.83,22-11-2024
3523,1398,South,Office Supplies,4573.87,7,797.64,02-02-2025
3524,2234,South,Office Supplies,2241.28,5,22.95,16-07-2025
3525,2414,West,Electronics,1585.74,1,651.43,14-02-2025
3526,3546,South,Furniture,1426.63,2,134.38,04-03-2024
3527,3587,West,Office Supplies,216.16,3,772.03,22-03-2025
3528,1562,South,Electronics,2649.55,6,560.48,06-12-2024
3529,4562,West,Electronics,4942.36,1,955.45,16-08-2024
3530,3489,North,Office Supplies,4094.66,8,1470.24,19-05-2025
3531,2284,North,Furniture,4497.63,2,413.73,20-09-2025
3532,1772,North,Electronics,3143.7,5,848.41,06-09-2024
3533,3397,North,Office Supplies,2459.09,8,1269.49,10-03-2024
3534,3037,South,Furniture,4953.24,5,-42.02,26-05-2025
3535,4423,East,Electronics,2291.09,8,1160.42,10-12-2024
3536,3567,West,Electronics,4592.47,6,207.02,30-06-2025
3537,2343,East,Office Supplies,3833.04,7,718.47,29-09-2024
3538,3185,South,Office Supplies,1721.79,8,1485.55,09-07-2025
3539,2573,South,Furniture,2565,3,1472.89,10-12-2024
3540,4694,East,Office Supplies,1983.21,5,336.86,04-04-2025
3541,1991,East,Office Supplies,767.49,7,24,16-04-2024
3542,3415,South,Furniture,1848.16,9,1394.91,02-05-2025
3543,4291,South,Office Supplies,4455.97,6,1319,13-02-2024
3544,4408,West,Furniture,3787.91,1,847.25,16-05-2025
3545,2246,North,Furniture,1460.15,8,-144.9,28-02-2025
3546,4719,North,Furniture,1902.78,6,1077.18,18-02-2024
3547,4839,West,Office Supplies,3120.53,1,73.45,29-02-2024
3548,1359,East,Furniture,2139.09,4,1403.14,14-09-2024
3549,1920,South,Office Supplies,2564.92,6,539.71,30-07-2025
3550,3376,East,Furniture,3521.03,1,845.7,23-04-2024
3551,4009,North,Office Supplies,2389.53,5,277.84,14-12-2024
3552,3510,North,Furniture,1035.75,3,607.63,01-02-2025
3553,3993,East,Electronics,2650.81,7,1082.88,04-11-2025
3554,1962,North,Electronics,1844.98,8,636.43,14-04-2025
3555,4632,South,Electronics,1524.6,3,1240.24,06-11-2025
3556,2827,West,Furniture,1707.73,3,1012.15,15-01-2024
3557,4453,East,Office Supplies,2251.11,3,-68.49,02-07-2025
3558,3883,South,Furniture,4444.4,6,831.62,17-05-2024
3559,2613,South,Furniture,3696.88,6,841.42,21-09-2024
3560,2640,North,Furniture,3372.62,3,447.53,11-07-2025
3561,3216,South,Furniture,2409.18,6,348.63,09-09-2025
3562,1216,East,Office Supplies,108.97,9,-93.09,21-03-2024
3563,1377,South,Furniture,1768.7,8,558.47,29-10-2024
3564,1118,West,Electronics,4084.64,7,372.21,30-09-2024
3565,1189,South,Electronics,2002.04,7,1416.81,22-04-2024
3566,3814,South,Electronics,2862.71,8,946.1,12-02-2025
3567,1369,West,Furniture,1103.23,7,582.1,20-12-2025
3568,2801,South,Office Supplies,4587.7,3,1082.84,30-12-2024
3569,3196,South,Office Supplies,4623.54,8,1123.91,28-08-2024
3570,4747,North,Office Supplies,815.74,8,616.78,29-03-2024
3571,1651,East,Furniture,3648.38,1,-71.21,25-11-2025
3572,2882,North,Office Supplies,468.67,5,1126.94,28-09-2024
3573,2511,East,Electronics,3032.88,5,-46.52,11-09-2024
3574,1769,West,Office Supplies,975.4,1,1240.76,03-05-2025
3575,3421,West,Furniture,813.96,6,368.07,01-09-2024
3576,1780,West,Furniture,120.19,6,885.01,08-04-2024
3577,2716,East,Office Supplies,4710.2,4,1058.69,24-07-2025
3578,3207,East,Furniture,4163.34,6,-140.17,13-03-2024
3579,3398,East,Office Supplies,479.63,6,453.84,15-09-2025
3580,4983,West,Office Supplies,3036.94,1,827.04,07-11-2025
3581,2311,East,Electronics,1241.2,5,1241.85,14-10-2024
3582,4359,South,Furniture,1393.68,2,1020.21,29-07-2024
3583,3939,North,Electronics,4383.43,7,1323.44,17-06-2025
3584,2249,West,Furniture,660.2,9,-59.37,23-03-2024
3585,1522,North,Office Supplies,3047.3,9,-77.9,29-08-2024
3586,1521,South,Furniture,2066.15,9,1012.99,12-01-2024
3587,1782,East,Office Supplies,1034.92,7,477.5,31-05-2025
3588,3320,North,Furniture,2314.4,7,618.77,25-04-2024
3589,1935,South,Electronics,4708.4,1,827.34,12-12-2024
3590,4473,South,Electronics,3929.89,6,1476.1,20-01-2024
3591,3230,North,Office Supplies,747.35,5,-85.82,01-12-2025
3592,2688,West,Electronics,4262.21,8,-14.88,15-05-2024
3593,1487,North,Office Supplies,4693.46,8,1209.83,21-03-2025
3594,2850,West,Office Supplies,1457.12,4,-165.11,13-03-2025
3595,1845,East,Office Supplies,1733.76,1,565.77,23-07-2025
3596,3171,West,Furniture,718.92,6,1116,21-06-2024
3597,4032,East,Office Supplies,1790.21,1,131.96,05-12-2025
3598,4697,North,Electronics,3398.39,5,117.92,31-05-2025
3599,3837,East,Furniture,1433.56,5,327.43,07-06-2024
3600,3461,South,Electronics,133.44,3,55.02,08-02-2025
3601,3003,East,Office Supplies,1758.87,5,953.54,26-05-2025
3602,2748,West,Office Supplies,2320.55,6,140.23,13-10-2025
3603,4243,West,Electronics,2875.14,5,185.66,04-01-2024
3604,4359,West,Furniture,3450.74,1,777.39,09-08-2025
3605,4506,East,Electronics,402.74,7,1444.48,13-04-2024
3606,1685,West,Office Supplies,2401.78,3,1353.6,07-01-2025
3607,3160,West,Furniture,1405.18,7,1269.64,10-10-2025
3608,3935,South,Office Supplies,4745.05,5,702.57,08-10-2024
3609,4988,East,Office Supplies,1863.5,3,306.18,09-10-2024
3610,3169,South,Electronics,590.61,6,999.8,21-04-2025
3611,2567,West,Office Supplies,303.31,1,462.28,22-08-2024
3612,2245,West,Electronics,1400.49,6,1122.45,02-12-2025
3613,4702,West,Furniture,976.51,4,-172.47,26-06-2024
3614,1038,East,Office Supplies,3284.02,4,700.22,03-12-2024
3615,3544,North,Office Supplies,4250.14,5,373.5,16-05-2025
3616,1779,West,Furniture,1631.54,9,223.38,09-08-2024
3617,2256,West,Electronics,2931.18,1,925.12,31-03-2025
3618,3990,West,Office Supplies,3678.5,3,919.23,26-12-2025
3619,4601,West,Furniture,2052.59,4,-136.99,25-12-2025
3620,3196,East,Office Supplies,425,2,1411.09,24-12-2024
3621,4468,North,Electronics,1223.01,9,415.15,13-02-2025
3622,4069,North,Electronics,4427.02,7,1359.59,27-08-2025
3623,3708,North,Electronics,4139.95,1,792.32,11-07-2025
3624,4709,West,Electronics,524.01,9,909.4,06-04-2025
3625,2927,West,Furniture,1197.35,6,1432.88,09-07-2024
3626,1301,North,Office Supplies,3868.91,2,1197.74,24-05-2024
3627,4431,North,Furniture,2480.9,1,38.06,09-12-2024
3628,3285,West,Electronics,3823.84,6,-191.12,07-09-2025
3629,1646,West,Electronics,1134.35,7,324.6,29-07-2025
3630,1662,South,Electronics,4768.22,6,630.51,05-06-2024
3631,3283,South,Electronics,3939.68,7,1044.65,03-11-2024
3632,2759,South,Office Supplies,1067.52,6,923.78,07-05-2024
3633,3250,North,Electronics,2836.4,8,331.86,24-01-2024
3634,1255,East,Office Supplies,654.18,2,721.39,04-05-2024
3635,1597,West,Electronics,1871.03,9,906.59,23-06-2024
3636,1661,South,Office Supplies,3332.14,9,673.38,10-04-2024
3637,1234,East,Office Supplies,1717.63,9,971.26,20-02-2024
3638,2368,West,Electronics,3318.12,7,624.87,14-09-2024
3639,3581,East,Furniture,1299.42,9,700.46,22-10-2025
3640,3907,North,Furniture,3633.91,1,1399.32,16-06-2024
3641,4868,North,Furniture,1861.99,3,461.57,14-04-2024
3642,4852,North,Furniture,3973.36,2,1084.7,03-08-2025
3643,4537,South,Furniture,769.78,1,368.95,04-02-2024
3644,1769,West,Electronics,1873.69,5,364.15,03-03-2025
3645,3588,North,Electronics,2373.27,1,1375.34,05-11-2025
3646,1212,South,Electronics,2176.84,3,987.74,04-12-2024
3647,1462,South,Electronics,2222.16,6,1379.23,20-12-2025
3648,3483,South,Electronics,2279.54,6,1490.79,01-06-2024
3649,1282,South,Electronics,4945.14,3,-199.65,20-05-2025
3650,4633,North,Office Supplies,1046.47,4,1471.36,20-03-2024
3651,4678,South,Office Supplies,3866.45,7,-28.52,31-01-2024
3652,2486,North,Electronics,2803.77,6,-80.3,12-08-2024
3653,2430,North,Electronics,2126.78,2,1105.28,27-07-2024
3654,1087,South,Office Supplies,3204.29,9,395.31,28-06-2024
3655,2067,North,Office Supplies,4282.3,6,1360.28,22-02-2025
3656,1460,West,Electronics,2386.53,2,725.66,11-05-2025
3657,3325,West,Office Supplies,4337.53,7,456.39,31-10-2024
3658,4754,East,Furniture,559.61,4,-75.16,17-10-2025
3659,3468,West,Furniture,3300.11,1,589.88,09-11-2024
3660,2724,North,Furniture,1732.58,9,272.43,29-11-2024
3661,2376,North,Office Supplies,1994.91,8,-69.76,04-03-2024
3662,3743,West,Electronics,2898,5,939.66,03-11-2024
3663,1514,South,Electronics,2451.59,3,1461.47,09-02-2024
3664,1702,South,Electronics,1970.72,4,444.15,30-08-2024
3665,2653,North,Office Supplies,1610.78,3,305.35,26-12-2024
3666,3066,South,Office Supplies,3129.74,8,-47.07,01-09-2024
3667,1022,East,Furniture,2577.34,5,179.35,31-08-2025
3668,3460,East,Office Supplies,1684.21,8,284.45,24-05-2024
3669,2053,West,Furniture,1104.31,1,385.1,21-07-2025
3670,2830,West,Furniture,3894.89,9,877.74,30-01-2024
3671,3155,South,Electronics,4018.6,3,-4.72,11-09-2025
3672,4438,North,Office Supplies,1147.56,1,-100.68,26-12-2025
3673,2304,West,Electronics,1382.08,3,1381.99,03-03-2025
3674,4199,East,Electronics,1271.8,2,1158.62,16-01-2025
3675,4300,West,Office Supplies,4434.39,7,272.98,28-03-2025
3676,2134,West,Office Supplies,3893.24,4,885.95,07-09-2025
3677,3183,East,Furniture,465.41,7,807.24,29-06-2024
3678,1361,North,Furniture,4180.06,3,1063.12,12-05-2025
3679,4257,West,Furniture,280.57,6,1260.8,30-09-2025
3680,4727,West,Furniture,1340.68,7,408.18,16-07-2024
3681,4655,West,Electronics,4603.06,7,923.41,08-12-2024
3682,3176,South,Electronics,4335.22,5,1163.47,02-02-2024
3683,2899,West,Office Supplies,3929.03,6,988.8,29-11-2024
3684,2284,East,Furniture,2341.98,3,1367.63,21-08-2024
3685,1514,North,Furniture,1674.93,4,640.97,01-07-2025
3686,1448,North,Furniture,4419.57,6,1164.49,13-06-2025
3687,2923,East,Electronics,3319.66,3,1346.56,03-03-2025
3688,4175,South,Office Supplies,1547.99,7,746.99,22-09-2024
3689,2506,East,Electronics,2369.66,3,-170.6,21-10-2024
3690,2247,North,Office Supplies,4419.35,9,1190.61,15-03-2025
3691,2855,East,Office Supplies,4526.93,4,1238.26,14-07-2025
3692,1873,South,Electronics,3330.58,2,479.75,23-07-2025
3693,4937,North,Electronics,3689.52,6,189.43,27-11-2024
3694,4562,South,Office Supplies,292.56,9,1462.85,30-05-2024
3695,3520,East,Electronics,3062.54,2,737.76,08-10-2025
3696,4081,West,Electronics,3476.06,4,677.51,27-10-2024
3697,2428,East,Office Supplies,199.85,5,1408.33,10-12-2024
3698,4967,South,Office Supplies,4234.91,9,493.77,06-11-2024
3699,3349,East,Furniture,4648.6,7,1241.83,27-09-2025
3700,3278,West,Electronics,1265.89,5,991.11,01-07-2024
3701,2754,South,Office Supplies,4244.4,6,1445.12,17-12-2025
3702,1922,East,Electronics,3361.01,9,528.71,26-05-2024
3703,4137,South,Electronics,2945.41,4,1342.96,12-09-2025
3704,3984,South,Office Supplies,4231.32,2,767.1,29-05-2024
3705,3159,North,Furniture,1499.49,5,608.99,23-09-2024
3706,2036,North,Office Supplies,3975.2,7,319.63,04-05-2025
3707,2416,South,Office Supplies,1641.15,4,739.59,10-05-2024
3708,3547,East,Electronics,3958.54,1,773.34,26-05-2024
3709,3979,East,Furniture,2310.16,8,1327.26,25-08-2025
3710,3645,East,Office Supplies,673.03,5,996.91,09-01-2025
3711,3281,West,Electronics,1969.45,2,1205.01,29-04-2025
3712,3649,South,Office Supplies,1244.12,3,1107.52,18-05-2025
3713,1313,South,Electronics,592.6,5,270.3,18-05-2025
3714,3613,West,Office Supplies,640.41,4,149.86,06-08-2024
3715,4083,South,Furniture,3922.35,9,239.42,09-05-2025
3716,3256,South,Office Supplies,4418.85,9,49.19,29-06-2025
3717,2997,West,Electronics,4642.93,8,456.14,11-01-2024
3718,2037,North,Office Supplies,4284.34,2,911.63,17-09-2024
3719,2656,South,Furniture,4168.1,5,712.86,11-03-2024
3720,4489,West,Furniture,437.3,8,954.66,12-06-2024
3721,4508,East,Furniture,3971.61,8,405.37,17-09-2024
3722,4448,North,Furniture,3938.09,7,148.97,26-11-2025
3723,4091,East,Electronics,743.32,4,144.69,06-10-2025
3724,3634,South,Office Supplies,3343.85,3,821.47,14-02-2025
3725,4983,North,Furniture,2317.29,8,79.3,19-02-2025
3726,2778,West,Office Supplies,4510.07,8,475.18,10-12-2024
3727,4806,South,Electronics,3507.5,5,161.82,21-08-2024
3728,2014,West,Office Supplies,4759.84,3,926.69,15-01-2024
3729,2093,North,Office Supplies,614.12,5,846.22,08-09-2025
3730,4895,East,Furniture,298.98,4,447.91,19-12-2024
3731,4282,South,Furniture,4870.54,8,18.82,27-04-2025
3732,2124,South,Electronics,492.94,2,160.09,13-03-2025
3733,1697,West,Office Supplies,1992.36,8,602.76,20-01-2024
3734,3179,North,Electronics,3284.86,6,1452.54,16-04-2025
3735,4694,West,Electronics,4412.28,4,260.32,10-06-2024
3736,2404,North,Electronics,1347.43,3,125.02,30-09-2025
3737,2155,South,Furniture,242.39,5,175.16,03-02-2024
3738,2043,North,Furniture,2654.31,6,1003.84,24-04-2024
3739,2929,South,Office Supplies,2408.45,1,1354.96,05-03-2025
3740,3583,North,Office Supplies,1603.78,1,-72.21,21-01-2024
3741,2013,East,Office Supplies,4382.11,3,1073.79,15-06-2024
3742,1226,North,Furniture,3771.68,2,640.83,22-10-2024
3743,4225,East,Furniture,4304.77,1,1202.82,20-06-2024
3744,2828,North,Electronics,892.86,8,516.56,12-06-2024
3745,4813,North,Furniture,3492.82,1,-191.13,04-08-2024
3746,2492,West,Electronics,4878,8,960.75,17-07-2024
3747,1821,West,Electronics,3098.38,5,1173.55,19-02-2024
3748,3023,South,Furniture,939.69,4,1333.44,12-05-2025
3749,1870,West,Electronics,4979.32,8,767.39,17-03-2025
3750,3452,North,Electronics,2688.79,8,7.48,25-11-2024
3751,3249,West,Office Supplies,4216.29,8,428.72,25-11-2024
3752,3085,North,Electronics,831.87,3,1133.23,20-10-2024
3753,3989,East,Furniture,3363.87,8,640.5,06-10-2024
3754,2795,North,Furniture,4571.83,1,988.72,29-12-2024
3755,1187,South,Electronics,2706.89,4,-192.03,24-07-2025
3756,2080,East,Office Supplies,1514.43,5,-75.9,21-06-2024
3757,1940,South,Furniture,724.37,6,957.98,02-06-2024
3758,4091,South,Furniture,1550.13,5,293.34,06-05-2025
3759,3320,South,Office Supplies,1838.93,5,459.92,17-08-2025
3760,4190,West,Electronics,3578.78,5,891.63,23-09-2024
3761,3630,South,Furniture,975.24,9,-9.58,01-10-2025
3762,3563,East,Electronics,619.91,3,1215.6,28-11-2025
3763,4292,North,Electronics,1996,2,45.54,21-02-2025
3764,1525,South,Electronics,2347.4,2,1046.58,28-09-2024
3765,4586,East,Electronics,3179.09,8,297.68,18-03-2025
3766,4799,South,Furniture,3566.9,5,241.95,27-05-2025
3767,4812,North,Office Supplies,4457.46,5,1196.15,15-02-2025
3768,1335,East,Furniture,1515.87,6,738.74,15-01-2024
3769,3745,East,Office Supplies,2690.18,9,149.35,20-03-2024
3770,2078,North,Electronics,1893.6,7,-195.67,16-11-2025
3771,3547,East,Office Supplies,106.97,5,1454.16,27-06-2025
3772,3947,North,Electronics,2939.22,5,533.36,04-07-2025
3773,4959,East,Furniture,4097.4,9,475.62,05-12-2025
3774,3813,East,Furniture,278.55,9,-114.47,27-08-2024
3775,3583,North,Office Supplies,117.11,2,1320.49,07-08-2025
3776,1161,North,Electronics,3666.31,7,39,27-08-2025
3777,4741,East,Electronics,3450.91,1,370.27,29-03-2024
3778,1593,East,Office Supplies,2088.68,4,515.88,10-09-2024
3779,2938,North,Electronics,3341.86,2,1177.18,18-05-2024
3780,3206,West,Electronics,4771.59,9,411.09,10-12-2025
3781,4259,North,Electronics,1314.53,6,703.49,16-10-2024
3782,1059,East,Furniture,1305.04,4,528.84,01-11-2024
3783,3962,East,Furniture,1012.54,3,330.14,20-06-2024
3784,4888,East,Furniture,3647.54,4,1408.72,09-06-2025
3785,4390,North,Electronics,1830.63,2,1154.69,23-11-2024
3786,2901,East,Furniture,4944.6,5,96.4,01-06-2024
3787,3258,West,Electronics,3601.78,9,743,08-12-2025
3788,1405,South,Electronics,1900.15,6,1154.15,26-06-2024
3789,1663,West,Office Supplies,831.01,2,785.64,29-08-2025
3790,2132,North,Electronics,3000.92,6,639.42,19-02-2025
3791,2099,East,Furniture,1545.03,9,-77.5,06-11-2024
3792,1541,North,Furniture,4536.99,4,-19.69,12-08-2025
3793,2337,South,Electronics,2262.88,1,216.91,31-08-2024
3794,1997,North,Furniture,1533.98,2,672.77,12-02-2025
3795,2140,East,Electronics,2983.9,5,1478.4,07-08-2024
3796,3974,South,Office Supplies,771.18,7,1163.85,19-12-2025
3797,1867,South,Electronics,2851.59,8,-12.91,11-03-2025
3798,4775,East,Electronics,374.95,3,1019.34,02-07-2024
3799,3066,East,Office Supplies,3073.75,9,1177.8,18-09-2025
3800,1431,East,Furniture,2697.8,2,504.25,03-05-2024
3801,4756,North,Office Supplies,2651.75,4,361.25,25-08-2024
3802,1739,West,Office Supplies,3452.41,4,793.85,11-09-2025
3803,2373,North,Electronics,317.84,6,682.56,09-02-2025
3804,1182,North,Electronics,2352.68,6,250.86,12-07-2025
3805,3160,West,Office Supplies,2275.79,3,475.54,16-07-2024
3806,2206,East,Furniture,2352.93,9,725.54,16-07-2025
3807,3528,East,Office Supplies,4901.47,5,785.87,06-12-2025
3808,2169,West,Furniture,782.46,2,703.97,04-08-2025
3809,1830,West,Office Supplies,3483.11,6,1238.38,27-03-2024
3810,2651,North,Office Supplies,2069.78,3,-146.03,15-03-2024
3811,2136,South,Furniture,2607.46,8,366.07,05-12-2025
3812,3810,West,Office Supplies,3835.73,3,1074.72,28-11-2024
3813,1475,North,Electronics,871.14,5,908.03,06-03-2025
3814,3810,South,Office Supplies,3841.57,4,1361.05,04-01-2025
3815,2326,East,Electronics,444.62,4,799.64,13-02-2024
3816,1970,East,Furniture,2468.22,2,884.86,23-10-2024
3817,4896,North,Furniture,3736.15,8,998.41,10-04-2025
3818,2019,North,Electronics,1043.5,3,116.54,06-09-2024
3819,2141,West,Office Supplies,3877.49,4,1080.51,25-02-2025
3820,2836,East,Electronics,917.38,6,309.81,17-04-2025
3821,1160,North,Electronics,4016.27,9,521.65,29-09-2024
3822,3448,East,Furniture,2397.78,4,-176.19,21-06-2024
3823,1197,East,Electronics,3454.73,3,1234.06,23-08-2024
3824,2283,West,Office Supplies,4595.29,5,1420.94,15-02-2024
3825,1659,South,Electronics,2101.27,9,-97.68,26-01-2025
3826,2775,West,Furniture,1241.49,1,879.84,16-10-2025
3827,2070,North,Office Supplies,4349.1,5,1433.32,20-08-2024
3828,3010,West,Furniture,891.92,4,831.73,20-02-2025
3829,1398,West,Electronics,3194.23,5,1156.52,22-09-2024
3830,2733,East,Electronics,4623.94,7,0.82,08-07-2024
3831,2582,West,Furniture,3404.54,7,216.24,01-07-2024
3832,3125,North,Furniture,1058.84,7,387.75,22-12-2024
3833,3171,South,Office Supplies,846.19,1,1467.98,03-12-2025
3834,1074,West,Furniture,1336.3,9,1129.02,18-05-2024
3835,4942,West,Furniture,2017.89,7,1305.63,30-06-2025
3836,3184,South,Electronics,879.88,4,628.03,19-05-2025
3837,1601,North,Electronics,4009.29,4,1018.57,26-04-2025
3838,4471,North,Furniture,1849.47,2,1043.66,17-12-2024
3839,1836,West,Furniture,4686.83,6,767.17,07-12-2024
3840,2528,East,Electronics,4228.21,3,1292.55,05-10-2025
3841,1499,West,Office Supplies,4553.21,1,69.03,13-03-2024
3842,2596,South,Office Supplies,1543.01,5,-102.22,11-06-2024
3843,1137,South,Office Supplies,2911.28,6,316.9,10-08-2024
3844,3097,South,Office Supplies,1675.1,5,-49.94,03-07-2024
3845,2794,West,Electronics,1359.05,5,-97.46,04-04-2024
3846,1972,West,Furniture,3074.73,8,512.45,14-11-2025
3847,2642,North,Office Supplies,4108.18,1,140.86,04-11-2024
3848,4696,East,Electronics,558.63,8,1143.25,27-05-2024
3849,2885,West,Furniture,1451.27,7,785.63,14-11-2024
3850,3301,North,Office Supplies,1105.16,1,413.01,27-06-2024
3851,4701,West,Furniture,4011.92,9,287.13,15-10-2025
3852,3028,North,Office Supplies,4673.52,4,757.33,17-10-2024
3853,3757,North,Furniture,491.72,7,537.8,13-09-2025
3854,4920,East,Office Supplies,1958.15,3,-105.25,11-05-2025
3855,2900,West,Office Supplies,4581.09,8,930.82,27-10-2024
3856,3610,North,Furniture,1788.73,4,649.59,09-06-2024
3857,3804,South,Furniture,3592.04,2,270.73,01-03-2024
3858,4986,South,Furniture,593.27,2,293.71,12-03-2024
3859,2449,South,Electronics,2277.5,8,569.73,12-03-2025
3860,1546,East,Electronics,2566.17,8,1206.91,26-04-2025
3861,4373,North,Furniture,3812.55,1,519.19,24-04-2024
3862,1921,East,Electronics,1515.24,6,1227.29,24-07-2024
3863,1580,West,Office Supplies,1394.52,9,522.27,29-11-2024
3864,2372,West,Furniture,1584.54,9,1210.85,01-11-2024
3865,4903,North,Electronics,2822.91,2,1383.6,07-07-2025
3866,2956,South,Furniture,4392.42,8,-165.02,15-06-2025
3867,3003,North,Office Supplies,4171.61,8,-94.17,26-08-2025
3868,3096,North,Office Supplies,383.93,4,27.83,02-08-2025
3869,3964,North,Electronics,4406.88,4,7.6,14-05-2024
3870,4145,East,Office Supplies,566.04,5,572.61,31-07-2025
3871,1703,West,Furniture,2135.21,7,1098.86,30-05-2024
3872,3308,North,Electronics,3850.48,1,1434.26,01-07-2025
3873,3403,North,Furniture,499.4,9,510.23,19-05-2024
3874,4653,North,Furniture,297.96,3,970.42,10-02-2025
3875,2625,East,Furniture,1716.98,4,880.36,04-05-2025
3876,4331,East,Office Supplies,3676.64,7,468.41,23-07-2024
3877,1637,East,Furniture,2656.61,5,1025.91,21-10-2024
3878,3790,North,Office Supplies,2143.31,5,806.32,04-08-2025
3879,4366,South,Furniture,4084.06,1,1091.9,01-11-2025
3880,2009,South,Office Supplies,3856.88,2,129.2,02-07-2024
3881,3978,South,Office Supplies,3951.61,5,412.46,18-01-2024
3882,1640,West,Office Supplies,2352.66,2,941.08,17-01-2025
3883,3839,North,Furniture,195.3,1,12.17,24-07-2025
3884,4384,South,Furniture,943.47,3,1109.68,12-09-2025
3885,3659,South,Office Supplies,3732.37,1,26.85,04-10-2025
3886,2861,South,Furniture,3790.55,8,351.57,25-06-2025
3887,3856,North,Office Supplies,4864.26,8,203.8,22-05-2025
3888,2205,South,Furniture,1031.91,8,-96.32,10-07-2024
3889,1685,South,Office Supplies,702.34,7,260.12,16-07-2024
3890,2851,North,Office Supplies,780.07,7,1349.57,29-08-2024
3891,4435,West,Electronics,1005.46,2,-154.22,31-03-2024
3892,1187,East,Furniture,2689.49,9,-171.39,02-01-2024
3893,4640,South,Furniture,4878.54,7,997.25,31-08-2025
3894,4614,East,Electronics,2988.21,5,423.68,09-04-2025
3895,2619,West,Office Supplies,2661.17,4,190.56,11-10-2024
3896,2687,West,Office Supplies,3399.45,8,665.08,04-01-2024
3897,1984,South,Electronics,462.26,5,253.35,25-08-2024
3898,1547,North,Electronics,4095.24,6,466.43,05-07-2025
3899,3772,West,Office Supplies,3269.71,4,1016.07,14-03-2025
3900,3973,East,Furniture,938.84,2,-1.26,24-01-2025
3901,2431,East,Electronics,3190.51,7,1431.42,24-11-2024
3902,1875,East,Electronics,3021.42,2,-127.7,28-08-2024
3903,1617,East,Electronics,417.78,7,1171.11,06-09-2025
3904,3461,West,Electronics,1407.97,7,1031.81,09-05-2025
3905,2365,South,Electronics,2015.61,1,279.55,01-03-2024
3906,2243,South,Electronics,1299.95,3,1.15,02-03-2024
3907,1902,East,Office Supplies,1291.49,3,1249.04,27-03-2025
3908,1162,South,Office Supplies,2907.45,6,955.34,03-10-2024
3909,2974,East,Electronics,2407.21,3,294.5,07-06-2024
3910,4291,East,Office Supplies,3369.73,9,-171.22,26-08-2024
3911,1269,North,Furniture,4786.39,5,1395.43,12-02-2024
3912,1631,West,Furniture,3336.72,6,487.23,16-02-2025
3913,1905,West,Electronics,2952.27,6,99.65,14-03-2025
3914,4919,East,Furniture,4253.04,8,1350.12,09-11-2024
3915,4471,West,Furniture,3197.16,3,410.34,31-05-2024
3916,4253,South,Office Supplies,911.25,9,587.53,20-03-2024
3917,3014,East,Office Supplies,1642.27,7,987.65,16-05-2024
3918,2641,North,Office Supplies,3693.47,6,1193.01,25-12-2025
3919,4800,South,Office Supplies,3718.07,1,-29.7,25-03-2025
3920,1204,North,Furniture,4936.34,4,1327.75,20-01-2025
3921,1581,North,Electronics,3172.18,5,1385.32,07-11-2025
3922,2579,West,Office Supplies,4507.77,2,240.76,17-01-2025
3923,1840,West,Furniture,367.44,1,645.56,13-06-2024
3924,2836,East,Office Supplies,2874.49,2,1258.39,09-12-2025
3925,2251,West,Furniture,4607.26,8,628.49,28-10-2024
3926,2719,North,Office Supplies,1507.5,6,619.36,17-02-2024
3927,2642,North,Electronics,858.9,2,851.49,06-05-2024
3928,3643,South,Office Supplies,1817.5,9,1104.65,02-01-2025
3929,4921,North,Electronics,3981.96,8,931.55,09-10-2025
3930,3297,East,Office Supplies,515.03,4,865.16,01-02-2024
3931,1874,East,Office Supplies,3041.66,7,431.84,21-05-2025
3932,2464,West,Office Supplies,764.59,3,871.13,04-09-2025
3933,4604,West,Furniture,2234.11,6,-24.44,17-03-2024
3934,3243,West,Furniture,4833.29,3,496.25,07-12-2025
3935,1689,East,Electronics,1056.21,3,120.2,19-07-2024
3936,3010,North,Electronics,266.68,9,713.87,08-03-2024
3937,4590,West,Furniture,2193.3,6,245.48,28-01-2024
3938,4141,South,Electronics,2930.71,8,660.09,03-02-2025
3939,3686,West,Electronics,1557.84,4,1121.45,26-02-2024
3940,2422,East,Furniture,2754.66,4,537.79,21-07-2024
3941,3001,West,Furniture,4771.67,8,171.84,20-07-2025
3942,1671,North,Furniture,1627.68,7,179.07,23-03-2024
3943,4831,West,Furniture,1616.19,5,1340.63,09-09-2025
3944,4274,East,Office Supplies,2465.56,2,1127.54,07-09-2024
3945,2171,East,Furniture,2625.05,6,-137.83,07-12-2024
3946,2495,South,Electronics,106.69,1,1402.63,26-02-2025
3947,4726,East,Office Supplies,3117.79,7,-8.64,14-03-2025
3948,1943,South,Office Supplies,4987.05,9,910,17-02-2025
3949,3246,North,Electronics,1530.84,5,737.56,12-05-2024
3950,4988,East,Office Supplies,3190.97,5,-120.66,04-03-2025
3951,2449,West,Electronics,122.65,7,301.79,04-12-2025
3952,4737,North,Office Supplies,3061.2,5,1118.95,27-06-2025
3953,3539,West,Office Supplies,2290.63,4,321.7,01-09-2025
3954,4959,West,Electronics,2698.44,1,616.57,24-09-2024
3955,1895,West,Electronics,2765.13,6,986.52,16-04-2024
3956,3189,North,Electronics,967.07,9,-78.33,06-03-2024
3957,2336,North,Electronics,3872.84,4,1215.43,21-02-2024
3958,1164,East,Furniture,2821.8,4,-129.31,11-12-2025
3959,3361,West,Furniture,1423.95,5,246.06,14-10-2024
3960,3068,South,Electronics,4693.17,6,1097.21,19-08-2024
3961,2105,East,Furniture,162.59,3,1350.19,11-06-2024
3962,4652,North,Electronics,3657.09,9,1092.58,28-08-2024
3963,4202,South,Electronics,1968.05,1,185.9,24-01-2025
3964,4670,North,Office Supplies,2660.47,6,1475.73,22-01-2024
3965,2753,South,Electronics,1528.4,6,502.67,29-12-2025
3966,4031,East,Electronics,1674.14,8,439.97,17-11-2025
3967,3352,South,Electronics,174.31,5,1270.9,07-05-2025
3968,2938,East,Electronics,3676.24,9,-87.44,14-11-2025
3969,1370,North,Office Supplies,3582.91,9,745.34,04-06-2025
3970,2880,South,Electronics,3306.36,2,1441.56,27-12-2024
3971,1852,West,Office Supplies,4401.96,5,-29.78,28-02-2024
3972,1383,West,Electronics,4516.21,7,719.44,29-04-2025
3973,2931,North,Office Supplies,2826.58,2,25.18,20-09-2025
3974,3492,South,Furniture,3455.64,7,1312.96,10-04-2024
3975,1424,West,Office Supplies,153.89,9,799.17,05-12-2024
3976,3208,East,Office Supplies,4247.08,8,198.83,30-04-2025
3977,4249,South,Electronics,4100.43,9,321.97,19-11-2025
3978,1628,South,Office Supplies,199.22,4,678.27,16-01-2024
3979,4779,West,Office Supplies,2759.84,8,1033.09,12-05-2025
3980,1894,East,Electronics,4542.61,9,628.74,30-04-2024
3981,3537,East,Furniture,988.8,2,121.75,01-08-2024
3982,4064,East,Furniture,1827.96,3,1003.82,25-11-2024
3983,3374,South,Furniture,1722.16,1,1.22,24-03-2024
3984,1597,North,Office Supplies,1844.11,1,1175.99,29-06-2024
3985,4062,South,Electronics,305.24,6,472.52,20-01-2025
3986,3336,South,Furniture,1467.19,1,909.61,18-11-2024
3987,1592,West,Furniture,1544.8,5,385.99,07-07-2025
3988,2687,North,Furniture,4342.77,6,937.43,23-03-2025
3989,4644,East,Furniture,1825.37,9,1311.62,13-03-2024
3990,1572,West,Electronics,2291.36,6,992.39,11-09-2024
3991,4425,South,Furniture,1965.62,4,941.4,30-11-2025
3992,3075,North,Office Supplies,691.3,1,1087.6,16-10-2024
3993,4001,East,Office Supplies,4952.75,6,650.36,14-05-2025
3994,3090,East,Electronics,4146.54,7,174.5,30-08-2025
3995,2704,South,Furniture,2750.51,5,1186.39,10-08-2025
3996,3470,East,Furniture,2434.19,6,902.42,02-01-2024
3997,4669,East,Office Supplies,3281.35,8,333.5,17-01-2025
3998,1176,North,Electronics,1699.51,1,268.98,20-11-2025
3999,1528,West,Office Supplies,346.39,8,649.88,21-04-2024
4000,2633,North,Electronics,2081.15,2,152.42,22-07-2024
4001,1965,West,Electronics,4921.49,2,1293.01,26-01-2024
4002,2517,West,Electronics,993.5,8,1140.57,17-04-2024
4003,1197,West,Office Supplies,2685.76,2,324.14,07-11-2025
4004,3657,East,Electronics,141.75,8,-116.01,20-07-2025
4005,4648,North,Office Supplies,697.95,5,-111.82,30-09-2024
4006,3889,East,Office Supplies,2977.24,9,305.1,25-06-2025
4007,1852,South,Furniture,1557.33,9,50.76,17-01-2024
4008,4588,North,Office Supplies,4537.85,8,1284.66,08-04-2025
4009,2537,West,Office Supplies,2090.23,9,515.33,24-10-2024
4010,3069,East,Furniture,1119.36,7,391.65,15-08-2025
4011,4183,East,Furniture,2773.4,8,170.43,30-01-2025
4012,2080,North,Furniture,3995.37,6,1230.04,27-01-2024
4013,4137,North,Electronics,195.16,9,1147.19,01-07-2024
4014,3889,West,Electronics,2577.05,2,453.36,30-05-2025
4015,1097,West,Furniture,3889.79,3,87.91,05-11-2025
4016,4215,South,Electronics,607.58,2,1418.38,24-03-2025
4017,2903,West,Furniture,4523.71,6,336.96,27-11-2024
4018,1434,East,Electronics,1396.14,3,1110.86,06-08-2025
4019,1636,South,Office Supplies,935.96,1,587.18,31-03-2025
4020,4750,South,Electronics,2987.35,4,1128.8,10-08-2025
4021,4157,South,Electronics,957.65,5,618.74,23-02-2025
4022,1587,North,Office Supplies,3430.54,4,1373.45,27-08-2024
4023,1343,West,Furniture,2501.5,6,1160.72,26-05-2025
4024,2317,South,Electronics,638.78,3,242.49,16-10-2024
4025,2979,North,Electronics,4571.2,6,531.64,14-03-2025
4026,1570,North,Office Supplies,3398.71,1,-29,06-06-2025
4027,4721,South,Office Supplies,2775.37,6,1335.9,24-07-2025
4028,1610,South,Office Supplies,1934.27,8,-82.2,15-09-2024
4029,2727,East,Office Supplies,760.81,8,-168.99,14-12-2025
4030,3290,South,Furniture,3566.84,1,643.94,24-09-2024
4031,2854,East,Electronics,4086.91,7,825.32,22-04-2024
4032,3608,South,Electronics,716.51,4,179.46,07-08-2025
4033,1959,South,Electronics,2523.38,6,769.93,08-02-2025
4034,3079,West,Electronics,2475.75,6,1322.46,05-02-2025
4035,3438,South,Furniture,1814.57,5,864.4,23-08-2024
4036,3324,South,Electronics,3967.78,9,574.76,06-01-2024
4037,1531,East,Furniture,587.7,8,45.53,23-08-2025
4038,2177,East,Furniture,1104.59,6,87.2,23-04-2024
4039,3430,West,Office Supplies,107.85,4,623.4,30-12-2024
4040,2091,South,Office Supplies,1927.63,4,587.31,16-11-2024
4041,2901,South,Electronics,1526.77,9,688.06,06-11-2024
4042,1883,East,Furniture,4348.27,4,663.41,16-06-2024
4043,3261,North,Office Supplies,3754.47,7,380.17,21-02-2024
4044,2678,North,Furniture,513.91,6,982.97,26-10-2024
4045,3423,North,Office Supplies,3730.68,2,160.76,02-03-2024
4046,3791,East,Furniture,3409.46,5,1248.96,24-03-2024
4047,3260,East,Electronics,1480.45,3,130.47,18-12-2024
4048,3126,North,Electronics,175.76,9,507.01,30-10-2025
4049,2749,North,Furniture,664.3,1,158.26,17-05-2025
4050,3675,South,Office Supplies,1324.71,4,851.37,20-10-2025
4051,3651,East,Office Supplies,4101.45,4,611.98,19-04-2025
4052,1781,East,Electronics,2380.03,9,436.33,26-09-2025
4053,4994,North,Electronics,4600.14,1,607.73,17-05-2025
4054,4452,North,Electronics,3966.83,2,516.11,24-11-2025
4055,4048,West,Office Supplies,1506.83,1,1253.78,08-04-2024
4056,3727,East,Office Supplies,4242.27,1,11.25,02-12-2025
4057,3105,West,Electronics,671.95,1,1148.41,01-11-2024
4058,4867,South,Furniture,276.98,3,914.06,10-11-2024
4059,4097,West,Office Supplies,3081.84,4,392.14,10-12-2025
4060,1880,North,Electronics,1774.54,2,1362.47,17-03-2025
4061,1446,East,Furniture,1714.19,1,100.81,03-09-2024
4062,3113,East,Office Supplies,3467.32,5,327.49,21-09-2024
4063,4992,West,Furniture,4265.51,6,437.23,22-07-2025
4064,2783,West,Furniture,1678.66,2,901.25,28-02-2025
4065,2277,South,Office Supplies,1692.57,3,1408.9,27-02-2024
4066,4970,South,Electronics,2715.87,3,808.86,28-04-2025
4067,2991,North,Furniture,3300.6,2,1255.72,19-11-2024
4068,2067,North,Electronics,1094.24,4,1338.45,04-07-2024
4069,4168,North,Office Supplies,4572.13,5,592.99,13-05-2025
4070,2577,West,Furniture,3306.64,8,603.14,02-03-2024
4071,2011,West,Furniture,3163.29,6,225,15-08-2025
4072,3274,East,Furniture,4530.56,9,822.7,02-09-2024
4073,1773,North,Furniture,4545.6,3,4.05,01-05-2025
4074,3726,West,Furniture,764.2,9,878.36,07-01-2025
4075,4507,East,Office Supplies,810.87,4,1317.93,29-05-2025
4076,2814,North,Furniture,3833.55,8,1093.34,20-02-2024
4077,3648,South,Office Supplies,4788.71,7,903.62,08-09-2025
4078,3426,South,Electronics,3365.92,7,1225.29,08-04-2024
4079,2201,West,Office Supplies,2115.45,9,1040.69,18-11-2024
4080,2450,East,Furniture,3449.02,2,700.43,14-08-2025
4081,4986,South,Electronics,1221.18,5,685.81,16-03-2025
4082,3756,East,Office Supplies,4990.03,3,-18.09,07-02-2025
4083,1306,East,Office Supplies,2212.32,7,538.51,20-02-2025
4084,1778,South,Office Supplies,4665.26,3,688.16,13-11-2025
4085,3551,East,Furniture,2210.91,5,598.86,03-06-2024
4086,3315,South,Furniture,4647.88,5,1119.22,25-06-2025
4087,4657,West,Office Supplies,1744.86,2,73.64,02-09-2025
4088,1007,North,Office Supplies,3826.66,1,1151.33,25-05-2024
4089,4991,North,Electronics,4759.91,6,1060.83,22-08-2024
4090,3555,West,Furniture,3265.31,1,1331.4,18-04-2025
4091,1475,South,Furniture,3420.07,9,434.87,02-02-2025
4092,2320,South,Electronics,604.14,5,100.12,02-09-2025
4093,3211,South,Office Supplies,2423.68,1,1089.67,04-04-2025
4094,1484,South,Office Supplies,4445.1,8,800.33,02-12-2025
4095,4668,West,Electronics,1280.46,1,1011.24,08-03-2025
4096,4143,North,Office Supplies,3962.98,4,1494.46,13-09-2024
4097,3614,East,Office Supplies,3410.98,7,130.72,15-12-2025
4098,1904,East,Electronics,1192.63,4,498.79,14-03-2025
4099,1558,North,Electronics,1485.68,5,127.58,20-06-2025
4100,4982,West,Electronics,2195.05,7,1263.06,23-06-2024
4101,2967,East,Office Supplies,713.13,4,-171.13,13-12-2025
4102,3285,North,Electronics,4575.52,5,29.88,05-05-2025
4103,2127,West,Office Supplies,3722.85,7,221.38,09-10-2024
4104,2233,East,Furniture,1888.32,1,1111.25,27-08-2025
4105,3601,South,Furniture,1568.36,3,868.37,15-07-2025
4106,3875,South,Electronics,3478.94,1,460.64,06-08-2024
4107,1467,West,Office Supplies,2178.68,3,69.79,04-06-2024
4108,4525,South,Office Supplies,1223.75,2,346.73,26-02-2024
4109,4339,West,Office Supplies,2207.74,5,1063.81,25-05-2025
4110,3433,North,Electronics,4369.36,5,449.32,03-12-2024
4111,3822,North,Office Supplies,436.17,9,586.41,19-12-2025
4112,1847,East,Office Supplies,1904.96,8,834.66,28-09-2024
4113,3434,West,Office Supplies,4815.46,3,1351.91,27-12-2025
4114,3924,East,Furniture,172.68,1,225.18,02-07-2024
4115,1258,East,Office Supplies,4464.14,5,561.59,17-10-2024
4116,1282,North,Furniture,1936.69,3,327.55,28-10-2024
4117,2649,East,Office Supplies,1028.64,5,592.52,01-08-2025
4118,2898,South,Office Supplies,173.4,9,983.98,03-09-2024
4119,1039,East,Office Supplies,445.56,1,619.51,16-01-2024
4120,3533,West,Furniture,942.03,1,1218.71,30-11-2024
4121,3976,South,Office Supplies,224.51,9,740.54,29-07-2024
4122,3267,North,Electronics,1745.66,3,455.8,08-08-2025
4123,4200,West,Office Supplies,319.98,5,1129.95,07-01-2025
4124,2014,South,Furniture,3491.86,9,533.25,09-02-2025
4125,4071,West,Furniture,4112.64,5,676.44,13-06-2025
4126,4591,South,Electronics,4448.57,3,1490.94,22-01-2024
4127,1612,West,Electronics,2790.73,9,1136.93,09-09-2025
4128,3975,West,Electronics,4737.9,7,1253.74,28-04-2024
4129,2915,South,Furniture,127.66,7,807.85,11-06-2025
4130,1687,North,Office Supplies,756.69,8,391.97,02-07-2024
4131,4690,North,Office Supplies,1536.51,5,1485.16,29-05-2025
4132,1612,West,Electronics,3966.22,2,214.83,06-05-2025
4133,3307,West,Electronics,4438.41,9,1283.79,20-05-2025
4134,4037,North,Office Supplies,3128.86,3,1349.21,26-09-2025
4135,4013,North,Electronics,1977.86,2,1189.84,12-03-2025
4136,3413,East,Office Supplies,3362.64,5,-6.06,14-04-2024
4137,2781,North,Office Supplies,986.41,8,1251.99,12-04-2024
4138,2810,West,Office Supplies,2343.58,3,928.42,26-07-2024
4139,3591,South,Office Supplies,2586.97,6,957.4,22-10-2025
4140,3696,North,Furniture,613.87,9,1137.1,05-12-2025
4141,2547,East,Office Supplies,265.98,2,633.91,16-02-2024
4142,2930,East,Electronics,3775.52,8,254.17,30-10-2024
4143,3861,East,Electronics,2720.06,7,777.38,15-06-2024
4144,4958,South,Electronics,1727.97,3,-15.25,08-05-2025
4145,4087,North,Electronics,2242.42,1,947.17,27-03-2024
4146,2152,North,Furniture,4792.75,6,621,13-08-2024
4147,1574,North,Office Supplies,1986.08,2,653.96,29-04-2024
4148,4180,South,Office Supplies,607.05,3,115.9,04-09-2024
4149,2910,South,Electronics,2371.65,5,-129.82,19-05-2025
4150,2012,West,Electronics,3275.44,8,839.16,18-12-2024
4151,4604,East,Electronics,159.35,2,920.01,23-05-2024
4152,1669,East,Office Supplies,1728.47,6,647.1,15-12-2024
4153,1268,North,Furniture,2028.22,1,1101.74,29-05-2025
4154,4233,South,Furniture,2372.2,7,758.32,12-11-2024
4155,2283,South,Furniture,1578.25,4,1241.93,26-01-2024
4156,1923,North,Furniture,3367.92,1,289.8,13-06-2025
4157,2125,North,Electronics,4729.08,9,213.28,17-11-2024
4158,2529,West,Office Supplies,4578.59,9,243.95,22-10-2024
4159,2758,East,Electronics,3355.53,3,-148.12,10-05-2024
4160,2594,East,Furniture,2583.73,6,1331.06,17-01-2024
4161,1246,East,Electronics,4146.49,7,1498.62,04-08-2025
4162,4711,West,Furniture,4196.09,4,1188.09,03-07-2024
4163,4866,North,Office Supplies,4164.91,6,501.41,18-02-2024
4164,4908,North,Furniture,873.45,9,401.69,16-03-2024
4165,2560,East,Electronics,224.62,6,1116.96,11-06-2025
4166,3178,East,Office Supplies,4917.65,7,666.91,06-01-2024
4167,3400,West,Furniture,4802.31,6,1397.08,03-02-2024
4168,3243,South,Furniture,2865.45,7,275.29,28-02-2024
4169,4864,South,Office Supplies,4966.01,1,350.49,07-03-2024
4170,2939,East,Electronics,3875.68,6,1498,11-09-2024
4171,1929,West,Office Supplies,2635.16,9,1462.9,06-02-2025
4172,4737,East,Electronics,2007.72,3,1304.83,05-06-2024
4173,4453,South,Furniture,3005.03,6,487.87,01-02-2024
4174,4069,East,Furniture,2627.43,4,1223.94,10-01-2024
4175,3692,South,Office Supplies,4969.63,7,281.77,04-12-2025
4176,1226,South,Furniture,2503.26,7,233.08,09-01-2025
4177,3748,South,Office Supplies,4196.01,9,728.94,14-12-2024
4178,4547,North,Furniture,4086.76,4,1262.45,11-08-2025
4179,4548,North,Furniture,449.89,8,-34.3,15-06-2025
4180,1264,East,Electronics,526.33,8,761.02,04-06-2024
4181,2395,South,Office Supplies,3333.07,8,836.56,27-01-2024
4182,4557,North,Office Supplies,1369.63,8,785.66,01-06-2024
4183,2457,East,Furniture,3321.88,6,171.45,11-10-2024
4184,1645,East,Electronics,808.67,8,-90.98,19-09-2025
4185,3258,East,Electronics,2045.63,6,1321.49,06-09-2024
4186,4643,East,Office Supplies,602.1,2,776.67,04-03-2025
4187,4448,East,Office Supplies,1482.26,3,1105.44,10-07-2025
4188,2418,West,Furniture,532.66,6,419.54,12-10-2024
4189,2473,South,Office Supplies,4855.84,7,-127.75,20-05-2025
4190,3990,East,Furniture,2035.79,4,241.26,20-10-2024
4191,2387,West,Electronics,4515.82,1,-75.28,19-03-2025
4192,2899,South,Office Supplies,4858.74,4,-66.99,14-10-2024
4193,3504,North,Electronics,4556.86,6,164.58,01-11-2024
4194,3772,East,Electronics,2329.3,8,877.08,11-03-2024
4195,4799,West,Furniture,3916.6,4,1190.21,11-06-2024
4196,2249,North,Electronics,853.13,1,1196.31,25-04-2025
4197,1981,West,Furniture,564.68,5,1394.19,10-08-2025
4198,2154,South,Furniture,4396.82,7,915.85,08-12-2024
4199,1587,South,Electronics,252.49,6,-166.24,31-05-2025
4200,1475,North,Electronics,4864.4,3,441.58,16-04-2024
4201,2821,West,Furniture,3393.46,7,-10.52,22-09-2025
4202,1985,East,Furniture,2156.1,4,1121.69,31-08-2025
4203,4348,East,Electronics,792.74,5,3.47,23-11-2025
4204,3203,North,Furniture,3643.83,7,-19.93,12-05-2025
4205,4831,North,Furniture,2859.25,2,-152.05,01-01-2024
4206,2241,North,Office Supplies,3584.52,4,1424.35,20-08-2025
4207,1189,West,Office Supplies,2147.82,4,1135.71,20-04-2025
4208,2440,East,Office Supplies,424.67,6,366.63,28-03-2025
4209,1980,East,Office Supplies,1643.36,7,439.95,05-03-2024
4210,2698,East,Office Supplies,1643.6,4,-98.97,29-04-2025
4211,2715,North,Furniture,142.53,1,68.46,06-09-2025
4212,3593,East,Furniture,146.95,1,329.47,25-02-2025
4213,1040,South,Office Supplies,1720.72,5,459.38,19-06-2025
4214,3354,North,Electronics,3665.35,1,853.96,30-05-2024
4215,1942,East,Office Supplies,3157.81,3,395.56,25-01-2025
4216,1337,West,Electronics,1271.19,9,1422.82,18-02-2025
4217,2337,North,Furniture,3053.54,3,382.75,07-01-2024
4218,2098,South,Electronics,3272.15,3,1400.71,30-05-2025
4219,4000,South,Furniture,2660.59,9,1040.76,24-11-2025
4220,3326,West,Electronics,2654.63,5,1329.83,10-04-2025
4221,4247,West,Furniture,1911.76,8,995.37,13-04-2024
4222,1895,North,Furniture,704.63,9,766.59,08-04-2025
4223,4733,North,Office Supplies,1988.87,6,665.44,17-07-2025
4224,3320,South,Furniture,1792.14,7,295.27,16-08-2025
4225,3884,West,Office Supplies,3000.67,7,306.9,13-07-2025
4226,3667,North,Office Supplies,4295.67,7,179.45,16-12-2024
4227,2674,South,Office Supplies,1939.34,4,455.42,29-12-2025
4228,3909,West,Electronics,3577.7,2,15.85,31-12-2024
4229,4854,South,Electronics,4077.97,2,458.93,30-06-2024
4230,4930,East,Furniture,1137.58,7,1217.36,30-08-2024
4231,1930,West,Office Supplies,4518.09,7,1279.5,07-08-2024
4232,1288,North,Office Supplies,445.18,7,892.81,26-07-2024
4233,1723,North,Furniture,4518.42,8,236.58,30-09-2025
4234,3940,East,Office Supplies,901.8,3,208.59,30-06-2024
4235,3319,West,Furniture,1752.13,5,272.48,04-03-2025
4236,2953,South,Office Supplies,3065.65,6,650.07,04-02-2024
4237,2089,North,Electronics,4537.85,8,1459.96,05-11-2025
4238,1482,East,Furniture,1352.94,8,-14.39,24-02-2025
4239,1935,East,Furniture,3841.51,3,650.87,21-07-2024
4240,3295,West,Electronics,3581.14,4,959.82,10-06-2024
4241,1155,West,Furniture,882.57,6,217.62,11-02-2025
4242,2070,North,Electronics,2449.37,4,1447.49,14-12-2024
4243,2958,East,Office Supplies,2459.37,4,393.34,04-01-2024
4244,3501,South,Electronics,1592.6,5,1385,26-12-2024
4245,3248,East,Electronics,3921.61,7,815.5,12-08-2025
4246,2683,South,Furniture,4637.08,2,-193.06,25-10-2025
4247,1123,South,Office Supplies,3611.21,2,328.89,23-12-2024
4248,3048,North,Electronics,4867.48,9,-163.37,19-09-2025
4249,1967,East,Office Supplies,347.3,4,448.51,05-02-2024
4250,4830,South,Electronics,282.39,5,1385.31,30-11-2024
4251,1854,West,Furniture,4479.91,3,1124.33,17-10-2024
4252,1639,South,Electronics,4499.22,2,854.22,11-10-2024
4253,3238,West,Electronics,624.89,8,715.54,05-02-2024
4254,2602,West,Office Supplies,1851.49,4,433.39,19-11-2024
4255,3563,East,Electronics,4193.43,1,159.62,07-04-2025
4256,1441,West,Furniture,729.85,6,-93.71,29-01-2025
4257,2944,South,Furniture,1410.4,6,123.25,20-07-2025
4258,2838,West,Electronics,3436.88,2,397.58,18-02-2024
4259,2829,East,Electronics,4911.31,2,683.98,07-04-2025
4260,3190,North,Office Supplies,4005.98,8,147.49,08-11-2024
4261,4262,South,Office Supplies,3908.86,7,1456.36,20-12-2024
4262,1532,South,Furniture,1779.05,2,-69.35,08-12-2024
4263,3274,East,Office Supplies,3340.58,1,-38.85,24-02-2024
4264,2336,East,Electronics,654.13,8,960.42,07-11-2024
4265,4700,East,Furniture,4962.11,2,1083.6,16-09-2024
4266,1948,East,Office Supplies,2454.86,5,1453.17,03-10-2025
4267,4373,South,Furniture,3230.16,6,701.76,28-03-2024
4268,4725,North,Electronics,4393.24,1,82.09,15-11-2024
4269,3019,West,Office Supplies,104.73,2,1394.48,24-01-2025
4270,1459,West,Electronics,4882.31,4,1466.4,26-09-2024
4271,4472,North,Electronics,1859.88,2,1369.97,04-04-2025
4272,1550,North,Furniture,1763.99,6,1281.82,26-12-2024
4273,1392,North,Furniture,810.81,4,-68.12,05-05-2024
4274,4938,East,Furniture,4305.1,3,1253.28,03-07-2024
4275,2787,South,Office Supplies,4367.11,6,1420.49,30-12-2024
4276,1844,South,Office Supplies,197.95,9,738.93,25-06-2025
4277,4278,South,Furniture,373.05,8,1113.4,20-12-2025
4278,3257,East,Office Supplies,4599.87,2,923.52,08-01-2024
4279,2138,South,Office Supplies,702.05,3,289.7,15-10-2025
4280,4808,East,Furniture,3142.54,2,798.78,24-12-2025
4281,1645,South,Electronics,3136.29,7,1311.93,17-02-2025
4282,4322,North,Office Supplies,4361.68,9,643.85,11-05-2024
4283,3266,West,Office Supplies,2906.01,1,803.25,21-12-2024
4284,3454,West,Electronics,2226.66,3,703.49,18-11-2024
4285,2466,East,Electronics,4874.47,6,280.09,11-04-2024
4286,4674,South,Electronics,1221.2,4,894.23,10-04-2025
4287,2377,West,Furniture,1387.32,1,666.1,04-03-2025
4288,3935,North,Electronics,515.37,9,195.33,15-03-2024
4289,3605,North,Furniture,4879.05,7,1322.14,09-04-2024
4290,3597,North,Electronics,3561.17,7,1415.08,23-08-2024
4291,1141,East,Electronics,159.28,1,-105.87,25-09-2024
4292,3659,East,Furniture,3551.14,9,857.99,20-07-2025
4293,1500,South,Furniture,2080.27,8,505.58,10-09-2024
4294,1839,North,Electronics,4840.99,5,694.12,27-12-2025
4295,3749,South,Electronics,1459.2,4,435.51,24-11-2024
4296,4618,South,Electronics,3580.4,1,606.41,25-10-2024
4297,2682,North,Office Supplies,3174.43,9,349.84,04-01-2025
4298,2565,South,Electronics,159.04,8,-0.07,01-11-2025
4299,3046,West,Furniture,4437.56,2,313.46,15-09-2024
4300,4917,East,Office Supplies,784.1,4,939.56,15-08-2024
4301,2530,South,Furniture,3351.59,4,-114.35,11-01-2025
4302,1595,North,Office Supplies,3900.19,7,450.65,24-05-2024
4303,2904,East,Office Supplies,3191.55,3,-128.09,20-03-2024
4304,1280,East,Furniture,575.86,8,405.65,08-02-2024
4305,1423,South,Office Supplies,4878.38,7,-51.06,06-12-2025
4306,3903,West,Furniture,1260.41,4,377.39,09-12-2025
4307,1269,South,Electronics,3176.54,9,1224.75,06-04-2024
4308,1153,West,Office Supplies,4006.17,6,842.79,02-09-2024
4309,3661,East,Furniture,4702.26,3,959.9,28-11-2024
4310,2750,South,Office Supplies,3059.65,7,656.46,10-08-2025
4311,1661,North,Furniture,1369.37,6,1368.05,06-02-2025
4312,2967,South,Electronics,4199.53,8,719.97,04-10-2024
4313,1082,West,Electronics,899.78,5,-22.7,08-01-2024
4314,4693,West,Office Supplies,209.18,6,1386.28,29-12-2024
4315,3994,South,Office Supplies,4549.93,1,26.21,27-03-2025
4316,3946,West,Furniture,2919.41,8,1498.59,11-12-2025
4317,2449,East,Furniture,441.24,1,540.15,08-09-2024
4318,2298,South,Office Supplies,2940.67,3,-75.07,18-01-2024
4319,4784,West,Furniture,810.57,2,1268.97,24-01-2025
4320,3331,South,Furniture,253.79,6,-42.1,29-08-2024
4321,1979,South,Furniture,670.97,8,96.53,09-09-2024
4322,3220,North,Office Supplies,3898.03,8,509.49,04-01-2024
4323,4398,South,Electronics,3802.74,7,949.52,07-01-2025
4324,4789,North,Electronics,3061.16,7,5.94,28-02-2025
4325,4134,West,Furniture,1125.71,8,858.46,27-06-2024
4326,4144,North,Office Supplies,3720.94,5,1126.66,12-01-2024
4327,3810,North,Furniture,2099.42,3,9.94,19-10-2024
4328,2659,North,Electronics,2602.69,2,900.87,15-09-2024
4329,2398,East,Furniture,4498.44,3,1430.09,04-03-2025
4330,1632,North,Electronics,2343.5,3,1444.57,19-08-2025
4331,2531,South,Office Supplies,3169.19,7,74.83,21-10-2024
4332,1786,North,Furniture,4812.58,1,1091.5,28-11-2024
4333,3990,South,Office Supplies,2311.81,7,1239.28,21-04-2024
4334,4059,North,Furniture,2847.57,6,1311.24,24-07-2024
4335,1397,East,Furniture,2963.63,2,350.26,09-08-2024
4336,2143,West,Furniture,1279.49,1,259.2,13-06-2025
4337,1933,North,Furniture,3710.92,9,-118.64,13-01-2024
4338,2460,North,Furniture,3660.52,2,479.1,26-09-2024
4339,2852,East,Office Supplies,1146.43,4,10.73,06-07-2025
4340,3723,North,Office Supplies,165.36,9,1136.64,09-02-2024
4341,3983,South,Electronics,4994.81,9,43.04,19-05-2025
4342,3512,North,Furniture,2949.78,1,1192.14,23-08-2025
4343,1285,North,Electronics,987.06,2,-17.06,04-09-2025
4344,1264,West,Office Supplies,1489.47,2,617.05,02-08-2024
4345,3367,West,Electronics,3127.18,2,453.88,30-10-2024
4346,3720,North,Office Supplies,774.32,8,822.62,05-06-2025
4347,4447,East,Furniture,282.68,8,681.91,29-12-2025
4348,3867,West,Electronics,4012.55,8,817.67,30-04-2024
4349,3136,North,Electronics,3607.65,4,-198.36,05-11-2024
4350,2677,West,Electronics,1617.05,8,16.76,05-11-2025
4351,2226,North,Electronics,386.61,7,679.1,25-10-2025
4352,1820,West,Furniture,2482.73,8,190.43,31-10-2024
4353,2762,West,Office Supplies,1453.31,1,-70.26,01-03-2025
4354,4048,South,Office Supplies,2049.12,3,170.09,03-04-2025
4355,3381,North,Furniture,1442.45,6,1125.76,18-08-2025
4356,3269,North,Office Supplies,958.81,1,720.88,20-07-2024
4357,1040,North,Electronics,1996.25,4,123.13,15-07-2025
4358,2731,North,Furniture,4827.98,9,-172.84,22-10-2025
4359,1067,West,Office Supplies,1404.52,7,407.91,15-02-2025
4360,1987,South,Furniture,1746.24,1,407.7,07-08-2024
4361,2799,South,Furniture,1713.29,6,1049.71,03-06-2024
4362,3561,East,Office Supplies,2453.42,6,1363.04,31-08-2025
4363,4944,North,Office Supplies,4233.18,2,432.42,19-11-2024
4364,4708,East,Furniture,2070.4,6,969.83,02-09-2025
4365,4693,West,Furniture,4050.13,2,879.34,05-12-2024
4366,2621,East,Office Supplies,663.56,8,517.54,24-01-2025
4367,2655,North,Furniture,4485.05,7,-87.99,04-07-2024
4368,4198,South,Office Supplies,1007.99,6,604.89,13-05-2024
4369,2278,South,Furniture,292.09,6,402.04,26-05-2024
4370,1694,North,Furniture,875.94,9,735.33,22-04-2024
4371,4087,West,Furniture,1034.67,9,13.18,12-06-2025
4372,3524,North,Office Supplies,2591.67,2,1031.21,08-03-2025
4373,2085,West,Electronics,2304.7,3,1139.18,21-01-2025
4374,3928,South,Office Supplies,3607.78,7,460.38,31-12-2024
4375,3479,West,Furniture,349.66,9,97.97,03-02-2024
4376,2693,North,Electronics,2538.76,6,860.08,02-03-2024
4377,3315,North,Electronics,1729.11,1,1424.88,19-03-2025
4378,2058,North,Furniture,3190.46,7,990.86,14-07-2024
4379,1778,West,Office Supplies,314.13,1,9.92,27-03-2024
4380,4647,West,Electronics,271.18,5,475.27,26-09-2025
4381,1493,West,Electronics,2193.53,9,1356.13,10-09-2024
4382,2585,South,Office Supplies,4075.56,9,878.52,06-05-2024
4383,2492,East,Office Supplies,3388.36,1,50.16,10-06-2024
4384,2790,East,Electronics,181.86,6,1031.81,11-11-2024
4385,1660,North,Office Supplies,974.51,3,400.98,20-06-2024
4386,2348,South,Electronics,1210.98,9,632.21,02-02-2025
4387,2327,West,Furniture,2172.99,3,505.58,26-11-2024
4388,2299,North,Office Supplies,2974.91,2,1033.68,24-12-2024
4389,4940,South,Electronics,1160.65,8,170.44,08-09-2024
4390,2986,North,Office Supplies,1974.32,3,460.23,09-01-2024
4391,4755,South,Office Supplies,2961.32,5,1065.73,26-08-2024
4392,4060,South,Electronics,1978.83,6,998.13,04-02-2024
4393,3044,East,Furniture,801.53,1,142.97,07-09-2025
4394,4272,North,Electronics,2509.14,7,396.13,17-01-2025
4395,4516,West,Office Supplies,1687.57,7,-175.58,30-10-2025
4396,2928,East,Electronics,4334.52,5,701.29,16-11-2025
4397,2347,East,Office Supplies,3900.56,9,277.6,10-12-2025
4398,2058,West,Electronics,1032.35,2,-179.83,23-12-2025
4399,1976,South,Furniture,847.92,5,522,30-12-2025
4400,1481,West,Furniture,1803.62,2,1375.68,19-07-2024
4401,1727,North,Furniture,2119.66,2,1369.78,20-08-2024
4402,3527,West,Furniture,4666.89,9,432.57,19-09-2025
4403,4136,South,Electronics,1577.94,7,563.6,10-05-2025
4404,2031,West,Furniture,4351.16,4,212.56,17-03-2024
4405,4372,South,Electronics,2576.02,8,-83.88,05-08-2024
4406,1342,South,Office Supplies,4439.56,4,979.68,08-01-2025
4407,4502,North,Office Supplies,3539.57,1,1160.09,22-02-2024
4408,2447,West,Office Supplies,3571.11,3,1296.18,18-08-2025
4409,3379,West,Furniture,2642.11,1,1389.99,14-09-2024
4410,3485,North,Furniture,4217.49,2,1357.14,11-05-2024
4411,4659,South,Furniture,1346.68,2,-153.45,11-12-2025
4412,3221,West,Office Supplies,4546.02,7,1462.76,29-01-2025
4413,3606,North,Office Supplies,3220.2,4,445.15,17-08-2025
4414,1526,South,Office Supplies,2249.67,9,1306.38,05-09-2024
4415,2896,North,Office Supplies,4912.73,2,549.29,01-02-2025
4416,1658,West,Electronics,4323.87,9,517.72,09-03-2024
4417,3073,North,Electronics,3882.9,6,-180.98,15-10-2025
4418,1819,East,Furniture,1442.12,8,-110.85,26-02-2025
4419,3652,South,Furniture,4871.33,7,941.17,13-10-2025
4420,1405,East,Office Supplies,3740.64,8,1393.99,05-12-2024
4421,3279,East,Electronics,3065.56,9,181.48,08-01-2025
4422,3580,South,Electronics,4616.82,8,-40.34,30-09-2024
4423,4890,South,Furniture,894.69,6,163.56,13-09-2024
4424,2573,North,Electronics,781.18,8,160.94,30-05-2025
4425,2811,South,Furniture,2862.2,8,298.33,24-09-2024
4426,1504,East,Office Supplies,377.9,2,-38.94,22-12-2024
4427,4740,East,Office Supplies,3353.54,2,200.4,03-11-2024
4428,1178,West,Furniture,1279.63,1,1366.17,24-08-2025
4429,1131,South,Office Supplies,683.23,2,1313.37,10-06-2025
4430,2846,East,Office Supplies,2106.53,7,337.72,09-10-2025
4431,2478,West,Electronics,2383.15,3,1494.72,24-11-2025
4432,3395,West,Electronics,935.38,4,307.2,05-05-2025
4433,3587,North,Electronics,303.52,4,1027.11,30-09-2025
4434,1771,East,Electronics,2128.87,4,894.81,29-09-2025
4435,2429,North,Electronics,3821.68,2,-90.26,07-12-2025
4436,3123,East,Furniture,4383.58,6,381.9,16-07-2024
4437,1578,North,Furniture,577.99,1,1417.55,16-12-2024
4438,3901,North,Electronics,2670.91,5,-113.53,05-08-2024
4439,2515,South,Office Supplies,1390.67,2,97.3,08-01-2024
4440,1193,North,Office Supplies,1935.71,9,1450.61,18-08-2024
4441,3007,South,Furniture,4673.86,2,-132.35,03-12-2025
4442,2185,West,Furniture,1825.17,6,559.23,02-04-2024
4443,3394,East,Furniture,1890.2,4,1361.2,18-10-2025
4444,3998,West,Office Supplies,1126.04,6,1404.25,16-01-2024
4445,2384,East,Furniture,4804.09,2,1464.85,16-09-2025
4446,2792,West,Office Supplies,2336.79,2,618.25,14-07-2024
4447,4655,East,Furniture,2894.92,7,-52.98,08-04-2025
4448,2110,North,Office Supplies,2320.52,3,1113.6,23-07-2024
4449,4333,East,Furniture,1339.3,3,1005.27,02-08-2025
4450,3261,East,Furniture,4071.02,7,785.34,06-05-2024
4451,4736,West,Office Supplies,239.51,8,1310,08-06-2024
4452,4793,West,Furniture,3482.19,7,1349.67,15-05-2025
4453,2936,West,Electronics,3011.94,3,961.52,10-04-2025
4454,3620,South,Office Supplies,806.98,3,-9.43,12-05-2025
4455,1779,South,Furniture,912.93,7,-37.61,23-03-2025
4456,1261,East,Office Supplies,3330.21,3,494.67,08-04-2025
4457,1729,East,Furniture,1629.48,2,297.59,07-12-2024
4458,1282,North,Electronics,1402.12,7,26.07,22-05-2025
4459,4719,North,Furniture,389.86,3,839.02,25-10-2025
4460,2490,East,Furniture,3855.77,5,962,10-10-2024
4461,4451,South,Electronics,4425.09,7,986.55,30-05-2024
4462,1361,East,Office Supplies,4117.24,2,97.97,28-07-2025
4463,4520,North,Furniture,2383.57,8,319.93,26-11-2025
4464,1440,South,Furniture,2716.39,2,138.39,31-07-2024
4465,3140,South,Electronics,1287.15,4,822.27,07-08-2025
4466,2644,North,Office Supplies,946.99,4,764.04,17-11-2024
4467,3800,East,Office Supplies,4132.71,8,655.63,27-10-2025
4468,1866,West,Electronics,4011.89,1,303.3,06-07-2024
4469,2447,East,Electronics,3909.06,9,202.99,25-07-2025
4470,1141,East,Furniture,2370.46,6,1313.69,01-07-2024
4471,2314,North,Electronics,4336.09,4,-116.95,18-01-2025
4472,2455,South,Electronics,4638.54,6,915.88,25-01-2024
4473,3796,North,Electronics,1708.89,6,-166.72,20-06-2025
4474,2875,East,Office Supplies,1201,9,129.52,09-11-2024
4475,2847,West,Electronics,2374.89,4,292.12,07-02-2024
4476,2712,West,Furniture,978.7,8,1307.03,28-10-2024
4477,3700,West,Furniture,4431.61,1,34.15,03-01-2025
4478,1700,North,Furniture,1756.15,6,1394.27,09-04-2024
4479,1997,South,Electronics,2923.24,5,1186.28,22-01-2025
4480,3096,North,Office Supplies,3014.13,3,954.38,20-10-2025
4481,2325,West,Electronics,2623.44,4,499.97,21-03-2025
4482,1880,East,Electronics,866.98,8,1338.94,14-04-2025
4483,2213,South,Furniture,4955.9,2,697.52,24-02-2024
4484,2159,North,Electronics,945.76,8,431.05,10-05-2025
4485,1554,North,Office Supplies,3782.39,7,795.56,06-08-2025
4486,1403,South,Furniture,3977.68,1,194.86,06-05-2024
4487,1891,South,Office Supplies,811.3,2,263.89,16-11-2024
4488,3912,East,Office Supplies,4672.5,7,1362.83,08-03-2024
4489,1601,South,Office Supplies,2490.02,3,1149.68,30-01-2025
4490,2830,East,Electronics,3181.53,2,672.95,01-06-2024
4491,1340,West,Electronics,3246.71,1,508.16,28-05-2024
4492,4828,West,Electronics,2574.28,7,1172.87,06-02-2025
4493,2968,North,Electronics,795.91,3,770.08,13-08-2024
4494,1703,West,Furniture,3783.59,6,505.56,22-11-2025
4495,1317,West,Electronics,2950.75,8,676.26,05-11-2024
4496,3665,East,Furniture,681.54,6,195.61,22-02-2025
4497,2386,North,Office Supplies,3531.58,7,143.35,29-05-2025
4498,4893,South,Furniture,3543.54,6,1481.45,15-10-2024
4499,3429,North,Electronics,2787.58,7,1448.31,19-07-2024
4500,3280,West,Furniture,543.69,5,515.41,02-06-2025
4501,2800,South,Electronics,1827.96,9,675.94,28-10-2025
4502,2367,North,Electronics,349.53,3,1206.23,16-06-2024
4503,2572,North,Furniture,2440.22,6,1033.92,05-11-2025
4504,1816,North,Furniture,4541.59,9,-30.77,02-12-2024
4505,1552,North,Office Supplies,111.04,1,436.84,21-10-2024
4506,4600,East,Office Supplies,1406.53,5,225.26,14-01-2025
4507,1855,North,Office Supplies,4019.31,4,1487.47,11-01-2024
4508,2812,West,Office Supplies,148.32,9,1072.79,22-12-2024
4509,3866,West,Office Supplies,149.85,1,-118.8,10-05-2024
4510,4642,East,Furniture,3093.01,4,1330.06,23-07-2024
4511,1182,South,Office Supplies,3967.08,1,1377.53,11-03-2025
4512,4112,South,Furniture,3904.88,3,366.56,11-11-2024
4513,2574,West,Office Supplies,3919.93,4,891.36,26-08-2025
4514,1396,West,Electronics,1868.93,1,959.47,09-11-2024
4515,2727,East,Office Supplies,4425.35,5,1040.23,30-04-2025
4516,3826,South,Electronics,162.89,6,978.96,20-04-2024
4517,2517,South,Furniture,1629.72,1,751.52,16-10-2024
4518,4730,North,Office Supplies,1752.22,4,1421.53,03-09-2024
4519,1906,North,Furniture,911.3,4,671.04,15-02-2025
4520,2356,North,Office Supplies,1747.51,1,-11.45,26-07-2025
4521,3174,East,Furniture,2970.83,2,-63.28,25-03-2025
4522,4629,West,Office Supplies,2649.37,5,-168.76,13-09-2025
4523,4628,East,Office Supplies,1665.19,2,527.47,24-02-2025
4524,1000,South,Electronics,3771.7,3,264.5,03-02-2025
4525,4239,West,Furniture,3602.47,9,1321.87,31-03-2025
4526,4691,North,Furniture,1475.41,5,1274.15,04-05-2024
4527,1018,East,Furniture,1683.82,1,1224.33,15-12-2025
4528,4403,East,Furniture,1508.85,5,1274.37,16-09-2024
4529,1583,North,Furniture,731.37,3,305.93,18-06-2025
4530,1455,East,Electronics,3788.63,1,524.4,12-12-2025
4531,4004,North,Office Supplies,326.75,3,329.95,20-03-2024
4532,3036,South,Electronics,837.84,6,-53.66,28-09-2024
4533,2132,West,Furniture,615.99,5,1370.88,18-07-2025
4534,4339,South,Furniture,4144.16,1,847.07,21-02-2025
4535,3492,South,Office Supplies,315.64,2,25.34,05-02-2025
4536,4311,North,Electronics,3356.67,5,150.3,22-02-2024
4537,2952,East,Office Supplies,317.93,9,566.28,28-09-2024
4538,4372,South,Office Supplies,3953.57,5,-111.78,15-08-2024
4539,3649,South,Electronics,4572.3,5,262.39,22-11-2025
4540,3150,South,Office Supplies,2485.53,1,995.86,05-01-2025
4541,1987,East,Electronics,4042.25,5,1364.69,12-12-2025
4542,4321,East,Electronics,3561.41,8,1378.84,10-07-2024
4543,4524,North,Furniture,3998.61,9,684.05,23-01-2024
4544,1519,South,Office Supplies,3857.2,3,330.66,05-07-2025
4545,4224,West,Furniture,1106.3,4,1365.27,01-12-2024
4546,1858,East,Office Supplies,2547.84,7,1137.28,17-08-2024
4547,1173,North,Office Supplies,4806.03,7,798.09,13-06-2025
4548,2366,South,Furniture,1783.31,1,1218.74,02-05-2025
4549,4741,West,Furniture,4855.39,6,580.01,12-06-2024
4550,4052,East,Furniture,2957.49,9,-9.27,26-02-2025
4551,3478,West,Electronics,2361.9,5,1395,25-12-2024
4552,1726,East,Office Supplies,3323.01,8,707.81,17-06-2024
4553,4760,North,Electronics,4097.61,9,981.99,27-05-2025
4554,2710,West,Office Supplies,2031.62,3,466.9,13-12-2024
4555,2875,South,Office Supplies,261.48,1,30.76,17-07-2024
4556,3897,South,Electronics,3573.15,2,262.2,30-07-2024
4557,2681,East,Electronics,4785.22,5,-125.76,12-11-2025
4558,2347,South,Office Supplies,3162.43,7,-51.11,31-05-2024
4559,1989,West,Furniture,1023.23,6,148.36,30-07-2025
4560,4744,North,Furniture,1316.39,4,753.72,13-06-2025
4561,3686,East,Furniture,4557.78,9,1487.9,30-03-2024
4562,1419,West,Furniture,166.45,4,1234.33,14-01-2024
4563,1593,East,Office Supplies,2788.86,3,-54.03,19-01-2024
4564,3532,North,Furniture,877.52,5,1231.98,22-03-2024
4565,4730,East,Furniture,1485.55,4,711.73,12-09-2025
4566,2774,South,Furniture,1604.21,2,922.55,02-06-2025
4567,3459,South,Office Supplies,1174.49,3,20.6,02-01-2024
4568,1935,East,Electronics,3982.53,7,472.25,19-09-2024
4569,2107,North,Furniture,1727.82,2,1303.01,23-06-2025
4570,2136,North,Office Supplies,1792.88,1,523.12,04-05-2025
4571,4808,South,Office Supplies,2319.73,2,16.09,02-12-2024
4572,1331,North,Furniture,4521.25,8,328.83,12-10-2024
4573,4449,East,Electronics,3472.05,8,176.58,10-09-2024
4574,4826,West,Electronics,402.57,2,967.72,19-08-2025
4575,3702,East,Electronics,292.38,6,1348.75,29-04-2025
4576,3088,South,Office Supplies,2875.31,7,1046.93,19-07-2024
4577,2793,South,Furniture,4446.6,1,1234.15,18-10-2024
4578,1958,South,Furniture,1683.93,7,1169.89,04-10-2024
4579,4868,North,Office Supplies,1314.08,8,-175.17,30-11-2024
4580,1104,East,Furniture,3766.14,9,11.43,12-08-2025
4581,1201,West,Furniture,3050.25,8,519.74,14-02-2025
4582,3497,East,Electronics,2868.63,3,-9.45,28-07-2024
4583,2842,West,Furniture,831.58,8,1049.39,29-09-2025
4584,2866,East,Furniture,962.21,3,-80.68,10-01-2024
4585,2996,South,Office Supplies,1480.76,6,507.61,27-08-2024
4586,2289,West,Office Supplies,1113.51,4,466.89,18-06-2024
4587,1909,East,Electronics,4860.08,7,723.86,11-11-2025
4588,1209,North,Office Supplies,191.19,8,869.94,17-04-2025
4589,1562,North,Electronics,3167.68,6,1409.83,16-04-2025
4590,4189,East,Electronics,2636.23,4,261.01,26-11-2025
4591,3760,South,Furniture,1683.93,8,932.17,16-08-2024
4592,4448,West,Electronics,4449.18,7,-140.36,11-02-2025
4593,4622,East,Furniture,3383.8,8,-198.29,02-02-2025
4594,2563,North,Electronics,4991.94,7,-156.89,21-07-2024
4595,1770,West,Office Supplies,926.41,3,563.15,14-11-2025
4596,4155,North,Office Supplies,530.55,3,743.52,15-08-2025
4597,3501,North,Office Supplies,783.05,9,-189.44,18-02-2024
4598,3714,East,Electronics,1419.53,7,473.9,27-12-2025
4599,1628,North,Electronics,2142.26,1,-130.54,19-11-2025
4600,4585,West,Furniture,4326.76,3,910.58,04-04-2024
4601,2628,South,Furniture,1489.6,1,873.09,27-04-2024
4602,2701,East,Furniture,4584.69,6,1133.11,01-09-2025
4603,1386,West,Furniture,2368.25,2,728.64,14-03-2024
4604,2935,East,Electronics,3270.64,7,859.01,06-02-2024
4605,4421,North,Electronics,1395.6,8,275.01,25-11-2024
4606,3343,North,Furniture,864.47,6,-54.73,01-03-2025
4607,3305,West,Electronics,4360.34,5,1053.42,05-07-2024
4608,2104,West,Electronics,636.58,4,840.17,18-01-2025
4609,1267,South,Electronics,3892.7,9,1395.16,03-04-2025
4610,3466,West,Electronics,2946.82,8,1481.68,04-11-2024
4611,3282,West,Furniture,4319.58,5,1240.38,01-03-2025
4612,2856,East,Furniture,3617.31,1,1475.56,26-01-2025
4613,4382,North,Electronics,1480.15,8,900.66,26-11-2024
4614,4884,West,Office Supplies,2914.7,8,-43.69,11-02-2025
4615,2998,South,Furniture,164.06,7,-47.28,02-11-2024
4616,4033,West,Furniture,2428.57,7,1172.1,11-03-2024
4617,2380,North,Office Supplies,521.47,8,202.66,19-03-2025
4618,2236,West,Furniture,2201.83,1,-96.32,28-05-2024
4619,1573,East,Office Supplies,637.1,3,602.87,12-03-2025
4620,1048,North,Office Supplies,4781.85,4,334.9,18-09-2024
4621,2150,West,Electronics,2663.03,6,799.85,13-10-2025
4622,1222,East,Furniture,4574.77,9,820.26,22-12-2024
4623,3968,North,Office Supplies,209.59,4,958.55,31-10-2024
4624,4350,West,Electronics,3224.5,6,779.95,26-06-2025
4625,2431,East,Furniture,1604.08,9,447.56,03-06-2024
4626,2528,South,Electronics,2215.96,9,-159.77,25-04-2024
4627,4365,East,Electronics,4378.13,6,1338.65,21-12-2025
4628,2819,South,Office Supplies,4902.1,5,355.77,18-09-2025
4629,3324,West,Furniture,1307.81,3,662.16,20-02-2024
4630,2461,East,Electronics,4746.44,5,746.79,12-03-2024
4631,2130,South,Office Supplies,3474.76,3,335.25,01-10-2025
4632,2681,North,Office Supplies,4761.93,5,324.42,22-05-2024
4633,3467,East,Electronics,2855.6,1,243.46,15-06-2024
4634,3658,West,Electronics,4807.71,6,213.7,10-03-2024
4635,4500,North,Office Supplies,4473.03,7,-148.33,10-05-2025
4636,1374,South,Electronics,730.1,2,1428.45,03-06-2025
4637,3120,East,Electronics,1622.87,3,812,11-06-2024
4638,3021,East,Furniture,1291.01,9,-16.29,28-07-2025
4639,4705,West,Office Supplies,2903.29,8,806.33,13-10-2024
4640,2053,North,Electronics,4033.72,4,194.82,21-08-2024
4641,4259,East,Office Supplies,3821.12,8,328.16,30-12-2025
4642,4435,East,Furniture,3661.07,8,1161.99,09-12-2024
4643,2889,North,Office Supplies,1938.8,6,1305.86,09-09-2024
4644,2823,East,Office Supplies,784.22,1,989.7,06-12-2025
4645,2474,North,Office Supplies,1131.86,2,1385.39,13-09-2024
4646,3242,North,Furniture,3734.22,4,1338.55,20-05-2025
4647,2179,North,Furniture,822.92,4,736.99,15-04-2025
4648,4243,West,Office Supplies,1192.44,2,1343.34,15-10-2024
4649,3894,North,Office Supplies,2180.31,9,726.5,11-09-2025
4650,2064,North,Furniture,453.35,2,-22.73,02-07-2025
4651,4134,South,Electronics,1142.19,6,1210.07,19-05-2025
4652,3070,South,Furniture,833.86,5,23.04,06-06-2025
4653,1359,West,Office Supplies,4761.48,4,337.13,24-03-2024
4654,4146,North,Electronics,1038.48,6,445.65,30-12-2025
4655,3607,South,Electronics,4322.67,4,1172.39,12-07-2025
4656,3719,South,Electronics,662.51,9,-57.99,10-12-2024
4657,3041,East,Furniture,4361.4,7,556.4,13-01-2025
4658,4896,North,Furniture,3037.23,3,542.42,11-05-2024
4659,2141,South,Furniture,4263.56,4,789.67,29-07-2024
4660,2635,West,Furniture,4350.01,1,401.58,17-12-2025
4661,2403,East,Office Supplies,3022.23,6,781.18,17-08-2025
4662,2943,East,Electronics,4596.7,2,1476.02,17-03-2024
4663,1678,North,Office Supplies,2968.7,4,-78.37,19-05-2024
4664,4361,North,Furniture,3591.57,5,1286.87,07-05-2024
4665,3487,East,Furniture,2138.79,8,324.67,06-03-2024
4666,4739,West,Office Supplies,4578.93,3,591.72,24-10-2025
4667,3980,North,Electronics,4138.4,6,1059.9,20-07-2025
4668,1006,North,Electronics,916.89,1,1347.06,26-05-2024
4669,4267,East,Furniture,2924.3,9,-184.57,07-03-2024
4670,3468,East,Furniture,4494.45,1,925.73,16-04-2025
4671,2591,North,Furniture,3986.02,2,-81.76,30-05-2024
4672,1832,South,Furniture,4816.51,1,693.65,04-01-2024
4673,4264,North,Electronics,1233.38,8,1074.59,18-01-2024
4674,3606,South,Office Supplies,1900.55,4,88.21,07-06-2025
4675,4219,East,Electronics,2585.24,2,1098.43,12-09-2024
4676,2810,South,Office Supplies,1240.08,7,326.21,23-05-2025
4677,4740,West,Furniture,2030.82,8,837.94,04-02-2024
4678,4273,East,Furniture,2733.94,9,918.67,08-07-2025
4679,4515,North,Office Supplies,1037.56,5,903.27,12-08-2025
4680,1913,North,Furniture,1357.77,3,-168.47,21-05-2025
4681,3011,East,Electronics,711.73,1,58.87,18-11-2024
4682,2442,East,Furniture,3595.57,8,1255.54,28-03-2025
4683,2450,West,Furniture,1871.6,6,1397.73,24-12-2024
4684,4054,East,Furniture,1179.3,5,758.24,21-02-2024
4685,2502,North,Furniture,2585.89,7,814.85,12-06-2025
4686,4546,West,Electronics,434.42,5,1083.55,23-12-2025
4687,1125,North,Office Supplies,4624.69,4,490.38,02-02-2024
4688,3442,South,Furniture,1542.89,5,357.63,23-11-2024
4689,1816,East,Furniture,4443.68,7,1105.94,11-03-2025
4690,3928,South,Electronics,2538.34,6,-151.91,22-02-2025
4691,2829,North,Electronics,4265.74,9,1305.09,17-03-2024
4692,1575,South,Electronics,1310.62,2,549.53,02-08-2025
4693,3372,South,Furniture,958.83,7,657.19,19-02-2024
4694,2415,North,Office Supplies,4262.12,1,878.27,17-03-2025
4695,1929,North,Electronics,1143.33,8,266.46,31-10-2025
4696,4759,East,Electronics,3756.36,4,815.56,16-07-2024
4697,4699,South,Electronics,1788.46,8,978.17,07-04-2025
4698,2463,West,Office Supplies,3766.15,8,0.48,11-01-2025
4699,4275,West,Furniture,4547.47,4,684.8,29-06-2025
4700,4557,North,Furniture,4910.03,4,360.01,11-03-2025
4701,1832,North,Furniture,1863.07,5,747.51,24-12-2025
4702,2054,South,Electronics,1900.88,7,-163.8,28-09-2024
4703,4459,North,Furniture,4908.8,6,1062.56,29-07-2025
4704,2648,West,Electronics,4321.49,1,86.29,03-06-2024
4705,2900,East,Office Supplies,320.95,6,971.96,16-11-2024
4706,2457,East,Office Supplies,2909.9,3,1106.99,25-09-2024
4707,3884,South,Furniture,988.1,9,1079.44,05-07-2025
4708,3973,East,Electronics,4970.66,3,1189.75,08-06-2024
4709,2399,North,Electronics,780.72,9,323.17,18-11-2024
4710,4415,North,Furniture,2840.8,5,1444.09,14-01-2024
4711,1442,North,Office Supplies,3359.47,8,-159.51,10-01-2025
4712,4650,North,Office Supplies,4691.62,9,618.04,29-04-2024
4713,3122,South,Office Supplies,4251.57,9,259.48,09-11-2024
4714,1556,East,Office Supplies,1304.2,7,1057.8,13-12-2024
4715,4843,West,Office Supplies,2905.86,1,1168.88,15-02-2024
4716,4737,East,Furniture,4772.51,8,1198.07,11-12-2024
4717,2178,North,Furniture,3705.01,7,304.74,13-04-2025
4718,4501,West,Furniture,3472.85,4,266.04,16-01-2025
4719,3037,South,Office Supplies,3799.02,6,950.79,13-09-2025
4720,1362,North,Office Supplies,1680.28,2,1377.91,05-01-2025
4721,3495,North,Furniture,3673.34,4,232.15,03-04-2025
4722,2257,West,Furniture,1240.99,8,1348.02,06-08-2024
4723,4634,South,Office Supplies,2197.7,4,805.48,30-04-2024
4724,2841,West,Electronics,4460.65,4,1054.49,15-10-2024
4725,3309,South,Furniture,192.96,4,547.82,26-05-2025
4726,2850,North,Office Supplies,2130.16,9,1171.66,11-07-2025
4727,3172,East,Office Supplies,1407.43,2,1449.84,03-12-2024
4728,1910,North,Furniture,1073.09,7,89.98,15-01-2025
4729,1244,East,Electronics,4209.02,3,455.45,20-05-2025
4730,1541,East,Office Supplies,3512.84,4,1266.18,19-07-2025
4731,3532,South,Furniture,651.9,1,100.34,22-01-2025
4732,3169,West,Office Supplies,2522.87,3,502.04,19-07-2025
4733,3172,South,Office Supplies,2387.84,2,82.4,04-01-2024
4734,2572,North,Office Supplies,798.39,7,902.23,14-08-2025
4735,3217,West,Office Supplies,4018.84,6,205.14,19-07-2024
4736,1123,East,Electronics,1896.7,1,447.36,20-07-2024
4737,4940,East,Furniture,3833.5,8,634.93,12-09-2024
4738,4106,North,Furniture,1041.11,9,305.12,17-07-2024
4739,4158,West,Furniture,1643.86,1,955.83,13-03-2024
4740,3693,North,Furniture,566.34,5,-10.88,18-11-2025
4741,2731,North,Furniture,803.05,7,1295.66,06-08-2024
4742,1785,South,Electronics,4427.6,2,618.28,08-03-2025
4743,3043,North,Office Supplies,634.65,6,773.78,10-02-2025
4744,3248,West,Office Supplies,569.08,8,857.62,02-04-2024
4745,3416,North,Furniture,4707.85,8,-98.54,25-10-2025
4746,1796,West,Office Supplies,3264.93,8,1086.88,20-03-2024
4747,1076,East,Office Supplies,594.49,6,1408.1,26-07-2024
4748,1058,North,Office Supplies,4861.41,6,683.84,01-04-2024
4749,3478,West,Furniture,820.79,3,464.48,15-06-2025
4750,3685,East,Furniture,3855.09,2,1134.15,22-02-2024
4751,2523,West,Electronics,270.77,5,1024.6,23-03-2024
4752,2936,East,Furniture,3160.25,9,906.66,14-03-2024
4753,3156,South,Electronics,2778.85,4,1441.1,13-02-2025
4754,4807,North,Furniture,1119.22,5,789.02,19-03-2025
4755,4055,North,Office Supplies,3251.42,6,222.24,09-05-2024
4756,2301,East,Electronics,3123.56,6,-157.9,02-07-2024
4757,1067,South,Electronics,4011.92,4,570.89,31-07-2025
4758,4140,West,Electronics,4391.78,4,908.95,26-10-2025
4759,4236,South,Furniture,2599.51,8,92.64,30-12-2024
4760,4560,West,Electronics,2502.45,5,-156.2,14-07-2024
4761,3352,West,Furniture,3145.82,5,1345.45,15-01-2024
4762,2932,North,Electronics,3673.12,9,313.31,28-07-2024
4763,3721,East,Furniture,1845.24,4,592.28,14-05-2024
4764,1364,North,Electronics,2572.75,7,-45.18,18-01-2025
4765,4925,North,Office Supplies,2967.01,5,448.74,19-04-2025
4766,1820,North,Office Supplies,4943.05,9,520.41,16-08-2025
4767,2402,West,Electronics,2979.79,8,1334.67,05-08-2025
4768,3390,North,Furniture,1198.51,8,1271.28,18-05-2025
4769,1946,West,Furniture,2981.15,3,121.3,21-04-2025
4770,3946,East,Furniture,4115.55,9,745.31,23-10-2024
4771,2577,West,Office Supplies,4301.28,8,1043.12,16-01-2025
4772,2377,West,Office Supplies,4021.23,3,296.15,19-03-2025
4773,2439,South,Office Supplies,4452.23,1,470.54,14-11-2025
4774,4180,North,Furniture,1740.36,5,1474.3,02-05-2024
4775,4634,North,Furniture,2587.1,4,1091.54,15-10-2024
4776,1761,North,Furniture,3920,8,543.21,28-07-2024
4777,4568,North,Electronics,1395.8,6,707.94,08-05-2025
4778,1340,South,Electronics,1920.75,5,863.83,29-07-2025
4779,3989,South,Electronics,4172.66,9,648.03,24-01-2025
4780,1382,South,Office Supplies,3873.42,6,499.75,03-03-2024
4781,2003,South,Office Supplies,4858.88,3,410.89,12-02-2025
4782,2556,North,Furniture,4980.27,6,87.27,03-06-2025
4783,1299,West,Electronics,1279.65,4,1455.16,01-09-2024
4784,1138,East,Furniture,4512.2,5,-44.6,13-06-2024
4785,1358,South,Electronics,563.13,6,821.74,02-04-2024
4786,1835,West,Electronics,3578.02,9,1431.32,10-10-2024
4787,2522,South,Furniture,1178.49,3,437.38,11-12-2025
4788,4456,North,Furniture,1571.52,1,229.12,03-05-2024
4789,2627,North,Electronics,4736.97,2,1424.39,20-07-2025
4790,2982,West,Electronics,1389.44,8,1162.96,08-07-2024
4791,2303,West,Office Supplies,3398.57,4,913.54,16-10-2025
4792,4708,West,Furniture,972.83,7,840.38,12-11-2024
4793,3530,North,Furniture,557.61,2,412.21,31-08-2025
4794,1908,North,Furniture,1762.65,8,890.24,15-07-2024
4795,2134,East,Furniture,3158.56,9,1032.54,11-10-2024
4796,3913,West,Electronics,1314.93,7,-146.06,15-08-2025
4797,3186,East,Office Supplies,1570.83,1,0.07,18-04-2024
4798,1995,South,Furniture,3572.78,2,335.69,27-07-2024
4799,3482,East,Electronics,603.7,9,349.32,24-04-2024
4800,3556,South,Electronics,2289.83,7,1330.88,20-05-2025
4801,3320,South,Electronics,4714.5,3,963.66,26-11-2024
4802,4170,East,Electronics,2045.16,5,434.96,22-07-2024
4803,4835,West,Electronics,2227.59,1,1175.64,13-12-2025
4804,4921,South,Furniture,3717.2,3,349.43,28-10-2025
4805,3151,West,Furniture,3917.16,4,1484.29,10-11-2024
4806,2237,North,Office Supplies,3871.07,4,1128.75,21-09-2024
4807,2784,South,Furniture,4989.55,7,1174.26,15-10-2024
4808,4735,North,Electronics,450.11,5,243.65,04-08-2025
4809,3809,East,Office Supplies,4913.04,9,46.56,21-11-2025
4810,3834,West,Electronics,4755.93,7,462.22,25-04-2025
4811,1164,East,Electronics,4275.48,2,368.2,10-11-2025
4812,1998,South,Furniture,2325.22,8,1108.71,06-01-2024
4813,4924,North,Electronics,4367.42,2,96.29,05-10-2025
4814,3567,South,Furniture,1182.08,7,696.69,20-05-2024
4815,2307,East,Electronics,3979.11,5,867.93,08-10-2024
4816,3564,West,Office Supplies,1007.67,6,454.78,16-10-2024
4817,1656,West,Electronics,4095.27,4,141.03,23-07-2024
4818,3660,South,Furniture,3111.19,5,1322.63,23-11-2025
4819,3211,South,Electronics,580.35,5,36.03,12-07-2025
4820,2909,North,Furniture,4487.07,7,316.47,27-11-2024
4821,4730,East,Furniture,2931.99,4,1086.16,09-10-2025
4822,3046,South,Office Supplies,3315.62,5,829.03,06-02-2025
4823,3111,North,Furniture,1489.2,4,1042.1,20-08-2024
4824,4162,South,Office Supplies,4371.01,4,1174.9,14-12-2025
4825,2140,West,Office Supplies,2771.48,8,1322.17,01-02-2024
4826,2889,North,Electronics,2163.49,5,317.76,10-07-2024
4827,1266,North,Office Supplies,2717.98,9,606.32,10-02-2025
4828,2845,South,Furniture,3546.23,5,970.13,25-08-2025
4829,2708,East,Furniture,3505.73,8,1151.07,05-08-2025
4830,4630,West,Office Supplies,1852.13,3,782.29,24-10-2024
4831,4211,East,Electronics,1987.77,7,673.37,04-02-2024
4832,3293,North,Office Supplies,2854.97,1,976,07-08-2024
4833,4732,East,Office Supplies,4629.59,5,449.45,11-12-2025
4834,4829,North,Furniture,3752.61,2,1319.3,09-09-2025
4835,3442,East,Electronics,2013.03,8,160.77,27-11-2024
4836,2510,South,Electronics,1751.46,6,1302.81,21-02-2024
4837,1475,East,Electronics,2665.82,5,894.15,17-01-2024
4838,4588,North,Electronics,4362.96,3,821.12,09-01-2024
4839,1976,West,Furniture,142.53,1,598.92,28-06-2024
4840,2207,West,Electronics,3581.38,8,63.07,03-01-2024
4841,2043,West,Electronics,1543.11,5,1270.39,04-10-2024
4842,2960,North,Electronics,1121.15,9,-110.69,24-11-2025
4843,1557,East,Furniture,159.48,7,258.94,15-06-2024
4844,2017,West,Furniture,4493.29,1,-13.5,07-09-2024
4845,4595,West,Electronics,4570.02,1,-18.38,30-09-2024
4846,2605,West,Furniture,400.95,7,463.72,15-08-2025
4847,4600,South,Office Supplies,2656.9,7,72.72,27-01-2024
4848,1882,North,Electronics,847.61,9,788.36,27-04-2024
4849,3194,North,Furniture,3817.57,2,866.17,17-12-2024
4850,1665,North,Electronics,3360.42,7,1299.56,13-07-2024
4851,4375,North,Electronics,1555.94,2,309.44,14-10-2025
4852,3667,North,Furniture,673.11,2,325.6,29-09-2024
4853,2771,South,Office Supplies,4172.98,5,218.83,12-11-2024
4854,3867,East,Electronics,3403.84,9,1129.08,05-02-2025
4855,1863,South,Office Supplies,133.42,9,527.7,12-06-2025
4856,1581,West,Furniture,3176.57,1,739.12,26-11-2025
4857,4070,South,Electronics,4070.45,7,436.85,17-02-2024
4858,1694,North,Furniture,2994.76,3,66.58,16-01-2024
4859,4833,South,Furniture,2181.1,1,-25.7,14-04-2025
4860,2251,North,Furniture,2961.2,2,1276.06,05-12-2025
4861,4173,South,Furniture,3136.59,6,251.32,09-10-2024
4862,2610,North,Electronics,3236.17,2,1400.75,14-01-2024
4863,4488,West,Office Supplies,4838.52,2,1410.4,13-12-2024
4864,2239,North,Office Supplies,975.37,4,614.17,01-01-2025
4865,3454,South,Electronics,3153.16,3,1429.6,15-08-2024
4866,1398,West,Electronics,1021.17,8,-151.57,19-09-2025
4867,2946,South,Office Supplies,1128.79,8,-44.19,07-01-2025
4868,1714,West,Office Supplies,3379.36,6,213.63,24-06-2025
4869,1703,East,Electronics,4588.18,4,155.63,23-06-2025
4870,3808,East,Furniture,879.32,7,229.48,08-02-2025
4871,3546,East,Electronics,4816.08,9,568.9,11-02-2025
4872,4825,South,Office Supplies,1664.92,2,-93.03,11-07-2025
4873,4536,South,Furniture,2017.44,6,744.16,29-02-2024
4874,2714,West,Office Supplies,853.04,7,326.07,21-10-2025
4875,2972,West,Furniture,3117.6,1,-78.37,21-02-2024
4876,4021,West,Office Supplies,3022.46,6,1080.46,29-05-2024
4877,4802,West,Furniture,2267.12,8,910.83,17-10-2025
4878,1081,North,Electronics,2432.85,7,1148.83,22-10-2025
4879,1603,East,Electronics,3152.58,2,1396.7,20-06-2024
4880,2970,North,Furniture,2959.13,2,795.8,13-11-2024
4881,2710,North,Furniture,1933.89,4,1137.42,22-10-2025
4882,3046,North,Electronics,4432.16,5,138.61,07-09-2025
4883,4822,North,Electronics,3371.54,5,497.62,03-05-2025
4884,3819,East,Furniture,1106.49,2,701.12,12-10-2025
4885,1902,North,Furniture,1667.52,7,720.06,23-09-2025
4886,1364,West,Electronics,3960.6,8,1021.17,02-07-2025
4887,1162,South,Office Supplies,612.17,2,1153.1,14-11-2025
4888,4119,West,Electronics,3776.14,4,933.65,03-05-2024
4889,3558,South,Furniture,1858.33,3,-119.68,04-10-2024
4890,4400,West,Furniture,2803.29,4,397.07,30-07-2024
4891,2863,West,Office Supplies,1474.73,5,773.15,06-12-2025
4892,1115,South,Electronics,4933.64,6,663.38,02-03-2025
4893,3988,East,Furniture,4538.62,2,-123.85,03-04-2025
4894,4920,North,Electronics,4649.4,6,1467.08,16-06-2025
4895,3384,West,Furniture,1005.4,9,1425.38,18-10-2025
4896,1880,East,Office Supplies,4224.28,8,1115.4,18-10-2024
4897,3784,North,Electronics,2723.45,1,-105.9,21-05-2024
4898,4935,East,Electronics,3568.51,9,531.35,07-11-2025
4899,1839,East,Office Supplies,1165.77,2,496.61,22-01-2025
4900,3194,North,Furniture,3588.72,1,748.64,07-10-2025
4901,4646,West,Furniture,4579.91,6,-104.92,26-06-2024
4902,4877,East,Electronics,1410.66,1,520.22,25-03-2024
4903,2346,West,Office Supplies,1243.46,6,1088.33,23-07-2024
4904,3490,West,Electronics,611.63,2,1496.61,03-07-2025
4905,3884,West,Electronics,1407.35,7,812.25,30-11-2024
4906,2036,North,Furniture,2725.38,7,1399.04,23-01-2025
4907,1942,South,Furniture,4180.31,4,1497.52,14-06-2024
4908,4565,West,Furniture,1466.12,2,539.13,19-06-2025
4909,2724,South,Furniture,3143.61,7,936.77,13-06-2025
4910,3334,South,Furniture,2449.99,1,162.47,02-11-2025
4911,3767,East,Office Supplies,1514.04,2,608.6,09-08-2024
4912,2137,West,Electronics,2600.76,2,-66.7,05-09-2025
4913,3527,West,Office Supplies,923.02,1,-150.45,23-11-2024
4914,1021,West,Electronics,3233.93,9,1317.96,23-08-2025
4915,4420,South,Furniture,666.75,6,1259.28,31-10-2025
4916,2749,North,Office Supplies,3681.8,3,330.51,22-08-2025
4917,1682,South,Electronics,970.79,6,576.82,17-02-2025
4918,4906,West,Furniture,4990.98,7,639.14,12-05-2024
4919,4637,West,Furniture,4136,3,685.19,27-06-2024
4920,3953,West,Office Supplies,1784.82,4,28.77,15-10-2024
4921,2833,South,Office Supplies,2188.4,1,1117.6,18-09-2025
4922,3367,West,Office Supplies,1370.04,6,391.29,14-12-2024
4923,1125,East,Furniture,3858.86,6,-146.12,13-10-2024
4924,1276,West,Electronics,1965.56,9,950.15,29-12-2024
4925,2999,North,Electronics,3800.41,2,1210.79,23-03-2024
4926,2227,East,Office Supplies,190.17,5,1360.82,24-08-2024
4927,3241,West,Electronics,764.54,5,946.49,13-03-2025
4928,4752,East,Furniture,1888.37,7,125.17,26-08-2024
4929,4735,West,Electronics,633.65,5,802.63,20-03-2025
4930,4618,North,Furniture,3045.53,4,1350,06-03-2024
4931,1695,West,Office Supplies,349.08,2,395.95,21-10-2025
4932,2309,East,Electronics,4312.84,8,1420.7,16-12-2025
4933,1056,North,Furniture,3830.41,5,-33.95,23-04-2024
4934,4805,South,Office Supplies,1159.66,4,1037.69,07-07-2024
4935,4374,North,Office Supplies,2470.58,9,3.85,18-08-2025
4936,4234,North,Office Supplies,2313.88,2,1158.09,02-10-2024
4937,1018,North,Office Supplies,3651.84,3,-33.99,03-09-2025
4938,4441,East,Electronics,2067.39,8,353.73,28-10-2024
4939,3311,North,Furniture,261.38,4,1120.66,10-12-2025
4940,3841,West,Electronics,1441.31,9,582.33,29-06-2025
4941,1112,North,Furniture,2384.36,9,1300.57,13-08-2025
4942,4559,North,Office Supplies,4875.01,9,482.95,04-10-2025
4943,4398,West,Electronics,4417.68,1,1491.43,06-08-2025
4944,1541,West,Office Supplies,988.89,6,-168.25,12-10-2025
4945,3694,South,Furniture,3644.05,6,983.31,16-11-2025
4946,1578,North,Office Supplies,4690.44,8,1357.01,24-04-2025
4947,2088,East,Electronics,143.08,7,711.18,01-03-2025
4948,4363,North,Electronics,3632.63,7,1480.47,17-01-2024
4949,1024,North,Furniture,2350.73,2,1003.64,16-02-2024
4950,2572,West,Furniture,3433.16,4,530.19,30-01-2024
4951,3048,South,Electronics,3067.39,1,676.14,26-01-2025
4952,3958,North,Electronics,4924.86,7,1291.7,09-02-2024
4953,2572,East,Electronics,1515.2,4,1427.89,11-12-2025
4954,1140,North,Electronics,3952.1,9,745.01,29-10-2025
4955,2767,East,Furniture,1249.74,6,322.16,10-10-2024
4956,1647,West,Electronics,2234.48,6,206.85,28-02-2024
4957,4972,South,Furniture,4879.37,9,610.98,25-11-2024
4958,3235,North,Electronics,3854.07,8,303.78,26-12-2025
4959,4199,South,Electronics,1647.52,6,515.42,19-09-2024
4960,1200,North,Office Supplies,3134.91,6,1218.59,19-11-2024
4961,4198,East,Office Supplies,343.49,6,602.38,24-01-2024
4962,1256,South,Electronics,1405.34,4,889.49,19-12-2024
4963,4747,North,Furniture,3620.11,5,-46.82,23-02-2024
4964,1546,West,Electronics,2893.46,3,1095.62,14-11-2025
4965,3241,East,Office Supplies,2401.4,9,620.94,31-10-2024
4966,3750,South,Electronics,3485.29,2,413.6,14-11-2024
4967,4175,North,Office Supplies,2052.45,7,838.68,21-12-2025
4968,4606,South,Electronics,228.17,1,-26.62,14-02-2024
4969,4336,North,Electronics,2261.03,7,503.8,27-12-2024
4970,1801,East,Furniture,4520.43,2,1178.65,05-04-2025
4971,1941,West,Office Supplies,4297.41,5,245.51,07-01-2024
4972,4455,East,Office Supplies,2104.09,1,1353.96,15-09-2024
4973,4331,South,Office Supplies,208.89,5,826.19,28-03-2024
4974,1413,South,Furniture,3217.91,4,719.33,07-07-2024
4975,3014,North,Electronics,3731.85,1,479.27,30-03-2025
4976,2381,East,Furniture,1541.79,1,1061.4,25-06-2025
4977,2098,North,Electronics,2435.65,7,759.6,31-05-2025
4978,4426,East,Furniture,4960.1,3,1154.12,25-12-2024
4979,4655,South,Furniture,2924.08,9,363.85,03-01-2025
4980,4842,North,Office Supplies,1820.27,9,993.42,18-07-2024
4981,1909,North,Furniture,3174.7,9,1403.85,07-01-2024
4982,1187,East,Electronics,982.11,1,275.86,09-11-2025
4983,4756,West,Furniture,1076.34,4,1467.7,20-01-2025
4984,3015,East,Furniture,4632.13,1,497.9,13-11-2025
4985,2313,West,Electronics,1272.08,1,-134.5,30-01-2025
4986,3092,East,Office Supplies,1622.87,9,408.09,23-06-2025
4987,4644,South,Electronics,2764.51,5,54.39,11-09-2025
4988,3130,North,Electronics,4508.49,1,317.29,26-05-2024
4989,2146,East,Electronics,3929.1,3,-36.85,10-10-2024
4990,1357,South,Furniture,314.54,7,102.95,08-04-2024
4991,2551,East,Furniture,3495.85,2,15.39,10-08-2025
4992,2089,North,Electronics,2569.9,4,-126.09,26-08-2025
4993,3983,East,Electronics,2430.21,2,303.52,21-05-2025
4994,2680,West,Office Supplies,3488.64,9,1399.63,18-04-2025
4995,3422,North,Furniture,1061.54,9,1413.97,10-12-2025
4996,1161,West,Furniture,4909.29,7,1239.3,26-05-2024
4997,4817,South,Furniture,3262,7,-179.36,29-07-2025
4998,4451,South,Furniture,1891.72,2,-152.19,17-05-2025
4999,4727,East,Electronics,3040.99,8,-182.39,19-02-2024
5000,4429,West,Electronics,1160.71,1,423.29,05-06-2025
5001,4259,West,Office Supplies,3205.83,8,1466.44,12-08-2024
5002,3369,North,Furniture,238.26,5,1324.62,22-03-2024
5003,1449,West,Furniture,1771.79,4,225.91,30-06-2024
5004,2497,West,Electronics,3762.83,2,497.33,05-06-2025
5005,2036,North,Office Supplies,4059.09,3,1201.53,25-12-2024
5006,3231,North,Electronics,1339.31,2,1089.59,22-08-2024
5007,3158,West,Furniture,2743.11,4,25.45,21-11-2024
5008,2950,East,Furniture,2689.62,3,-16.78,11-04-2025
5009,3555,North,Office Supplies,2165.13,5,724.32,22-03-2025
5010,2313,North,Electronics,1219.32,7,-26.41,29-06-2025
5011,3342,West,Furniture,3545.82,9,1202.53,12-02-2024
5012,4522,West,Furniture,1336.57,5,230.66,16-01-2025
5013,3951,North,Office Supplies,4564.03,8,120.16,12-05-2024
5014,2238,West,Furniture,2689.66,2,115.64,06-02-2025
5015,1973,North,Furniture,4365.34,6,-123.11,16-09-2025
5016,1631,East,Electronics,1524.64,8,891.12,04-01-2025
5017,4965,East,Office Supplies,4054.69,9,79.64,23-02-2024
5018,2590,North,Office Supplies,656.95,4,196.67,15-10-2025
5019,2050,North,Office Supplies,3857.47,4,1077.22,14-07-2025
5020,4701,South,Electronics,1996.03,7,-102.28,07-06-2024
5021,3780,South,Office Supplies,2402.95,4,144.67,17-05-2024
5022,4302,West,Furniture,917.36,5,53.89,16-06-2025
5023,2588,West,Office Supplies,191.28,2,-191.76,10-09-2024
5024,4878,North,Furniture,3364.37,2,716.88,28-10-2024
5025,3368,North,Office Supplies,2979.82,5,123.06,15-12-2025
5026,3960,South,Office Supplies,3149.9,2,875.94,10-09-2025
5027,4304,South,Electronics,1349.51,6,653.03,14-03-2024
5028,2693,North,Office Supplies,1272.46,6,935.39,15-06-2025
5029,1436,East,Office Supplies,4168.45,8,1468.66,03-10-2024
5030,3828,East,Electronics,3830.14,1,173.79,24-02-2025
5031,2556,West,Furniture,1750.27,7,931.99,26-02-2024
5032,4474,North,Office Supplies,3225.25,7,1217.14,22-07-2025
5033,2076,North,Office Supplies,4157.94,9,1427.56,09-03-2024
5034,4858,West,Furniture,4455.26,4,857.97,16-07-2024
5035,4384,South,Electronics,128.45,7,22.42,31-05-2024
5036,2304,South,Office Supplies,4085.97,6,-108.46,20-12-2025
5037,3773,East,Electronics,1816.92,4,273.47,06-07-2024
5038,3078,North,Furniture,3620.05,8,1377.87,24-10-2025
5039,3384,South,Furniture,1919.87,3,712.78,16-02-2024
5040,1182,East,Electronics,3070.62,8,784.82,14-05-2025
5041,4094,East,Furniture,3269.23,5,838.02,20-12-2025
5042,3591,East,Furniture,2084.46,4,364.77,30-08-2024
5043,2469,South,Office Supplies,2612.65,3,108.7,28-06-2024
5044,4145,South,Electronics,3658.94,7,1422.21,20-05-2024
5045,4081,North,Office Supplies,2433.9,7,1084.15,13-05-2025
5046,4555,North,Electronics,168.5,6,668.79,08-01-2024
5047,2479,East,Office Supplies,163.23,3,440.4,11-04-2024
5048,2589,East,Furniture,3340.42,9,620.71,08-06-2024
5049,2587,South,Electronics,4251.46,2,-142.77,14-04-2025
5050,1659,South,Electronics,3947.84,3,220.74,18-10-2025
5051,1159,North,Electronics,1620.96,1,226.2,05-01-2024
5052,4953,North,Electronics,2408.53,7,557.09,13-01-2025
5053,4085,West,Furniture,1247.39,2,201.66,15-01-2025
5054,4249,North,Furniture,4946.83,8,115.28,28-08-2025
5055,3459,South,Furniture,1376.48,9,1101.4,29-12-2025
5056,4949,East,Office Supplies,2139.68,2,1318.96,14-11-2025
5057,2011,West,Furniture,3437.53,6,-85.86,11-10-2025
5058,1052,North,Office Supplies,4392.49,1,156.41,30-10-2024
5059,3455,North,Office Supplies,352.23,8,1115.27,04-06-2024
5060,3894,South,Furniture,1575,5,1186.92,26-10-2024
5061,2045,West,Furniture,2888.03,9,650.27,01-11-2025
5062,2053,North,Furniture,3129.73,3,981.3,28-09-2024
5063,3750,East,Office Supplies,443.13,2,-68.08,02-05-2024
5064,3307,South,Electronics,3353.99,7,1244.2,25-05-2025
5065,2228,West,Furniture,2687.52,7,1215.64,05-10-2024
5066,4130,North,Office Supplies,4155.37,5,978.78,01-01-2025
5067,2494,North,Office Supplies,1188.73,7,1357.76,16-06-2025
5068,3823,West,Furniture,1055.63,6,-119.02,20-12-2025
5069,2489,South,Office Supplies,3987.35,9,192.64,21-09-2025
5070,2035,West,Furniture,3548.96,3,416.33,02-05-2024
5071,4702,West,Office Supplies,3979.2,4,69.6,13-12-2025
5072,2950,South,Electronics,3931.48,9,1185.21,20-01-2025
5073,4361,North,Office Supplies,609.6,8,1087.23,31-01-2025
5074,1849,East,Furniture,1465.06,6,1114.53,27-10-2024
5075,4831,South,Electronics,1374.42,3,295.2,28-01-2025
5076,1353,East,Furniture,4679.48,9,1096.57,25-08-2025
5077,4710,North,Office Supplies,2488.59,9,9.2,15-08-2025
5078,2098,West,Electronics,644.18,6,-18.44,03-08-2024
5079,3920,East,Electronics,1518.93,2,792.9,01-01-2024
5080,2739,North,Office Supplies,4372.32,7,-117.26,23-05-2024
5081,4632,North,Electronics,4250.63,9,1395.71,06-09-2024
5082,4662,West,Electronics,4511.66,9,359.04,19-06-2024
5083,2464,West,Electronics,2003.79,3,610.96,13-05-2024
5084,1990,North,Furniture,3242.57,2,1182.49,16-03-2024
5085,2264,North,Furniture,1463.05,5,480.09,24-04-2025
5086,4065,East,Electronics,986.04,7,532.1,15-09-2025
5087,2884,North,Office Supplies,207.32,3,391.5,23-09-2024
5088,4225,North,Office Supplies,1194.86,4,397.93,10-04-2025
5089,2809,East,Furniture,3061.43,2,595.52,25-03-2025
5090,4167,South,Office Supplies,4530.63,2,1408.08,05-04-2024
5091,4797,East,Electronics,753.76,7,1391.23,02-10-2024
5092,3341,East,Office Supplies,4598.26,2,726.77,03-07-2025
5093,3256,West,Furniture,1792.39,1,575.13,07-11-2024
5094,4414,East,Furniture,2191.46,4,1173.87,12-12-2024
5095,2111,North,Electronics,1888.39,6,957.58,23-09-2024
5096,1817,North,Furniture,2102.18,4,1298.66,30-09-2024
5097,2799,North,Furniture,1370.05,1,1042.04,15-08-2025
5098,2960,South,Furniture,3523.16,1,1418.99,07-04-2024
5099,3437,North,Office Supplies,3815.1,9,1306.62,10-07-2025
5100,3372,South,Furniture,4133.25,1,1253.92,27-10-2025
5101,3987,North,Office Supplies,1772.32,7,465.63,10-11-2024
5102,1888,East,Furniture,3846.67,7,456.56,13-05-2024
5103,2855,West,Furniture,3224.61,1,1060.04,08-07-2025
5104,2180,North,Office Supplies,4793.79,1,-57.63,03-04-2024
5105,1667,South,Office Supplies,2181.45,6,347.76,28-06-2024
5106,4722,South,Electronics,4962.32,8,1384.78,12-09-2024
5107,1632,West,Electronics,3727.93,7,565.17,17-01-2024
5108,3624,North,Office Supplies,3903.76,6,258.83,20-09-2025
5109,2642,East,Furniture,225.95,3,609.97,11-07-2025
5110,4730,North,Electronics,2537.25,7,290.6,11-11-2025
5111,1136,North,Office Supplies,2688.85,6,1106.04,20-05-2024
5112,2946,West,Office Supplies,298.94,8,1246.03,24-01-2025
5113,2697,North,Furniture,1629.44,4,1130.52,26-12-2025
5114,1427,East,Office Supplies,4782.66,9,53.38,20-11-2025
5115,2475,South,Electronics,2187.95,1,371.3,17-02-2024
5116,3659,West,Furniture,1014.84,7,163.75,02-09-2025
5117,4921,East,Office Supplies,2615.36,9,-127.24,18-09-2024
5118,3958,South,Office Supplies,265.45,1,1056.6,23-07-2025
5119,1818,West,Furniture,2628.34,3,528.21,09-09-2024
5120,3188,West,Furniture,3011.91,7,270.26,03-12-2025
5121,2106,South,Furniture,1852.7,9,322.8,27-05-2025
5122,3224,South,Electronics,3836.62,1,29.53,04-06-2024
5123,1197,East,Electronics,765,6,1205.49,25-08-2025
5124,3671,North,Office Supplies,4403.1,2,44.67,28-07-2024
5125,4639,North,Office Supplies,4781.68,5,375.14,19-11-2024
5126,2995,North,Furniture,106.05,7,-187.44,10-02-2024
5127,3738,North,Office Supplies,4229.34,7,541.9,27-12-2024
5128,4492,North,Office Supplies,2579.92,7,403.16,06-01-2025
5129,3448,East,Furniture,2360.89,4,1022.47,19-02-2025
5130,4769,West,Electronics,1269.53,6,1016.03,26-09-2025
5131,1470,East,Electronics,2291.89,6,-134.33,09-12-2025
5132,3265,East,Electronics,4757.09,7,-3.03,23-10-2025
5133,2948,East,Office Supplies,1132.86,9,1337.86,11-01-2025
5134,1928,West,Furniture,977.3,6,1146.06,08-11-2024
5135,4899,East,Electronics,1285.29,1,462.12,04-10-2024
5136,3010,East,Office Supplies,2803.99,8,82.84,17-11-2024
5137,4800,West,Furniture,4658.47,2,243.33,08-07-2025
5138,3679,East,Electronics,2912.02,3,918.65,03-02-2024
5139,3998,North,Electronics,1293.06,5,1407.34,23-04-2024
5140,1905,South,Furniture,2258.22,6,846.75,02-01-2024
5141,3222,East,Office Supplies,2012.96,7,-155.04,24-07-2025
5142,1022,South,Office Supplies,328.19,4,906.22,05-02-2024
5143,4796,East,Electronics,2602.15,3,1406.08,08-01-2024
5144,4988,East,Furniture,717.43,9,409.69,09-06-2024
5145,1234,North,Office Supplies,4227,4,1387.04,27-03-2025
5146,4084,West,Furniture,2789.92,9,940.05,13-06-2025
5147,2124,South,Furniture,4238.57,9,122.72,29-07-2025
5148,1928,West,Electronics,4784.62,3,47.02,26-07-2025
5149,4607,North,Furniture,4721.62,3,99.71,23-03-2024
5150,4947,North,Furniture,592.1,8,988.68,10-01-2024
5151,1522,South,Furniture,4729.6,1,802.19,09-03-2025
5152,2808,West,Office Supplies,3999.16,6,574.42,09-09-2025
5153,4523,North,Electronics,3910.52,6,247.7,20-08-2024
5154,1430,East,Electronics,541.63,9,1342.29,09-08-2024
5155,1792,East,Furniture,979.62,2,163.36,04-07-2025
5156,2629,East,Furniture,4878.3,8,282.13,16-11-2024
5157,2736,West,Office Supplies,1145.51,7,-106.64,06-10-2025
5158,1532,East,Electronics,928.36,2,268.05,08-10-2024
5159,4923,East,Office Supplies,1875.52,1,1368.93,29-04-2024
5160,4026,North,Electronics,4575.45,4,118.93,03-03-2024
5161,2746,North,Office Supplies,2433.35,2,146.74,16-11-2025
5162,2675,East,Furniture,4610.86,3,819.96,26-06-2025
5163,2316,East,Office Supplies,1738.26,2,763.82,17-06-2024
5164,3857,North,Furniture,1209.99,9,99.13,13-10-2025
5165,1912,South,Electronics,2526.49,4,62.25,29-09-2024
5166,2124,West,Electronics,3115.84,1,-1.14,19-10-2025
5167,2525,West,Furniture,2018.35,8,1263.85,06-12-2025
5168,2327,North,Electronics,1795.55,4,912.54,03-01-2025
5169,3918,West,Office Supplies,1168.49,8,1420.86,16-04-2025
5170,3587,North,Furniture,1447.53,8,81.92,21-10-2024
5171,2023,North,Electronics,3398.28,9,583.03,14-03-2024
5172,2576,North,Office Supplies,1912.38,7,1063.18,03-04-2025
5173,2378,North,Office Supplies,490.81,4,163.03,09-10-2025
5174,4374,South,Electronics,776.96,2,963.95,25-08-2025
5175,2519,East,Electronics,1924.66,6,605.47,21-06-2025
5176,2681,East,Office Supplies,4630.06,4,532.41,10-08-2025
5177,4839,South,Furniture,1957.25,6,896.5,30-06-2025
5178,2997,West,Electronics,397.15,8,595.08,25-07-2024
5179,1226,West,Electronics,2148.17,3,1194.02,13-06-2024
5180,2259,East,Furniture,3377.21,1,1381.89,03-05-2024
5181,1872,West,Furniture,3008.62,5,801.06,29-09-2024
5182,1891,East,Electronics,1466.13,3,311.01,16-01-2025
5183,2478,East,Furniture,3471.64,6,1121.28,18-04-2025
5184,2036,South,Office Supplies,3190.06,3,89.83,19-12-2024
5185,3257,West,Office Supplies,943.65,1,-38.52,06-04-2024
5186,3788,South,Office Supplies,894.51,9,681.84,22-03-2024
5187,1396,East,Electronics,2781.2,5,899.45,20-06-2025
5188,2123,East,Furniture,3331.25,2,1219.5,26-12-2024
5189,3078,East,Office Supplies,4813.36,2,1423.86,01-03-2024
5190,3945,North,Furniture,2167.46,9,1284.67,03-04-2024
5191,4599,North,Office Supplies,3848.2,1,1480.79,30-12-2024
5192,1648,North,Furniture,670.95,3,608.69,14-10-2025
5193,1328,South,Office Supplies,4459.08,7,338.11,22-10-2024
5194,4237,East,Office Supplies,3202.23,1,581.5,12-11-2025
5195,2482,West,Office Supplies,3182.25,2,895.02,18-06-2024
5196,4893,South,Office Supplies,797.97,6,662.34,25-10-2024
5197,1951,South,Office Supplies,293.96,9,878,08-12-2025
5198,3005,South,Office Supplies,3537.1,9,1307.43,29-10-2025
5199,3016,West,Office Supplies,673.58,8,81.88,02-09-2025
5200,4171,East,Office Supplies,722.15,3,4.45,12-11-2024
5201,3668,North,Office Supplies,1018.75,2,647.48,06-10-2025
5202,2878,East,Furniture,578.96,1,1469.01,12-10-2025
5203,2196,East,Furniture,3164.42,9,-99.63,20-09-2024
5204,2772,South,Electronics,2167.82,5,1477.15,22-10-2025
5205,1161,South,Office Supplies,1403.87,3,1445.1,24-04-2025
5206,4976,South,Furniture,2259.67,5,297.42,17-09-2024
5207,2751,North,Furniture,4236.29,3,1314.71,29-06-2025
5208,1775,North,Furniture,4642.69,9,-186.81,04-06-2025
5209,4334,North,Furniture,2488.63,1,571.9,12-02-2024
5210,2827,East,Furniture,2877.09,1,483.61,05-04-2024
5211,3321,South,Furniture,1360.28,3,1334.52,28-01-2025
5212,4074,West,Electronics,2616.64,6,602.9,07-06-2025
5213,2051,East,Furniture,3765.79,2,510.5,20-12-2024
5214,3373,North,Electronics,2511.47,1,887.31,05-02-2025
5215,1939,West,Electronics,1580.16,8,438.86,15-04-2025
5216,4220,West,Office Supplies,2951.97,9,712.15,13-10-2025
5217,1539,South,Office Supplies,4738.61,1,1424.46,13-10-2024
5218,3535,West,Office Supplies,4451.12,3,144.45,09-10-2024
5219,1821,North,Furniture,3869.29,5,580.15,16-06-2025
5220,2461,South,Office Supplies,1453.43,7,-173.86,25-09-2024
5221,2088,West,Furniture,1283.64,4,1231.8,10-07-2025
5222,1355,South,Furniture,4208.83,6,-43.57,17-11-2025
5223,4604,West,Office Supplies,988.46,1,-38.9,07-10-2024
5224,4323,East,Office Supplies,3067.5,4,1300.83,17-03-2024
5225,1234,East,Electronics,2250.76,8,495.8,10-12-2025
5226,3274,North,Electronics,2393.13,5,968.4,20-12-2024
5227,2548,East,Furniture,2327.26,8,1258.34,11-09-2024
5228,4384,East,Furniture,4509.76,1,436.61,29-10-2025
5229,3096,East,Office Supplies,526.76,9,244.63,28-02-2025
5230,1117,West,Office Supplies,3936.22,4,88.18,04-01-2024
5231,3101,West,Electronics,4191.56,9,832.1,24-03-2024
5232,2673,South,Office Supplies,4720.1,8,228.86,09-12-2025
5233,3612,West,Furniture,2317.74,8,878.29,01-08-2024
5234,2067,East,Office Supplies,2550.32,2,339.14,18-10-2025
5235,4886,West,Electronics,4810.34,3,391.22,26-02-2024
5236,3100,North,Furniture,2346.41,9,223.49,02-06-2024
5237,4657,South,Electronics,2567.39,3,511.4,03-09-2025
5238,1557,South,Electronics,1728.05,8,75.62,12-12-2025
5239,4596,West,Furniture,254.97,5,343.5,04-02-2025
5240,4748,East,Electronics,2221.97,7,1122.4,03-06-2025
5241,4173,South,Office Supplies,3309.95,4,166.55,05-06-2025
5242,2815,North,Office Supplies,3480.73,8,1410.09,27-09-2025
5243,4841,North,Electronics,131.89,4,637.97,26-09-2024
5244,3005,South,Office Supplies,4025.16,5,-18.24,22-06-2025
5245,4920,East,Electronics,2512.84,1,1403.2,26-05-2025
5246,3915,East,Office Supplies,2651.65,8,576.35,31-05-2025
5247,1397,West,Electronics,4812.54,7,746.84,15-02-2025
5248,4209,West,Office Supplies,1493.86,5,114.83,06-10-2025
5249,1674,South,Furniture,3832.09,6,366.63,07-12-2024
5250,4992,West,Furniture,2916.4,1,996.18,19-05-2024
5251,1386,West,Office Supplies,3533.91,8,10.75,20-09-2024
5252,3158,West,Electronics,2147.31,9,769.78,24-03-2025
5253,3661,North,Office Supplies,1468.12,5,978.99,14-08-2024
5254,3064,West,Electronics,2776.02,7,-196.88,29-02-2024
5255,4851,South,Office Supplies,1937.21,4,1223.88,20-03-2024
5256,4253,East,Office Supplies,1192.26,6,-104.23,24-02-2024
5257,1883,West,Furniture,4212.26,2,219.76,28-08-2025
5258,4607,East,Electronics,2431.57,4,1438.03,02-03-2025
5259,1540,West,Electronics,4251.85,5,-62.23,06-07-2025
5260,1170,South,Electronics,2422.75,9,1204.1,05-06-2025
5261,3456,North,Electronics,2828.31,9,908.4,13-08-2024
5262,1739,South,Electronics,4976.87,8,817.24,25-04-2024
5263,2401,North,Furniture,4762.37,4,788.86,05-12-2024
5264,4259,West,Office Supplies,1431.28,6,82.98,16-04-2024
5265,3905,West,Electronics,4356.41,7,937,02-06-2025
5266,3277,North,Electronics,2012.98,1,1417.77,16-06-2025
5267,4904,South,Office Supplies,449.12,1,-69.04,26-11-2024
5268,4923,South,Furniture,2921.33,4,365.1,10-04-2024
5269,1118,North,Furniture,4887.55,3,602.83,02-08-2024
5270,4227,West,Furniture,4874.14,4,194.89,09-07-2025
5271,3831,North,Office Supplies,719.68,9,1059.52,10-08-2024
5272,4758,West,Office Supplies,3879.06,2,970.66,28-07-2024
5273,3512,North,Furniture,4033.88,4,0.22,09-12-2024
5274,3151,West,Furniture,1906.85,7,768.09,26-12-2025
5275,4675,North,Office Supplies,3327.12,2,427.08,03-03-2025
5276,3745,East,Furniture,2491.98,8,188.25,05-03-2024
5277,2995,West,Electronics,1216.68,4,1242.1,10-09-2024
5278,4866,South,Office Supplies,3830.19,9,-107.05,01-06-2025
5279,4573,North,Furniture,1387.49,1,594.56,20-10-2024
5280,4764,South,Electronics,1768.19,7,608.03,08-08-2024
5281,2705,North,Office Supplies,1031.09,1,769.21,02-03-2025
5282,2722,South,Office Supplies,3624.43,9,135.91,08-11-2024
5283,3222,South,Electronics,2347.75,1,1281.04,15-12-2025
5284,4805,North,Office Supplies,2272.53,3,1441.01,08-04-2025
5285,3792,North,Furniture,3062.36,7,733.22,04-08-2025
5286,2697,South,Office Supplies,870.59,1,235.41,30-07-2025
5287,2444,South,Furniture,4500.95,5,1290.6,08-09-2024
5288,4205,South,Electronics,2379.03,6,1479.89,25-11-2025
5289,4462,West,Electronics,1895.98,3,1061.2,21-04-2024
5290,2759,West,Office Supplies,720.78,6,367.3,17-10-2024
5291,2524,East,Electronics,922.98,4,201.23,06-10-2024
5292,1664,West,Electronics,4609.77,6,66.25,20-10-2024
5293,1032,West,Office Supplies,2337.42,6,199.4,29-05-2025
5294,3102,North,Furniture,3638.7,4,186.49,27-06-2024
5295,3566,East,Office Supplies,494.53,1,1444.61,07-07-2024
5296,3803,East,Office Supplies,3252.98,3,893.51,16-06-2024
5297,4896,West,Furniture,4615.44,7,83.86,23-02-2024
5298,4709,North,Furniture,1569.82,2,629.67,31-07-2025
5299,3059,North,Furniture,2937.79,4,113.88,18-09-2025
5300,2551,East,Office Supplies,4707.07,6,830.23,11-11-2024
5301,1719,North,Furniture,3624.68,5,380.39,27-09-2024
5302,3602,South,Electronics,405.39,6,132.51,26-12-2025
5303,3420,West,Furniture,1955.81,5,212.74,05-03-2025
5304,1483,South,Electronics,520.29,9,947.67,13-09-2025
5305,1972,East,Furniture,4320.46,2,493.66,01-07-2024
5306,4718,East,Electronics,3146.15,4,672.37,16-09-2024
5307,4299,North,Electronics,4786.27,1,1196.28,24-01-2024
5308,3670,North,Electronics,196.81,7,914.22,03-04-2024
5309,1306,East,Electronics,2173.13,1,586.1,12-09-2024
5310,1456,East,Electronics,611.38,6,1421.9,01-08-2024
5311,3207,South,Furniture,1817.39,9,164.66,10-05-2025
5312,1330,South,Office Supplies,893.25,2,291.29,09-02-2024
5313,3823,North,Office Supplies,1711.09,1,1349.43,07-04-2025
5314,1224,South,Office Supplies,4114.38,3,1250.48,11-03-2025
5315,4030,North,Office Supplies,887.43,6,21.1,02-07-2025
5316,3776,North,Office Supplies,2420.96,7,1380.91,16-12-2025
5317,4575,West,Electronics,4615.76,8,-182.71,29-07-2024
5318,2479,North,Furniture,4994.02,4,1198.12,02-05-2024
5319,4116,South,Electronics,1328.14,8,273.96,03-04-2025
5320,4285,East,Furniture,4684.28,7,120.72,12-10-2024
5321,2082,East,Furniture,1380.8,8,562.81,02-10-2024
5322,1643,South,Furniture,2126.29,5,1325.04,31-08-2024
5323,1615,East,Furniture,4401.83,7,1136.03,22-05-2024
5324,1194,North,Office Supplies,3952.26,4,1444.02,15-11-2024
5325,4996,East,Furniture,4301.69,1,719.7,09-01-2025
5326,1488,South,Furniture,4021.26,3,667.95,08-03-2025
5327,3204,East,Office Supplies,1251.8,9,-177.85,01-08-2025
5328,3657,North,Electronics,2838.1,4,107.03,01-05-2024
5329,2249,North,Electronics,1987.73,5,645.95,22-08-2024
5330,3459,South,Electronics,2352.58,3,1079.36,04-03-2025
5331,4276,South,Electronics,854.39,6,1198.42,05-05-2024
5332,2102,South,Furniture,1647.26,4,281.55,27-06-2025
5333,2147,West,Office Supplies,4302.47,5,1011.18,21-07-2024
5334,3518,West,Office Supplies,4498.04,7,1208.5,29-09-2024
5335,2241,North,Electronics,3089.75,7,437.17,22-06-2024
5336,1515,West,Office Supplies,2541.51,9,982.44,25-08-2024
5337,2625,West,Furniture,3592.91,2,543.38,06-04-2025
5338,2127,East,Electronics,3083.38,4,1475.61,19-04-2024
5339,1392,West,Furniture,4920.01,8,-188.67,15-02-2025
5340,1630,East,Furniture,1031.44,4,504.39,11-03-2024
5341,4716,South,Furniture,2300.32,3,248.32,17-10-2025
5342,2847,East,Furniture,4599.38,6,1244.55,18-12-2025
5343,3655,East,Furniture,4582.21,3,288.11,22-12-2024
5344,1979,South,Electronics,2527.2,2,724.54,26-02-2025
5345,1433,South,Furniture,760.56,9,1058.46,28-08-2024
5346,4402,North,Electronics,4093.29,3,645.29,25-08-2025
5347,4214,North,Office Supplies,2967.31,1,497.68,31-10-2025
5348,4871,North,Furniture,3888.51,9,-127.72,19-12-2025
5349,3587,North,Furniture,2366.37,5,-161.02,22-07-2025
5350,1277,East,Office Supplies,1099.03,7,1427.45,21-07-2025
5351,1232,East,Electronics,217.55,2,893.51,09-11-2025
5352,2552,North,Furniture,2839.78,1,1202.93,06-05-2024
5353,2594,West,Office Supplies,889.13,6,616.75,01-03-2025
5354,2113,North,Office Supplies,1016.97,5,244.69,13-06-2025
5355,4563,West,Furniture,2237.9,6,300.71,15-03-2024
5356,4270,South,Electronics,2266.18,2,-126.06,04-10-2024
5357,3409,East,Electronics,1444.5,7,1144.5,08-05-2025
5358,4512,East,Furniture,746.42,1,788.67,22-01-2025
5359,1025,West,Office Supplies,4730.27,8,617.36,19-06-2025
5360,4096,North,Furniture,745.04,7,1248.9,06-04-2025
5361,2417,East,Electronics,1818.79,7,556.24,03-11-2024
5362,3554,West,Office Supplies,1593.85,6,1411.48,01-08-2025
5363,4372,South,Furniture,4345.06,5,-177.5,02-05-2024
5364,4410,South,Office Supplies,2109.31,9,1473.85,13-10-2024
5365,3314,East,Electronics,707.81,3,1187,22-02-2024
5366,1460,North,Electronics,150.28,9,403.4,20-03-2025
5367,4764,West,Electronics,3637.55,5,812.12,30-04-2024
5368,3503,East,Furniture,3601.06,8,1269.83,28-11-2025
5369,4431,South,Office Supplies,2147.14,3,618.72,22-02-2025
5370,2091,North,Furniture,718.91,7,-113.22,16-03-2024
5371,2006,West,Furniture,1921.01,4,1336.28,24-03-2024
5372,3910,East,Furniture,2990.42,5,678.93,02-11-2024
5373,4483,West,Furniture,3549.32,4,726.77,20-03-2025
5374,2994,North,Office Supplies,483.38,9,-176.68,20-10-2025
5375,1490,North,Office Supplies,2825.91,7,-29.89,02-12-2024
5376,4904,South,Furniture,1453.01,6,1121.58,15-01-2025
5377,2072,North,Furniture,3124.6,6,539.41,31-05-2025
5378,4758,East,Electronics,3275.89,7,1496.7,10-04-2024
5379,3611,West,Electronics,4561.96,5,982.65,09-04-2024
5380,4173,North,Office Supplies,2110.85,3,1414.32,21-06-2024
5381,1215,North,Electronics,2734.19,3,274.9,07-03-2025
5382,4509,East,Office Supplies,1414.25,7,99.46,17-04-2024
5383,2723,West,Office Supplies,1504.13,1,440.2,28-01-2024
5384,2592,West,Office Supplies,325.57,4,250.11,21-09-2024
5385,3606,South,Electronics,1501.74,8,842.72,10-11-2024
5386,1158,South,Electronics,412.76,4,1065.55,07-02-2024
5387,3536,West,Office Supplies,4823.19,1,483.57,27-08-2025
5388,1685,East,Office Supplies,3158.89,5,-47.26,01-06-2024
5389,4313,East,Furniture,948.43,1,-155.24,23-11-2024
5390,3841,South,Office Supplies,672.16,9,170.65,17-02-2024
5391,2776,North,Office Supplies,1913.6,8,1045.23,03-10-2025
5392,4953,East,Furniture,1607.47,7,176.64,06-01-2024
5393,3052,North,Office Supplies,1468.35,5,1348.66,17-02-2025
5394,4667,East,Office Supplies,2394.16,4,907.79,01-03-2024
5395,2843,West,Office Supplies,4573.08,7,1265.55,10-03-2025
5396,3408,South,Furniture,2883.45,3,455.89,04-12-2024
5397,3506,North,Electronics,2654.03,8,1472.03,25-09-2024
5398,3295,North,Office Supplies,4052.09,5,955.15,08-01-2024
5399,2589,West,Furniture,119.72,5,406.83,24-10-2025
5400,2696,East,Office Supplies,1067.19,1,161.32,29-04-2025
5401,3993,North,Furniture,2531.31,8,1273.1,12-12-2025
5402,3469,East,Office Supplies,3556.01,7,340.77,24-11-2024
5403,2946,West,Furniture,2476.64,1,-124.58,03-02-2025
5404,4809,South,Electronics,902.21,4,273.72,03-02-2025
5405,3062,North,Electronics,4656.92,4,105.07,29-12-2025
5406,3783,East,Electronics,1710.46,9,343.54,29-01-2025
5407,4644,North,Office Supplies,3962.26,2,842.55,03-12-2024
5408,2145,East,Furniture,4467.93,4,650.73,22-02-2025
5409,3324,East,Office Supplies,1797.6,3,1008.45,28-07-2024
5410,2581,East,Office Supplies,4242.03,5,367.51,28-12-2024
5411,3500,West,Furniture,3582.79,7,3.67,19-06-2024
5412,4461,South,Office Supplies,4530.98,5,72.46,10-04-2024
5413,4365,North,Furniture,1331.42,5,1155.38,17-02-2025
5414,4645,South,Furniture,4663.26,4,-33.42,25-07-2025
5415,3645,East,Electronics,420,9,1156.81,18-11-2024
5416,3493,East,Electronics,3988.99,6,161.47,29-01-2024
5417,3257,South,Electronics,2234.76,6,953.29,26-10-2025
5418,4661,South,Furniture,971.66,6,859.26,31-07-2025
5419,3761,North,Electronics,489.07,6,-32.96,05-01-2024
5420,3349,East,Furniture,2008.78,1,931.97,27-09-2025
5421,2932,South,Office Supplies,2007.69,6,560.76,29-08-2025
5422,4294,West,Electronics,1226.79,4,1002.18,31-05-2025
5423,2757,East,Furniture,1156.03,2,1220.31,25-03-2024
5424,3050,East,Furniture,2057.62,6,-132.85,27-08-2024
5425,1989,North,Furniture,2109.56,1,901.54,18-02-2024
5426,2541,West,Furniture,2267.59,1,-21.57,26-01-2024
5427,2116,North,Electronics,4356.92,5,444.09,17-02-2025
5428,3567,West,Electronics,3095.15,6,-178.45,07-04-2024
5429,4499,North,Electronics,200.12,2,358.69,15-02-2025
5430,1492,West,Furniture,2643.59,8,87.9,26-09-2024
5431,4306,West,Office Supplies,3836.01,4,745.65,30-09-2024
5432,1619,West,Furniture,376.43,4,670.86,08-11-2024
5433,4232,South,Office Supplies,2170.78,5,1148.57,23-08-2024
5434,4792,East,Electronics,2310.93,4,887.93,27-07-2024
5435,4823,West,Furniture,4774.7,5,1014.86,25-01-2024
5436,3378,South,Furniture,2430.85,3,-42.78,06-10-2025
5437,3380,South,Electronics,3774.51,8,-152.8,29-06-2024
5438,3097,North,Furniture,1584.22,6,1448.22,19-08-2025
5439,2546,East,Office Supplies,3918.6,8,525.96,02-09-2024
5440,1862,East,Office Supplies,1681.05,5,471.46,04-07-2025
5441,2691,North,Office Supplies,2207.12,7,-140.48,16-03-2025
5442,4563,East,Furniture,2449.46,7,2.15,17-09-2025
5443,2605,North,Furniture,4639.18,6,1398.81,12-04-2025
5444,4752,South,Office Supplies,361.92,4,981.24,05-09-2025
5445,3319,South,Furniture,1064.65,6,495.66,14-08-2024
5446,1579,West,Office Supplies,3558.14,9,1337.62,07-10-2024
5447,2890,North,Electronics,2930.13,4,802.82,31-10-2025
5448,2275,South,Office Supplies,1332.5,6,1069,28-05-2025
5449,3607,South,Electronics,1517.08,6,533.72,30-07-2024
5450,3743,North,Electronics,1899.82,3,533.6,05-02-2024
5451,2855,South,Electronics,2306.7,4,-83.8,02-07-2025
5452,4770,East,Office Supplies,4108.33,3,1047.75,27-08-2024
5453,4161,South,Office Supplies,167.7,3,-31.5,29-12-2024
5454,3493,North,Furniture,4500.3,4,1099.25,06-03-2025
5455,4064,East,Furniture,2123.83,4,124.46,31-03-2024
5456,2355,East,Electronics,1229.44,6,220.52,30-08-2025
5457,2162,South,Office Supplies,2591.22,4,1360.41,05-07-2024
5458,1356,West,Furniture,3332.38,6,601.67,16-09-2024
5459,2624,East,Furniture,319.29,2,12.91,15-12-2024
5460,3321,North,Furniture,3607.31,4,1338.64,07-12-2025
5461,4090,West,Office Supplies,3827.73,2,569.07,15-02-2024
5462,3006,West,Furniture,914.29,8,21.94,30-07-2025
5463,3358,East,Electronics,922.62,9,464.4,14-08-2024
5464,1869,South,Office Supplies,1098.54,7,801.86,21-07-2025
5465,1885,West,Furniture,4003.48,6,415.98,16-12-2025
5466,3001,South,Furniture,1432.81,8,1371.36,30-06-2025
5467,3201,East,Office Supplies,4000.09,4,258.46,28-04-2024
5468,2413,North,Furniture,2748.57,2,98.9,25-08-2024
5469,2283,West,Furniture,3859.14,4,175.62,10-04-2024
5470,1619,North,Electronics,2813,5,-57.63,29-11-2024
5471,1882,South,Office Supplies,1745.27,9,568.9,21-05-2025
5472,1796,South,Furniture,4562.5,5,1293.17,09-07-2025
5473,4642,North,Office Supplies,3604.95,9,319.08,01-01-2024
5474,3172,East,Office Supplies,2471.87,9,239.17,28-12-2025
5475,4425,East,Electronics,3223.4,8,1223.55,19-05-2024
5476,2296,West,Electronics,3117.63,5,320.19,02-10-2024
5477,1618,West,Office Supplies,1854.77,2,610.72,01-01-2025
5478,2834,East,Electronics,2176.48,5,-146.9,15-09-2025
5479,1244,East,Electronics,1659.46,1,288.02,01-06-2025
5480,3895,North,Furniture,4997.64,8,21.95,03-10-2024
5481,3497,South,Electronics,2942.32,2,-20.06,06-09-2025
5482,1929,South,Electronics,551.07,7,533.41,27-10-2024
5483,2270,West,Furniture,2643.63,2,271.47,10-03-2024
5484,1519,East,Furniture,344.81,5,82.96,03-03-2025
5485,4212,North,Office Supplies,1514.4,7,669.52,05-07-2024
5486,3409,West,Electronics,2285.21,6,1132.87,06-06-2024
5487,1007,North,Furniture,2717.93,5,1049.26,11-10-2025
5488,3525,East,Electronics,4883.29,6,226.3,26-11-2024
5489,4423,East,Office Supplies,4912.89,2,247.33,13-09-2024
5490,3019,East,Electronics,580.54,1,1044.23,12-02-2025
5491,1494,South,Electronics,2736.85,1,747.19,08-04-2025
5492,2629,East,Electronics,4103.84,8,1062.11,23-03-2024
5493,3880,West,Furniture,1264.79,3,-197.68,08-08-2025
5494,4498,South,Furniture,3777.76,3,-51.87,14-01-2024
5495,2062,North,Office Supplies,4405.23,9,1163.35,10-05-2024
5496,3640,West,Electronics,3346.19,6,1246.9,14-07-2024
5497,1186,West,Office Supplies,1705.75,4,383.85,10-11-2025
5498,4667,North,Office Supplies,4623.35,4,1429.17,30-07-2024
5499,4671,South,Furniture,4429.25,7,312.67,25-07-2024
5500,3801,West,Electronics,3607.54,6,1313.48,14-05-2024
5501,2877,West,Electronics,1881.97,2,516.91,17-04-2024
5502,3140,West,Office Supplies,3980.29,9,755.07,22-09-2025
5503,1085,South,Electronics,1648.93,2,893.56,13-06-2024
5504,4115,South,Furniture,1339.47,8,26.28,02-06-2024
5505,1136,South,Office Supplies,2623.57,4,-136.91,12-12-2024
5506,3468,West,Office Supplies,4985.96,1,525.56,25-01-2024
5507,3121,East,Furniture,4041.18,1,72.61,08-07-2025
5508,4619,North,Furniture,3675.98,9,733.19,18-09-2025
5509,2636,East,Furniture,2314.86,4,571.19,15-12-2024
5510,4583,South,Furniture,1628.56,1,7.57,09-07-2025
5511,4227,West,Furniture,4293.91,3,931.83,24-12-2025
5512,4326,West,Furniture,2881.89,3,-165.16,30-03-2025
5513,3218,East,Office Supplies,4084.95,7,14.85,05-08-2024
5514,2751,East,Electronics,2489.99,6,990.28,02-09-2024
5515,3217,North,Electronics,3794.39,8,697.35,08-11-2024
5516,2787,West,Office Supplies,4351.93,7,279.29,10-10-2025
5517,1871,East,Electronics,2017.81,1,106.42,04-04-2025
5518,3369,North,Electronics,166.49,3,891.88,04-08-2025
5519,4638,South,Office Supplies,1349.14,9,149.51,01-06-2025
5520,3503,East,Electronics,4583.08,4,1473.84,28-10-2025
5521,1943,South,Electronics,3468.96,3,1277.83,12-09-2024
5522,2626,North,Office Supplies,3712.37,5,24.67,25-09-2025
5523,3837,South,Electronics,1693.91,8,1260.56,21-09-2025
5524,3660,West,Furniture,3536.24,1,386.57,11-04-2025
5525,4226,West,Office Supplies,3266.78,2,632.97,20-05-2025
5526,3936,South,Electronics,974.03,7,42.8,27-07-2024
5527,1348,West,Electronics,4846.58,1,1.57,10-02-2025
5528,4522,North,Furniture,1834.73,5,1271.34,21-03-2024
5529,4947,West,Office Supplies,1713.51,8,870.83,25-11-2024
5530,2676,South,Office Supplies,1908.89,6,582.78,16-04-2024
5531,2196,South,Electronics,549.43,3,-138.52,09-10-2025
5532,1009,South,Furniture,3162.32,7,1367.34,13-03-2025
5533,3787,East,Furniture,1269.26,3,439.35,14-01-2024
5534,4336,South,Furniture,4036.23,5,508.3,26-06-2025
5535,2461,North,Furniture,2031.37,7,292.68,21-11-2025
5536,4831,West,Furniture,2346.94,2,1315.19,05-02-2025
5537,4318,West,Furniture,3267.47,4,385.79,24-05-2025
5538,1666,East,Office Supplies,3833.17,2,96.22,06-03-2025
5539,3593,East,Electronics,1232.46,7,650.95,03-04-2024
5540,2522,North,Electronics,4834.84,3,1128.54,22-03-2024
5541,3176,South,Furniture,3149.38,9,431.28,22-11-2025
5542,4743,East,Office Supplies,127.63,6,908.48,05-09-2024
5543,1600,West,Office Supplies,2136.55,1,317.18,28-08-2024
5544,3652,East,Furniture,2240.41,8,1023.6,13-06-2024
5545,1326,East,Electronics,4064.91,7,936.83,17-04-2025
5546,4824,South,Furniture,1595.18,1,957.28,12-10-2024
5547,4906,East,Office Supplies,1723.01,3,898.04,30-01-2024
5548,1979,North,Furniture,445.42,3,65.73,03-04-2025
5549,3451,West,Electronics,1489.38,3,1309.58,30-10-2024
5550,1628,South,Electronics,3613.11,7,795.78,09-11-2025
5551,2629,West,Office Supplies,3210.31,6,450.06,14-12-2025
5552,4746,North,Furniture,498.83,2,92.97,28-08-2025
5553,4682,North,Furniture,662,5,1132.09,03-04-2025
5554,4696,East,Office Supplies,1946.94,6,665.38,15-01-2024
5555,4430,East,Furniture,3744.41,2,50.4,26-10-2024
5556,4674,East,Office Supplies,4181.3,1,1366.42,10-02-2025
5557,4929,West,Furniture,171.66,4,-19.66,17-02-2024
5558,3765,North,Electronics,1712.15,4,691.18,24-10-2025
5559,4088,South,Office Supplies,2178.88,4,837.99,23-04-2024
5560,1273,East,Furniture,4564.55,1,1498.27,30-03-2025
5561,1684,West,Furniture,2556.89,3,39.56,09-06-2025
5562,1115,East,Furniture,1421.53,7,843.05,13-12-2024
5563,1860,North,Office Supplies,2011.23,4,610.42,19-06-2024
5564,3003,South,Electronics,2238.53,2,237.09,04-03-2025
5565,1692,North,Furniture,3382.98,8,1401.76,09-02-2025
5566,4162,West,Office Supplies,301.33,1,1144.43,14-01-2025
5567,2105,East,Furniture,2008.31,9,1121,01-03-2024
5568,3371,North,Electronics,3268.12,5,1328.62,13-06-2025
5569,4008,West,Electronics,1488.28,2,1032.57,20-08-2025
5570,3161,East,Electronics,2999.58,4,661.46,19-07-2024
5571,2792,South,Office Supplies,1850.67,3,465.61,19-10-2025
5572,4129,North,Furniture,3817.73,7,997.03,26-02-2024
5573,1153,East,Office Supplies,396.93,6,824.78,25-03-2024
5574,2900,East,Furniture,4598.01,9,722.89,13-12-2025
5575,2427,East,Office Supplies,940.9,4,801.4,15-04-2024
5576,4699,East,Furniture,876.88,3,914.09,03-10-2025
5577,4926,North,Office Supplies,4219.15,7,1446.8,14-01-2024
5578,2289,East,Furniture,4359.49,6,1080.37,16-06-2025
5579,1314,West,Office Supplies,555.57,5,99.94,14-02-2024
5580,4786,North,Electronics,4552.72,7,593.51,29-06-2025
5581,2064,East,Office Supplies,1439.16,5,953.01,07-01-2025
5582,1104,North,Electronics,3131.25,9,98.61,11-03-2024
5583,2924,West,Electronics,436.11,4,1385.6,18-08-2024
5584,2913,West,Furniture,1965.24,1,-69.06,07-06-2025
5585,2216,North,Electronics,2308.55,5,838.67,02-05-2024
5586,2424,East,Electronics,3039.15,1,1459.09,09-03-2024
5587,4349,East,Furniture,2673.83,1,1037.38,20-04-2024
5588,3401,West,Office Supplies,2361.32,1,951.34,02-09-2024
5589,4063,East,Office Supplies,4802.24,1,1495.61,07-01-2025
5590,2772,West,Electronics,1006.61,8,1146.06,07-04-2024
5591,2960,East,Office Supplies,874.17,2,1449.5,17-11-2024
5592,3780,West,Electronics,3595.75,9,988.12,13-12-2025
5593,2603,South,Office Supplies,465.3,7,931.28,04-11-2025
5594,1708,East,Office Supplies,2466.17,3,1096.36,23-05-2025
5595,4327,East,Office Supplies,2471.86,9,120.88,10-01-2025
5596,1650,East,Electronics,1619.12,4,1169.83,02-11-2025
5597,3871,North,Furniture,4659.17,7,1449.24,19-05-2024
5598,1946,East,Office Supplies,1484.46,3,839.79,15-01-2025
5599,1660,North,Office Supplies,1513.37,5,-179,06-02-2025
5600,3146,North,Office Supplies,1248.07,4,-77.44,29-10-2024
5601,3635,West,Electronics,814.36,6,199,14-06-2024
5602,3329,North,Furniture,1883.65,9,634.87,22-09-2024
5603,4954,North,Electronics,3436.35,5,503.38,20-12-2024
5604,3450,South,Office Supplies,3736.6,1,1464.66,06-07-2025
5605,2132,East,Electronics,4085.75,5,1407.5,24-02-2024
5606,1699,North,Office Supplies,1067.97,5,467.63,16-08-2024
5607,3246,East,Office Supplies,274.6,9,1150.34,11-08-2024
5608,4374,North,Electronics,4875.96,8,881.82,17-07-2024
5609,3038,West,Office Supplies,170.23,5,213.33,18-09-2025
5610,3374,South,Office Supplies,4807.33,5,1383,09-09-2024
5611,3201,North,Furniture,4161.19,2,241.18,14-12-2025
5612,1551,East,Electronics,4569.17,9,1279.58,08-07-2025
5613,4716,West,Electronics,1997.21,4,883.99,08-11-2025
5614,1404,East,Office Supplies,1066.29,7,855.92,03-06-2024
5615,1461,West,Office Supplies,3071.67,6,1225.3,18-09-2025
5616,3179,South,Electronics,3732.13,5,640.33,18-11-2025
5617,3838,West,Electronics,741.22,5,1250.74,23-07-2025
5618,1873,East,Electronics,4008.35,7,735.39,27-11-2024
5619,1083,East,Office Supplies,1122.11,2,1473.9,11-02-2025
5620,2422,North,Furniture,2509.22,9,921.88,18-05-2025
5621,3801,West,Furniture,4296.76,2,435.9,24-11-2025
5622,3675,East,Office Supplies,1047.78,9,1097.72,17-09-2025
5623,4180,North,Office Supplies,1285.23,4,666.83,16-11-2025
5624,1220,South,Office Supplies,407.58,6,1170.24,17-03-2025
5625,4975,East,Electronics,818.41,1,1216.89,12-09-2024
5626,3600,North,Office Supplies,817.98,5,848.75,19-02-2025
5627,2391,East,Electronics,1096.79,6,1282.72,03-02-2025
5628,4218,West,Furniture,1502.38,9,485.83,30-03-2024
5629,1111,North,Office Supplies,4093.42,9,-102.46,20-05-2024
5630,1614,West,Office Supplies,4587.24,9,926.5,06-01-2024
5631,2581,South,Electronics,2090.77,3,1099.57,05-12-2024
5632,3971,West,Electronics,728.22,4,-76.24,06-08-2024
5633,4565,North,Electronics,1196.67,8,1110.55,01-08-2025
5634,4576,East,Furniture,3707.41,8,886.57,25-10-2025
5635,1474,North,Furniture,3419.39,2,-2.1,27-09-2024
5636,3883,West,Office Supplies,4839.32,8,717.9,03-03-2024
5637,2913,West,Office Supplies,170.99,7,-15.14,16-06-2025
5638,1270,East,Electronics,3778.72,9,346.75,27-05-2025
5639,3468,South,Furniture,2578.39,5,1166.77,11-09-2024
5640,2920,North,Office Supplies,4523.2,2,-28.66,05-05-2024
5641,3754,East,Electronics,2923.22,5,580.96,26-03-2025
5642,2390,East,Electronics,2288.67,2,829.71,09-02-2025
5643,4351,East,Furniture,3362.67,5,1398.87,14-12-2025
5644,4354,North,Furniture,4184.26,9,1053.35,11-09-2025
5645,1039,North,Office Supplies,1484.24,7,36.72,23-12-2024
5646,2982,North,Office Supplies,626.88,7,1447.08,28-03-2024
5647,3236,South,Electronics,2221.79,1,612.53,25-01-2025
5648,4235,East,Electronics,1151.15,9,428.52,03-01-2025
5649,1993,West,Electronics,2204.75,6,18.81,19-11-2025
5650,3012,West,Office Supplies,4956.14,7,1386.92,02-10-2025
5651,4607,East,Furniture,2913.2,2,796.55,22-03-2025
5652,3583,West,Office Supplies,3498.64,1,1479.58,15-11-2024
5653,4075,South,Furniture,3421.85,4,95.57,29-09-2024
5654,4906,South,Office Supplies,4121.43,9,727.92,12-10-2025
5655,1289,North,Office Supplies,4726.23,9,-13.19,28-09-2025
5656,3480,North,Furniture,3328.21,3,691.27,05-06-2025
5657,3518,North,Office Supplies,2432.86,1,1312.65,31-07-2025
5658,4252,North,Office Supplies,1657.37,2,-14.15,16-01-2024
5659,4319,North,Electronics,1865.34,9,258.4,02-01-2025
5660,3675,West,Furniture,1738.95,9,960.08,07-09-2024
5661,1278,West,Furniture,1689.88,1,-70.31,25-12-2024
5662,3924,North,Electronics,3503.66,9,571.77,18-08-2024
5663,1580,South,Furniture,2979.77,1,366.2,09-09-2024
5664,1862,West,Electronics,1089.78,4,1224.85,03-09-2025
5665,1253,South,Furniture,4851.17,5,-116.57,28-08-2025
5666,1180,South,Furniture,2195.86,8,1267.77,27-01-2025
5667,4901,East,Furniture,2873.82,5,996.17,31-05-2025
5668,1680,East,Furniture,3542.74,5,305.22,02-06-2025
5669,1824,North,Electronics,3107.02,4,136.21,28-04-2025
5670,4580,South,Electronics,1624.15,9,1415.3,05-03-2024
5671,4832,West,Furniture,4008.76,8,741.64,06-08-2024
5672,1699,East,Office Supplies,639.75,9,386.12,26-07-2024
5673,3613,East,Electronics,2888.08,7,-124.4,24-06-2024
5674,2349,South,Furniture,1439.25,7,81.83,12-12-2025
5675,2380,East,Electronics,3117.24,5,816.88,28-02-2025
5676,4896,East,Office Supplies,1168.17,1,672.29,10-01-2024
5677,2673,West,Office Supplies,3883.78,6,1087.94,10-11-2025
5678,3727,South,Office Supplies,1214.93,6,1219.22,15-10-2024
5679,3438,East,Furniture,4462.92,4,475.2,06-09-2025
5680,2638,South,Furniture,4321.62,2,-28.42,16-01-2024
5681,2957,East,Office Supplies,1875.73,1,1145.6,23-11-2024
5682,4156,West,Electronics,1990.52,3,741.36,28-06-2025
5683,4388,South,Electronics,3537.37,9,1465.65,30-06-2025
5684,1211,East,Office Supplies,542.83,1,1153.79,01-07-2024
5685,2538,West,Furniture,496.51,5,359.42,11-04-2024
5686,1383,East,Electronics,767.99,6,528.43,27-11-2024
5687,2714,South,Electronics,2856.13,9,200.48,19-03-2024
5688,1341,East,Electronics,830.11,1,670.4,17-01-2024
5689,2838,South,Furniture,1460.32,5,1008.23,04-01-2025
5690,2987,South,Office Supplies,3269.87,1,841.23,21-01-2024
5691,1843,East,Furniture,176.56,2,381.54,08-02-2025
5692,4109,West,Electronics,983.16,2,1199.61,17-01-2024
5693,2534,North,Office Supplies,4656.66,5,-21.4,10-08-2025
5694,1419,West,Furniture,3351.53,4,42.34,07-03-2025
5695,3798,West,Office Supplies,1597.2,6,487.07,09-07-2025
5696,4240,East,Electronics,321.99,5,993.81,23-02-2025
5697,2988,West,Furniture,2971.64,2,980.12,28-01-2024
5698,2932,West,Office Supplies,1192.04,9,423.09,25-01-2024
5699,4414,North,Furniture,4804.86,8,984.23,19-07-2024
5700,2849,West,Electronics,3466.11,9,-97,29-10-2024
5701,1305,North,Office Supplies,4873.21,6,293.04,04-09-2025
5702,4613,East,Electronics,4259.6,5,979.41,05-10-2024
5703,3749,North,Office Supplies,2466.83,5,112.87,15-03-2024
5704,1868,South,Electronics,3380.86,2,161.61,05-03-2024
5705,3584,South,Electronics,4079.33,4,-52.3,11-09-2024
5706,2135,North,Furniture,2933.07,2,419.6,28-09-2024
5707,2434,South,Electronics,401.29,2,1202.38,27-09-2025
5708,1205,East,Furniture,2405.19,8,1221.81,15-07-2025
5709,4256,South,Electronics,739.81,4,1266.02,08-06-2025
5710,4453,North,Electronics,3602.75,4,-137.6,01-12-2024
5711,1495,East,Electronics,3435.08,7,1488.93,26-07-2024
5712,4450,South,Office Supplies,4965.25,4,654.49,04-02-2024
5713,4118,East,Furniture,3181.17,9,1283.64,23-04-2024
5714,2909,North,Office Supplies,4020.68,9,1338.69,01-02-2024
5715,4811,South,Furniture,1414.61,3,674.65,04-06-2024
5716,4622,East,Electronics,1766.12,6,-113.15,18-05-2025
5717,4599,East,Office Supplies,4593.42,7,815.7,18-12-2024
5718,3551,South,Furniture,3800.44,3,367.96,29-10-2024
5719,2045,East,Electronics,3310.82,4,151.5,27-04-2024
5720,1212,East,Furniture,1344.74,1,110.25,04-02-2024
5721,1309,North,Furniture,3523.03,9,750.75,15-11-2024
5722,3708,North,Electronics,4445.14,7,-22.39,05-08-2024
5723,2991,North,Office Supplies,1230.91,7,1196.8,24-09-2024
5724,3800,North,Electronics,3560.01,9,186.4,23-11-2025
5725,1271,North,Office Supplies,2029.1,6,733.79,13-02-2024
5726,4642,North,Furniture,681.96,8,13.28,22-06-2024
5727,2822,South,Furniture,3840.96,5,1261.37,16-07-2024
5728,3985,North,Furniture,918.97,8,976.55,28-10-2024
5729,4273,East,Office Supplies,1339.19,1,151.09,08-04-2024
5730,3079,South,Electronics,3936.42,3,1016.76,08-02-2025
5731,1442,East,Office Supplies,3736.45,4,-59.07,22-12-2025
5732,3209,North,Furniture,1345.5,9,1112.77,12-12-2025
5733,3814,North,Furniture,4710.73,8,633.59,30-10-2024
5734,1253,East,Electronics,1154.9,8,4.31,26-05-2024
5735,1520,East,Office Supplies,4968.75,2,735.81,24-12-2025
5736,1976,East,Furniture,3715.71,7,141.47,22-01-2025
5737,4722,West,Office Supplies,2023.29,3,943.71,27-06-2025
5738,4551,West,Office Supplies,738.71,6,1004.65,11-12-2024
5739,1009,West,Electronics,1670.5,4,1093.43,04-06-2024
5740,3773,West,Electronics,1049.32,6,1321.28,10-08-2025
5741,3552,South,Furniture,3147.01,4,913.4,17-03-2025
5742,3832,North,Electronics,1848.59,3,636.01,20-07-2024
5743,4907,East,Office Supplies,1545.54,2,1252.18,21-05-2024
5744,2583,North,Electronics,3809.95,4,1329.73,13-04-2024
5745,3483,East,Office Supplies,1229.94,2,1128.98,02-08-2024
5746,2134,North,Furniture,2975.76,7,1402.13,04-11-2024
5747,1152,South,Office Supplies,1053.52,1,1465.04,17-04-2024
5748,2658,West,Electronics,3602.51,1,227.23,04-04-2025
5749,3964,North,Electronics,3163.1,5,112.28,20-06-2025
5750,3916,East,Furniture,4010.95,7,562.61,16-08-2024
5751,4173,North,Electronics,435.64,1,1494.78,18-09-2025
5752,3800,South,Furniture,1129.52,4,-49.6,26-07-2024
5753,2856,South,Furniture,856.86,5,1010.39,02-12-2025
5754,2214,North,Electronics,1033.75,2,1246.42,27-12-2025
5755,2752,West,Office Supplies,604.77,7,1493.96,04-06-2025
5756,3610,East,Furniture,2854.2,4,853.51,10-09-2025
5757,4875,South,Office Supplies,3007.81,8,446.16,18-12-2025
5758,2104,South,Electronics,4233.1,1,83.04,08-02-2025
5759,3536,North,Office Supplies,2146.92,1,1469,29-06-2024
5760,1894,South,Office Supplies,2708.69,1,1371.15,02-10-2025
5761,2111,South,Office Supplies,4957.39,4,1167.68,15-11-2025
5762,4265,East,Office Supplies,2706.04,1,1404.42,04-06-2024
5763,1103,West,Electronics,2910.52,5,-96.55,21-01-2025
5764,4854,East,Electronics,4980,6,873.54,11-04-2024
5765,4167,West,Office Supplies,4971.23,7,267.15,25-04-2024
5766,4494,East,Electronics,2177.75,8,1101.51,15-04-2025
5767,2914,North,Electronics,3211.24,8,-37.28,10-11-2025
5768,4269,South,Furniture,2455.93,2,239.82,04-01-2024
5769,4072,West,Electronics,3631.51,4,1245.43,16-07-2024
5770,2006,North,Office Supplies,4698.09,7,1074.06,22-07-2024
5771,1406,South,Electronics,1617.33,9,1486.44,30-01-2025
5772,2401,South,Electronics,4112.49,9,894.77,12-01-2025
5773,1166,South,Electronics,3308.76,3,315.23,27-07-2025
5774,1508,East,Electronics,1472.91,7,731.4,05-08-2025
5775,2661,North,Furniture,4006.77,4,1404.74,26-08-2025
5776,3360,North,Office Supplies,2192.95,9,908,18-04-2025
5777,4664,South,Office Supplies,689.95,7,1298.55,18-11-2025
5778,4489,West,Electronics,4967.74,6,-161.09,25-01-2025
5779,1762,North,Electronics,2185.67,9,428.24,27-11-2025
5780,1680,East,Furniture,2753.61,7,1390.02,21-07-2025
5781,3524,West,Electronics,4059.01,8,-133.21,01-08-2025
5782,3120,West,Furniture,4808.29,5,682.47,11-03-2025
5783,2164,West,Office Supplies,4377.15,4,389.1,03-03-2024
5784,1581,West,Office Supplies,2672.76,1,898.55,06-07-2025
5785,1261,North,Furniture,2773.91,8,75.78,24-10-2025
5786,2363,South,Office Supplies,1476.35,6,910.61,23-06-2024
5787,2331,West,Electronics,2367.73,4,1486.13,31-08-2025
5788,3292,East,Electronics,4739.51,3,260.98,05-02-2024
5789,2538,East,Furniture,3662.01,5,584.43,14-01-2024
5790,4408,South,Office Supplies,158.2,4,-149.51,13-06-2024
5791,4646,North,Office Supplies,670.88,7,537.88,29-06-2024
5792,1560,South,Furniture,4626.68,6,490.19,15-02-2025
5793,2099,West,Furniture,4258.72,3,760,11-07-2024
5794,2903,North,Office Supplies,2482.21,1,236.51,29-10-2024
5795,1174,North,Furniture,3123.19,7,358.71,11-12-2025
5796,3156,West,Electronics,1519.27,5,836.82,02-09-2024
5797,3230,East,Office Supplies,3984.87,1,1344.41,11-02-2025
5798,1191,West,Furniture,3056.26,1,199.84,14-01-2024
5799,1064,South,Furniture,3504.65,6,951.68,06-03-2025
5800,4920,West,Furniture,1937.06,4,690.6,19-03-2024
5801,4010,East,Office Supplies,2209.15,8,-22.16,01-01-2024
5802,2497,West,Electronics,1117.64,2,761.24,08-10-2025
5803,4854,South,Electronics,4745.46,4,1004.97,10-04-2025
5804,4171,South,Office Supplies,4738.13,8,817.03,25-05-2025
5805,2567,East,Furniture,4106.98,8,-22.5,09-05-2025
5806,3911,South,Office Supplies,4684.22,5,1252.72,24-04-2024
5807,2151,South,Office Supplies,3360.11,3,-130.29,29-07-2025
5808,4523,West,Furniture,1249.79,4,201.21,30-09-2024
5809,2937,North,Office Supplies,3825.03,3,846.71,22-03-2025
5810,1368,South,Electronics,1693.85,2,170.62,08-12-2025
5811,1850,South,Office Supplies,2258.36,4,-26.94,01-11-2024
5812,1042,East,Furniture,1444.32,9,670.26,19-11-2024
5813,2907,East,Office Supplies,2175.75,6,1028.18,25-08-2025
5814,4490,West,Electronics,3428.66,4,498.28,01-02-2025
5815,3535,West,Office Supplies,641.99,1,987.38,12-08-2025
5816,1077,South,Office Supplies,615.51,7,1263.11,25-01-2025
5817,3873,North,Office Supplies,3450.47,2,1429.95,07-11-2024
5818,2824,North,Office Supplies,3919.95,6,196.55,14-01-2024
5819,2293,West,Furniture,2802.19,1,829.11,18-06-2024
5820,1673,East,Electronics,990.04,7,253.69,18-04-2024
5821,1700,South,Electronics,2210.71,4,1280.56,12-02-2024
5822,1758,South,Electronics,3815.06,3,1313.49,23-12-2024
5823,2923,North,Office Supplies,3460.09,7,347.67,19-04-2025
5824,3775,West,Electronics,638.34,3,897.08,15-03-2024
5825,4386,North,Furniture,4848.82,8,1309.05,02-11-2024
5826,3972,North,Office Supplies,1194.48,4,664.22,19-05-2025
5827,4922,West,Office Supplies,1179.91,3,1024.8,20-03-2024
5828,1901,East,Electronics,2353.3,7,1161.45,14-11-2025
5829,3936,South,Office Supplies,1703.49,7,1282.22,08-05-2025
5830,1992,East,Office Supplies,4921.53,9,675.85,15-09-2024
5831,2191,West,Electronics,474.8,7,1401.1,18-05-2025
5832,3386,West,Furniture,1601.55,6,869.22,23-11-2024
5833,3240,South,Furniture,1975.34,3,57.94,17-09-2025
5834,2476,East,Electronics,2517.95,4,841.18,20-04-2024
5835,3330,South,Furniture,180.39,8,307.41,28-05-2025
5836,4407,North,Furniture,503.57,6,432.55,24-06-2025
5837,1389,North,Furniture,1363.27,9,1175.06,03-09-2024
5838,1999,North,Office Supplies,2814.61,8,1454.69,08-08-2024
5839,1524,East,Office Supplies,3862.08,8,1278.75,29-08-2025
5840,4311,North,Office Supplies,3463.83,7,353.87,10-11-2024
5841,2855,South,Furniture,2878.42,1,571.22,29-01-2025
5842,2506,East,Office Supplies,2046.44,5,1471.95,24-04-2025
5843,1658,South,Furniture,4366.4,7,1370,24-01-2024
5844,3763,West,Electronics,2352.89,9,1460.81,02-11-2025
5845,4663,East,Furniture,1566.34,4,535.96,24-11-2025
5846,1890,South,Office Supplies,3183.74,8,1160.96,28-08-2024
5847,4626,South,Furniture,3491.36,1,1281.07,26-11-2025
5848,2481,East,Office Supplies,2052.5,4,-124.75,17-12-2024
5849,4160,West,Office Supplies,237.9,4,252.35,18-12-2024
5850,4731,East,Electronics,561.24,2,1301.92,15-12-2024
5851,4166,North,Electronics,4243.43,3,460.86,03-04-2024
5852,1451,North,Office Supplies,377.08,3,273.66,22-11-2024
5853,3475,West,Furniture,3000.9,9,263.58,20-12-2025
5854,4222,South,Electronics,1000.18,7,438.19,22-02-2024
5855,2537,South,Electronics,1221.74,2,214.74,04-01-2025
5856,4447,South,Office Supplies,1439.34,9,-194.28,03-04-2024
5857,4093,East,Furniture,287.63,8,93.41,01-09-2025
5858,1882,East,Electronics,968.45,6,1300.38,20-03-2025
5859,1312,West,Electronics,3287.45,6,-71.4,21-09-2025
5860,1839,North,Furniture,2543.71,2,502.1,16-10-2024
5861,3566,South,Electronics,4006.91,3,576.03,23-12-2024
5862,4277,North,Furniture,400.09,6,1122.86,01-03-2024
5863,1374,East,Office Supplies,4455.6,3,229.4,23-04-2025
5864,1450,East,Electronics,4982.35,7,326.39,08-09-2024
5865,4697,East,Office Supplies,177.13,5,-175.73,19-07-2025
5866,4855,North,Furniture,4841.44,4,1334.81,29-06-2024
5867,4062,West,Office Supplies,1255.73,8,965.45,27-05-2024
5868,1594,West,Office Supplies,3493.46,2,246.84,15-02-2024
5869,4250,East,Office Supplies,1533.17,3,1308.78,27-04-2024
5870,2233,South,Furniture,2656.88,4,-52.81,02-04-2024
5871,1499,North,Furniture,2601.05,6,426.27,26-06-2025
5872,1463,East,Furniture,1869.42,5,758.12,31-07-2024
5873,4911,North,Furniture,3615.98,5,659.37,02-06-2024
5874,4195,North,Furniture,3038.22,7,913.34,23-04-2025
5875,1112,West,Electronics,2590.56,8,305.91,22-03-2025
5876,2035,East,Electronics,4915.91,6,1088.33,04-10-2024
5877,4197,West,Electronics,4706.05,3,489.26,08-11-2024
5878,4636,East,Office Supplies,4781.64,4,13.01,16-03-2025
5879,3378,North,Office Supplies,4418.49,1,1058.68,07-09-2025
5880,2924,West,Furniture,1350.26,5,1350.3,02-06-2024
5881,4354,North,Furniture,1814.88,8,419.52,03-06-2024
5882,1139,East,Electronics,1232.17,3,802.41,21-07-2025
5883,2424,South,Furniture,4932.27,4,969.3,20-06-2025
5884,3949,West,Office Supplies,848.04,4,1213.59,22-12-2025
5885,4168,West,Furniture,1895.91,6,136.59,28-09-2025
5886,1516,North,Electronics,1075.32,9,768.96,15-11-2025
5887,3616,North,Furniture,1194.92,3,1058.62,21-09-2025
5888,2947,South,Office Supplies,1310.73,4,138.51,04-02-2025
5889,3893,West,Electronics,3234.39,6,603.22,09-11-2024
5890,4140,East,Furniture,472.64,6,589.42,17-08-2025
5891,3165,East,Office Supplies,2905.4,7,1226.89,16-08-2025
5892,1887,West,Electronics,4114.5,1,1121.42,23-01-2024
5893,4130,West,Electronics,3855.97,9,194.28,09-10-2025
5894,4104,West,Office Supplies,840.74,2,196.02,01-11-2024
5895,2341,South,Furniture,4582.19,4,1029.7,03-02-2025
5896,1049,East,Furniture,3873.44,3,1057.34,23-08-2025
5897,4951,East,Furniture,125.98,3,104.13,17-12-2024
5898,4560,North,Electronics,3713.13,5,499.01,29-07-2024
5899,1018,North,Electronics,3713.37,7,1203.81,16-08-2025
5900,1725,West,Furniture,2534.4,7,-64.98,05-04-2024
5901,3244,North,Electronics,325.31,7,435.62,11-07-2025
5902,4962,South,Electronics,2941.54,3,895.72,08-03-2025
5903,2473,East,Office Supplies,3852.16,9,1110.85,25-12-2024
5904,3606,East,Furniture,1427.28,6,909.52,18-02-2024
5905,4750,North,Furniture,3368.63,8,475.79,22-10-2025
5906,1451,West,Furniture,1834.24,1,1486.32,09-08-2025
5907,3336,North,Electronics,2911.89,4,-129.39,08-08-2024
5908,2164,West,Electronics,1984.37,7,641.08,06-01-2024
5909,2107,South,Electronics,1588.43,9,667.09,24-02-2024
5910,4765,East,Furniture,4293.98,3,207.64,15-01-2024
5911,3438,South,Electronics,3793.81,6,749.8,06-06-2025
5912,4662,East,Furniture,1792.7,8,174.1,17-01-2025
5913,1214,South,Electronics,2229.7,3,553.8,15-06-2024
5914,2549,North,Furniture,3489.35,6,533.78,10-01-2025
5915,3262,South,Office Supplies,4074.29,9,1114.31,14-03-2024
5916,4474,South,Electronics,3453.27,9,1402.41,07-11-2025
5917,1127,North,Furniture,2750.56,6,144.83,03-07-2024
5918,2845,East,Office Supplies,4776.49,5,1485.58,28-03-2024
5919,4548,East,Office Supplies,3893.3,1,1398.54,21-12-2024
5920,1759,North,Electronics,666.4,3,-8.49,05-03-2024
5921,3451,South,Furniture,2834.88,3,1351.02,29-09-2024
5922,4100,South,Electronics,2106.83,4,759.78,09-07-2024
5923,2815,South,Office Supplies,3995.18,5,1294.23,15-10-2025
5924,3385,West,Electronics,318.85,8,1407.58,07-02-2024
5925,3878,East,Furniture,2112.55,9,1260.14,08-01-2025
5926,3761,South,Office Supplies,1659.55,7,484.89,26-10-2025
5927,1360,East,Electronics,791.81,6,882.49,14-01-2025
5928,1568,South,Electronics,1956.14,3,590.11,06-02-2024
5929,2415,North,Electronics,3396.72,9,422.96,08-09-2024
5930,3265,North,Electronics,1872.22,1,226.21,14-05-2024
5931,2597,East,Electronics,2942.03,9,550.56,11-01-2024
5932,2692,East,Office Supplies,3004.78,3,1170.15,20-07-2024
5933,1201,North,Office Supplies,2976.84,9,1234.84,29-11-2024
5934,3064,West,Furniture,2694.71,1,1428.61,22-02-2025
5935,3369,North,Electronics,673.24,8,294.05,25-08-2024
5936,1517,South,Furniture,1170.43,6,905.68,23-02-2025
5937,4641,West,Office Supplies,4020.33,9,979.42,29-03-2025
5938,2348,North,Electronics,2561.59,4,125.26,03-11-2024
5939,2435,West,Furniture,3559.77,5,423.7,03-08-2025
5940,2341,West,Electronics,2892.55,6,381.84,18-06-2024
5941,1680,West,Electronics,289.58,9,1476.05,05-08-2025
5942,2988,East,Furniture,4001.45,6,1429.24,28-05-2024
5943,4153,North,Office Supplies,415.19,9,1197.01,15-05-2025
5944,4545,East,Furniture,4721.55,2,603.82,16-08-2025
5945,2491,East,Furniture,1155.35,4,248.92,27-05-2025
5946,1424,South,Furniture,2610.79,3,1357.14,27-03-2025
5947,2968,South,Electronics,411.58,4,255.67,05-06-2025
5948,4802,West,Office Supplies,4485.17,1,687.3,15-03-2025
5949,2712,West,Office Supplies,4901.71,2,216.62,26-05-2024
5950,4275,South,Electronics,816.83,4,1451.14,24-10-2024
5951,4654,South,Office Supplies,1549.35,4,-129.01,28-08-2025
5952,4066,North,Furniture,177.78,5,96.39,04-01-2025
5953,3434,West,Office Supplies,3956.13,9,1100.58,20-08-2024
5954,1777,West,Electronics,1626.18,1,57.46,21-10-2025
5955,3145,South,Office Supplies,2985.3,8,1464.89,03-05-2024
5956,4416,North,Electronics,292.17,3,346.3,14-02-2025
5957,2826,South,Furniture,3605.76,9,1361.7,04-09-2024
5958,1207,South,Electronics,2694.08,8,925.87,06-04-2025
5959,2537,East,Office Supplies,3652.4,8,878,16-01-2025
5960,2659,West,Furniture,3968.87,9,1356.13,07-04-2024
5961,4863,North,Office Supplies,537.29,4,672.57,15-04-2024
5962,3633,East,Electronics,2932.65,5,481.32,08-11-2025
5963,3213,West,Furniture,3284.73,7,169.96,25-03-2025
5964,1021,South,Electronics,2631.92,2,45.71,22-04-2024
5965,1153,North,Office Supplies,993.81,7,1146.01,23-07-2025
5966,2962,West,Electronics,3998.43,3,17.5,24-04-2025
5967,4510,South,Office Supplies,4987.55,6,469.83,13-04-2025
5968,4366,East,Office Supplies,4849.42,6,495.67,31-12-2024
5969,1218,North,Furniture,3909.89,6,929.65,04-12-2024
5970,1668,West,Furniture,2148.73,2,273.47,24-06-2024
5971,2518,East,Electronics,1752.77,9,1224.99,22-10-2024
5972,3277,South,Office Supplies,435.87,8,152.72,17-09-2025
5973,3067,South,Office Supplies,2139.8,7,1141.55,03-04-2024
5974,3600,West,Furniture,864.64,9,1244.59,20-12-2024
5975,1949,South,Furniture,1346.24,4,128.41,08-03-2024
5976,3195,North,Furniture,4470.25,2,1176.01,28-05-2024
5977,4179,West,Furniture,4845.78,4,1013.36,05-01-2024
5978,1402,East,Electronics,4747.94,3,1286.44,02-09-2024
5979,1595,West,Electronics,1047.44,2,666.95,06-11-2025
5980,4554,West,Electronics,4514.38,2,197.56,08-10-2025
5981,3414,East,Electronics,793.38,8,1350.47,19-03-2025
5982,4905,South,Furniture,2587.54,5,1143.07,02-07-2024
5983,2437,East,Electronics,3253.95,6,-164.32,13-10-2024
5984,4380,North,Electronics,2366.09,8,1397,30-07-2024
5985,3849,South,Electronics,4764,7,1412.49,20-06-2025
5986,3965,West,Furniture,1732.74,7,404.02,26-11-2025
5987,4906,South,Office Supplies,2684.15,7,-182.97,04-08-2024
5988,2157,South,Furniture,469.7,7,739.31,29-04-2025
5989,2742,North,Office Supplies,4275.9,8,1353.25,30-11-2024
5990,2306,South,Office Supplies,2125.48,1,11.55,04-11-2025
5991,4849,South,Electronics,3532.61,3,803.87,20-06-2024
5992,1072,South,Electronics,3443,1,1044.01,02-06-2025
5993,1480,West,Electronics,3413.69,8,28.97,06-09-2025
5994,4423,South,Furniture,2584,2,672.56,02-11-2024
5995,1559,East,Furniture,1459.84,7,-49.03,01-06-2024
5996,4397,South,Electronics,3162.96,6,748.81,01-05-2025
5997,1744,North,Furniture,4812.78,1,551.6,12-11-2025
5998,2466,South,Furniture,4186.35,6,249.99,14-02-2025
5999,1099,South,Office Supplies,632.96,9,1250.24,24-02-2025
6000,2082,West,Furniture,213.62,3,449.04,06-11-2024
6001,3555,East,Office Supplies,2544.96,7,989.69,01-05-2025
6002,3305,South,Electronics,3901.56,4,1144.16,14-05-2025
6003,1412,East,Furniture,1638.12,1,103.67,21-07-2025
6004,4523,North,Office Supplies,3536.07,7,2.49,01-04-2024
6005,2088,West,Furniture,4666.41,1,-186.68,04-11-2025
6006,3642,East,Office Supplies,2349.02,4,319.87,30-10-2025
6007,2177,West,Office Supplies,1296.38,9,1187.12,07-05-2025
6008,3008,South,Furniture,4597.01,5,1113.7,18-11-2025
6009,3313,North,Electronics,2414.09,7,1282.07,12-03-2024
6010,1820,West,Office Supplies,2098.41,7,1093.02,17-03-2024
6011,4150,South,Electronics,1831.47,3,-159.21,15-02-2024
6012,4386,East,Furniture,2172.78,8,455.38,29-05-2025
6013,1661,North,Furniture,3400.92,1,-189.92,29-11-2024
6014,3994,North,Electronics,2225.23,4,-138.71,02-08-2024
6015,1559,East,Furniture,1688.7,4,613.55,17-03-2024
6016,3964,East,Office Supplies,3743.82,2,412.01,03-05-2025
6017,3938,North,Electronics,1094.56,6,749.49,18-08-2024
6018,2271,West,Furniture,1089.48,1,-87.53,19-02-2024
6019,2813,North,Furniture,3512.53,3,800.11,22-10-2025
6020,3915,East,Electronics,4346.86,9,-89.5,16-04-2024
6021,1609,West,Office Supplies,1281.93,6,520.26,07-03-2025
6022,3461,South,Electronics,1036.51,2,399.01,28-11-2025
6023,1024,North,Furniture,3384.5,9,180.71,12-05-2025
6024,3028,East,Furniture,3141.93,2,330.35,07-01-2024
6025,1283,South,Electronics,2291.54,7,-199.11,18-10-2024
6026,2472,North,Office Supplies,569.72,1,350.96,07-12-2024
6027,3928,North,Office Supplies,549.75,5,-66.71,06-10-2024
6028,1300,West,Office Supplies,3908.97,7,1366.21,19-06-2025
6029,2091,East,Electronics,2313.67,3,-73.63,07-11-2024
6030,2030,South,Office Supplies,4304.04,4,1420.28,25-12-2025
6031,1816,North,Office Supplies,2916.19,5,635.42,01-12-2025
6032,4208,West,Office Supplies,3131.82,3,672.39,05-05-2025
6033,4235,South,Office Supplies,4677.55,6,1139.81,17-03-2024
6034,1082,South,Furniture,906.62,3,982.15,03-05-2024
6035,2920,North,Electronics,2760.82,8,203,10-10-2024
6036,4721,South,Electronics,384.88,7,-156.71,02-11-2025
6037,4491,North,Office Supplies,1858.73,1,1123.36,26-04-2025
6038,4144,West,Electronics,825.68,2,20.56,11-08-2024
6039,4308,West,Electronics,1020.4,4,817.23,18-03-2024
6040,3093,South,Furniture,4680.49,5,1402.47,30-08-2025
6041,1617,North,Electronics,3092.34,4,734.05,10-07-2025
6042,3975,East,Furniture,4471.57,4,285.47,09-03-2024
6043,4871,West,Electronics,2273.25,9,103.96,08-04-2024
6044,3309,North,Furniture,3028.45,4,-154.19,08-03-2024
6045,1175,North,Furniture,257.26,4,859.52,18-03-2024
6046,2189,North,Electronics,2400.56,4,748.6,25-05-2024
6047,3704,South,Furniture,2863.88,2,584.93,15-03-2024
6048,1841,East,Furniture,182.21,8,129.41,28-05-2025
6049,1369,South,Electronics,3968.5,4,202.27,30-10-2025
6050,2818,West,Furniture,1547.57,5,1429.5,27-03-2024
6051,3101,South,Furniture,2317.19,8,-165.31,17-02-2024
6052,1689,North,Furniture,2724.59,4,417.84,30-07-2025
6053,4490,South,Furniture,4961.77,5,-134.02,11-02-2024
6054,2779,North,Furniture,586,5,125.67,13-05-2024
6055,4578,East,Office Supplies,2820.87,6,1386.33,15-08-2025
6056,2364,South,Furniture,2699.91,7,54.26,19-01-2024
6057,4198,South,Furniture,437.66,3,821.34,22-11-2025
6058,2432,South,Furniture,3206.3,3,389.81,29-04-2024
6059,4995,North,Furniture,1505.59,9,876.18,30-11-2024
6060,1366,North,Electronics,608.46,1,1248.64,14-06-2025
6061,4342,South,Office Supplies,975.35,8,287.13,10-03-2024
6062,1643,South,Electronics,4135.66,3,-66.34,09-03-2025
6063,4676,East,Office Supplies,610.21,5,147.11,07-07-2024
6064,3426,East,Furniture,2387.94,3,546.45,06-02-2025
6065,1072,West,Furniture,1056.84,1,675.61,28-08-2025
6066,4994,East,Office Supplies,895.37,5,1401.22,23-10-2025
6067,4993,East,Office Supplies,1107.99,8,-172.63,21-01-2025
6068,3962,East,Electronics,2514.64,5,1087.97,27-09-2025
6069,2271,North,Office Supplies,1265.16,4,-76.73,12-05-2024
6070,1859,East,Furniture,573.99,9,-67.53,09-08-2024
6071,4856,East,Electronics,4026.86,1,912.02,07-03-2024
6072,1042,South,Office Supplies,2745.12,5,1345.19,18-08-2024
6073,3424,North,Office Supplies,868.58,1,289.08,29-10-2025
6074,2064,West,Electronics,2410.01,6,257.82,29-05-2024
6075,3217,West,Office Supplies,434.98,9,850.11,18-04-2024
6076,3259,East,Furniture,2944.11,2,1119.68,04-03-2025
6077,2516,West,Electronics,1767.49,4,1277.23,09-05-2025
6078,4751,West,Office Supplies,607.29,8,224.5,06-09-2025
6079,3086,West,Furniture,999.85,3,1058.34,21-03-2024
6080,1368,East,Office Supplies,1793.94,7,322.26,09-09-2025
6081,3804,West,Electronics,4051.4,7,726.18,23-06-2025
6082,1150,East,Office Supplies,951.4,2,124.45,02-05-2025
6083,2134,South,Office Supplies,637.35,4,48.2,08-01-2024
6084,2503,South,Office Supplies,2628.1,1,1390.02,19-04-2025
6085,2459,West,Furniture,2837.62,8,730.24,10-09-2024
6086,2070,South,Furniture,542.18,9,-192.2,06-07-2025
6087,2023,East,Office Supplies,1493.97,1,1148.84,07-05-2025
6088,2598,South,Office Supplies,1387.54,7,974.48,26-10-2025
6089,3784,West,Electronics,1012.49,1,354,24-07-2025
6090,3040,East,Office Supplies,1646.63,1,588.74,23-07-2024
6091,2389,North,Electronics,281.83,9,564.8,15-06-2024
6092,1068,East,Furniture,3292.59,6,267.11,22-11-2024
6093,3346,South,Office Supplies,4943.59,1,1466.95,26-12-2025
6094,1943,North,Electronics,3206.83,7,724.6,12-08-2024
6095,1801,East,Furniture,1869.27,3,1325.38,05-03-2025
6096,3343,North,Electronics,3372.76,4,795.1,23-04-2025
6097,3250,North,Furniture,2900.43,4,973.31,18-04-2024
6098,1060,North,Office Supplies,4249.11,8,-149.78,20-02-2025
6099,1945,East,Electronics,3147.19,1,670.09,07-01-2025
6100,4010,South,Office Supplies,3206.97,8,1026.17,04-10-2024
6101,4901,East,Electronics,1186.15,9,7.17,14-02-2025
6102,2337,South,Furniture,2136.57,7,953.15,09-07-2024
6103,2184,East,Electronics,1787.64,1,-56.74,28-10-2025
6104,1330,East,Electronics,155.98,7,1171.94,21-01-2024
6105,2551,East,Office Supplies,1635.08,6,1462.23,05-11-2025
6106,1337,South,Office Supplies,2481.7,5,865.45,06-09-2024
6107,2629,East,Office Supplies,3039.26,5,-68.97,12-07-2025
6108,2327,North,Furniture,4679.39,1,797.48,15-07-2025
6109,2526,East,Office Supplies,1271.66,6,1059.47,09-01-2025
6110,2673,North,Electronics,846.9,4,1386.26,11-10-2025
6111,2361,West,Furniture,4360.28,1,-122.72,14-09-2025
6112,2573,West,Office Supplies,4715.05,8,1117.57,10-10-2024
6113,3686,South,Electronics,2490.98,8,25.39,11-11-2025
6114,1274,South,Electronics,664.56,4,1144,01-12-2025
6115,2187,West,Furniture,2478.4,7,1310.81,16-07-2025
6116,4514,East,Electronics,636.27,3,1264.11,03-06-2025
6117,3366,East,Office Supplies,4427.61,8,909.88,17-03-2025
6118,3636,East,Electronics,3569.94,7,651.3,20-03-2025
6119,3551,West,Office Supplies,1281.57,5,1286.8,20-02-2025
6120,4757,North,Office Supplies,4444.78,5,682.42,14-06-2025
6121,3434,South,Furniture,3225.72,9,123.19,25-06-2025
6122,2993,North,Electronics,4770.99,6,1402.82,06-04-2025
6123,1869,West,Furniture,4904.35,6,434.59,21-05-2024
6124,3880,North,Furniture,116.08,2,861.39,25-04-2024
6125,2014,East,Furniture,689.05,5,138.55,16-04-2024
6126,2911,East,Office Supplies,2779.92,4,-12.08,29-06-2025
6127,1602,North,Office Supplies,4783.68,3,736.77,26-06-2024
6128,4821,West,Office Supplies,4971.74,9,742.81,01-02-2024
6129,2799,North,Office Supplies,2880.3,7,428.56,24-10-2024
6130,1690,East,Electronics,951.63,4,329.96,09-06-2024
6131,1493,East,Electronics,898.95,9,436.09,15-02-2025
6132,1489,West,Office Supplies,3842.9,9,1151.75,17-09-2025
6133,3768,North,Office Supplies,3000.49,7,408.15,26-02-2025
6134,4144,East,Electronics,2788.99,5,1366.33,03-04-2024
6135,3556,East,Furniture,2382.25,9,-7.96,26-06-2025
6136,1389,North,Furniture,3653.16,7,1383.68,31-05-2024
6137,4690,North,Office Supplies,4304.47,9,972.23,06-04-2025
6138,4928,South,Furniture,1584.49,3,385.4,21-12-2024
6139,1294,West,Office Supplies,1182.5,9,-188.35,19-06-2025
6140,2392,West,Office Supplies,3383.98,1,1164.13,05-08-2024
6141,3843,North,Office Supplies,4582.19,5,1447.86,19-12-2024
6142,3912,West,Electronics,1805.97,2,1470.15,30-07-2025
6143,2717,East,Furniture,1435,1,519.79,27-12-2025
6144,3596,North,Electronics,1207.96,3,-80.14,04-02-2025
6145,1648,North,Furniture,1347.01,7,333.38,09-04-2024
6146,2873,North,Electronics,761.17,3,326.56,24-02-2025
6147,1567,South,Electronics,3024.21,9,-25.95,01-11-2024
6148,4258,West,Office Supplies,1476.05,3,692.02,06-09-2024
6149,3900,South,Office Supplies,3113.23,6,827.78,04-03-2025
6150,3817,East,Electronics,506.86,2,1038.99,02-10-2024
6151,1444,West,Furniture,665.74,8,-113.28,10-11-2024
6152,4641,South,Furniture,2727.1,5,268.18,10-11-2024
6153,1362,North,Office Supplies,2606.5,2,403.85,30-03-2024
6154,3170,South,Office Supplies,1430.4,7,1316.81,29-01-2025
6155,2211,North,Furniture,4152.94,3,1332.37,14-03-2025
6156,1741,South,Furniture,1016.53,5,241.95,07-09-2024
6157,3041,South,Furniture,1867.24,9,628.46,30-07-2025
6158,1679,South,Office Supplies,2822.01,1,522.09,23-08-2024
6159,3467,North,Furniture,4349.33,2,695.4,17-03-2024
6160,4697,South,Office Supplies,2150.9,5,286.4,23-07-2025
6161,4323,West,Electronics,2053.14,4,586.97,09-04-2024
6162,2642,West,Electronics,2939.73,1,47.13,05-04-2025
6163,2572,West,Electronics,1651.81,7,1006.24,01-02-2025
6164,2358,North,Furniture,3574.95,9,428.56,01-09-2024
6165,3139,North,Office Supplies,1318.61,1,722.11,15-01-2025
6166,4601,West,Furniture,4133.66,8,827.82,21-02-2024
6167,4937,West,Office Supplies,1434.53,9,1222.09,10-06-2024
6168,1062,West,Furniture,4964.24,2,-61.01,09-07-2024
6169,4733,East,Electronics,1650.67,1,620.66,01-05-2024
6170,3559,West,Office Supplies,4406.25,6,1319.92,14-02-2025
6171,2162,South,Furniture,2047.04,7,360.66,20-10-2024
6172,4769,East,Office Supplies,1305.67,2,555.69,02-09-2024
6173,4256,East,Office Supplies,1208.2,5,-55.37,02-07-2024
6174,2228,North,Furniture,4265.94,5,1076.14,24-03-2025
6175,3819,South,Furniture,1612.89,7,-55.46,11-12-2024
6176,4285,North,Office Supplies,1758.96,1,872.66,16-06-2024
6177,1255,North,Office Supplies,1065.27,8,436.22,07-09-2025
6178,1134,South,Electronics,4810.49,5,374.87,08-02-2025
6179,4644,North,Office Supplies,1299.25,3,795.36,19-02-2025
6180,1874,South,Electronics,1312.47,9,765.04,23-08-2025
6181,1821,South,Electronics,4725.1,3,489.27,07-06-2025
6182,3135,North,Electronics,4514.4,7,273.19,23-08-2025
6183,4907,West,Office Supplies,1319.66,7,663.89,27-10-2025
6184,4035,North,Electronics,4337.16,8,254.07,05-02-2024
6185,4278,East,Office Supplies,1324.13,8,-25.51,16-01-2024
6186,4200,North,Office Supplies,513.87,4,1158.56,24-07-2024
6187,1822,South,Furniture,4119.77,1,993.93,08-05-2025
6188,4074,East,Office Supplies,3880.63,4,-56.6,04-11-2025
6189,1973,South,Office Supplies,1543.87,6,76.43,12-12-2025
6190,3981,West,Electronics,541.68,6,-29.72,26-02-2025
6191,2777,West,Office Supplies,1111.55,6,1144.21,23-07-2024
6192,1120,East,Office Supplies,3878.18,7,1113.88,05-06-2024
6193,4456,West,Furniture,4827.26,1,493.66,18-02-2025
6194,2637,West,Furniture,1369.11,1,1196.38,25-10-2024
6195,4109,North,Electronics,4109.47,7,1455.73,19-01-2024
6196,2364,North,Electronics,1216.87,4,1449.79,13-05-2025
6197,2007,West,Furniture,3430.04,6,1467.46,17-05-2024
6198,1924,West,Furniture,509.71,6,1238.85,21-07-2025
6199,1644,North,Office Supplies,2967.95,9,168.88,30-11-2025
6200,3032,West,Electronics,1419.03,2,-102.39,12-02-2024
6201,3761,West,Electronics,4636.65,4,1179.82,30-10-2024
6202,3907,South,Office Supplies,1519.78,4,324.52,22-10-2024
6203,3068,West,Office Supplies,2052.36,7,374.18,16-10-2024
6204,1241,East,Electronics,4219.33,1,-75.91,31-12-2024
6205,3502,South,Furniture,2247.55,5,1015.01,16-09-2025
6206,4010,East,Furniture,1268.22,4,532.29,03-01-2025
6207,3668,West,Office Supplies,2782.97,2,147.25,08-05-2024
6208,3350,North,Electronics,4215.96,5,909.18,01-10-2024
6209,2619,South,Office Supplies,2222.57,9,1465.8,13-09-2024
6210,4666,North,Furniture,751.15,8,647.28,10-01-2025
6211,1802,South,Furniture,1977.13,9,830.83,28-03-2024
6212,1963,North,Office Supplies,4776.93,7,76.86,03-08-2024
6213,1068,South,Furniture,452.91,7,73.63,24-12-2024
6214,2152,South,Electronics,2101.38,2,579.01,25-04-2025
6215,1195,East,Office Supplies,3275.34,3,1236.09,10-10-2024
6216,3187,North,Office Supplies,484.74,8,1345.56,16-04-2024
6217,4515,East,Office Supplies,1790.27,2,890.98,27-04-2025
6218,3330,East,Furniture,4708.83,7,412.88,24-01-2024
6219,3359,North,Electronics,250.11,6,1075.07,19-08-2024
6220,1745,South,Office Supplies,3783.54,4,296.3,13-02-2024
6221,4606,East,Office Supplies,4222.74,4,173.24,20-01-2025
6222,2688,North,Furniture,1457.6,3,1152.23,25-04-2025
6223,1276,South,Electronics,1152.1,6,1077.24,18-03-2024
6224,1060,East,Office Supplies,4582.62,3,1299.58,13-11-2024
6225,4390,East,Furniture,3843.61,9,780.02,22-05-2024
6226,2913,East,Office Supplies,655.57,4,1324.41,27-12-2025
6227,3099,South,Furniture,1139.77,4,-154.99,30-05-2025
6228,4927,East,Electronics,3144.64,2,231.32,30-07-2024
6229,3200,South,Furniture,2155.14,2,1167.57,11-12-2025
6230,2772,West,Office Supplies,2570.45,7,520.22,27-05-2025
6231,2334,East,Office Supplies,4762.56,5,206.96,20-11-2024
6232,2837,West,Furniture,2159.15,3,1153.44,09-06-2025
6233,3591,North,Electronics,4420.24,6,1197.86,09-08-2024
6234,1566,East,Electronics,3337.65,6,575.64,30-04-2025
6235,4935,North,Office Supplies,695.94,1,593.21,30-03-2025
6236,4460,North,Office Supplies,3748.08,3,1127.59,17-04-2024
6237,2571,North,Furniture,2649.02,5,1111.26,01-05-2025
6238,1621,West,Furniture,1202.98,7,1273.16,04-01-2025
6239,3025,South,Furniture,1518.79,4,897.41,21-09-2025
6240,2200,West,Electronics,2830.93,8,116.02,27-01-2025
6241,4433,West,Electronics,3048.34,3,734.51,28-04-2024
6242,1313,North,Office Supplies,4844.06,6,450.05,23-05-2025
6243,3854,East,Office Supplies,4288.13,6,-154.03,19-12-2024
6244,3895,South,Office Supplies,1108.61,9,134.05,10-07-2025
6245,3144,North,Furniture,3892.56,4,149.48,29-09-2025
6246,3928,South,Electronics,140.63,7,-60.03,08-10-2025
6247,2236,West,Office Supplies,736.06,1,570.64,08-11-2024
6248,3876,South,Office Supplies,1078.53,1,663.66,04-03-2024
6249,1136,South,Office Supplies,3026.28,2,378.02,14-09-2024
6250,2029,East,Office Supplies,1053.96,4,501.01,06-01-2024
6251,4058,North,Office Supplies,1889.84,6,734.14,12-11-2024
6252,3156,South,Office Supplies,1289.62,4,4.82,21-02-2025
6253,3594,South,Electronics,1753.34,6,755.88,17-01-2024
6254,4110,West,Office Supplies,4718.01,2,1006.87,08-10-2024
6255,1661,West,Electronics,4987.14,9,1287.1,07-02-2025
6256,3472,South,Furniture,3460.04,3,312.68,06-07-2025
6257,3677,North,Electronics,2904.31,7,1070.6,17-03-2025
6258,3308,South,Furniture,3571.39,1,830.24,31-12-2024
6259,4497,South,Electronics,3881.1,8,654.76,20-12-2024
6260,1086,East,Electronics,3721.16,4,1363.24,20-12-2024
6261,3512,North,Office Supplies,501.27,5,854.01,05-11-2024
6262,3123,East,Electronics,1620.44,7,422.32,16-02-2025
6263,3518,North,Electronics,1782.81,3,1011.99,19-08-2024
6264,3461,North,Office Supplies,1909.35,9,1431.79,05-04-2025
6265,3872,North,Furniture,1787.14,9,1360.9,30-03-2024
6266,3942,East,Office Supplies,3956.75,8,1466.46,29-05-2024
6267,3773,East,Office Supplies,3763.26,1,-38.36,06-08-2025
6268,3504,East,Office Supplies,122.54,2,553.85,30-03-2025
6269,2308,West,Furniture,1552.27,2,535.57,23-01-2025
6270,4310,East,Electronics,3155.95,3,452.48,03-11-2024
6271,2700,West,Electronics,689.3,2,103.43,13-09-2024
6272,4670,West,Office Supplies,448.87,1,1214.74,10-07-2025
6273,3700,West,Office Supplies,4159.15,5,944.23,08-01-2025
6274,3719,South,Electronics,2318.15,6,830.18,05-07-2025
6275,4629,South,Electronics,4292.87,7,559.65,10-07-2024
6276,4443,South,Electronics,4135.41,7,460.49,06-06-2025
6277,1494,West,Furniture,4477.52,2,1136.99,16-01-2025
6278,2647,West,Furniture,336.55,7,695.62,11-03-2025
6279,2942,North,Office Supplies,1012.04,2,833.01,14-05-2024
6280,2068,West,Furniture,1551.1,2,-29.99,27-06-2024
6281,2424,South,Office Supplies,767.53,6,601.52,08-08-2024
6282,4318,West,Electronics,2478.8,6,21.54,09-08-2024
6283,4687,West,Electronics,4014.99,8,-108.48,04-07-2025
6284,1596,North,Office Supplies,4760.79,5,971.8,09-07-2025
6285,1449,West,Electronics,4458.91,5,267.18,08-11-2024
6286,1484,East,Office Supplies,2340.95,1,1440.59,21-10-2024
6287,1645,North,Office Supplies,3218.81,4,829.35,21-10-2025
6288,3667,West,Office Supplies,1230.41,1,896.78,17-06-2025
6289,4089,West,Furniture,2074.74,5,134.6,05-06-2024
6290,2629,North,Office Supplies,4368.79,8,19.1,27-03-2025
6291,1661,West,Office Supplies,243.07,1,693.19,03-01-2024
6292,1757,South,Office Supplies,2710.52,3,1373.45,19-07-2024
6293,1288,East,Furniture,4376.71,1,-105.23,23-01-2025
6294,4485,East,Electronics,697.85,6,663.89,18-11-2024
6295,1720,South,Furniture,4914.48,1,137.81,10-12-2024
6296,1637,West,Office Supplies,160.72,3,1129.37,19-02-2025
6297,3282,West,Furniture,4441.99,5,959.31,06-04-2024
6298,3463,East,Electronics,1833,5,-34.75,12-09-2025
6299,3985,West,Electronics,750.18,2,847.77,24-06-2025
6300,1498,East,Office Supplies,871.06,3,1472.12,24-12-2024
6301,4021,East,Electronics,3535.78,9,697.84,18-04-2024
6302,1633,South,Furniture,4366.53,1,285.26,25-03-2025
6303,2673,East,Furniture,3241.23,1,58.63,06-06-2025
6304,3030,West,Electronics,4650.75,2,1482.39,04-04-2024
6305,4067,West,Office Supplies,4228.15,8,758.49,11-05-2024
6306,1114,North,Office Supplies,144.26,6,436.99,27-08-2025
6307,3979,West,Furniture,3380.21,4,164.34,19-07-2025
6308,1673,North,Electronics,1592.71,7,1415.34,29-08-2024
6309,2736,East,Furniture,2327.05,6,865.95,11-01-2025
6310,2257,West,Furniture,560.75,9,-101.97,13-07-2024
6311,4611,South,Furniture,1482.29,6,-98.94,14-09-2024
6312,4082,South,Office Supplies,3200.16,2,1397.04,30-10-2024
6313,3253,South,Electronics,1170.07,3,1007.16,15-05-2025
6314,4750,East,Electronics,3272.93,9,-24.17,02-08-2025
6315,3294,East,Office Supplies,4622.86,7,860.39,08-07-2024
6316,4630,North,Furniture,124.21,6,513.03,01-10-2025
6317,3805,South,Furniture,3950.28,5,1140.79,04-12-2024
6318,4198,North,Office Supplies,3242.46,3,265.31,19-01-2024
6319,1146,North,Electronics,328.5,4,450.84,14-11-2025
6320,3165,West,Office Supplies,3971.82,1,84.57,18-02-2025
6321,4982,West,Electronics,1200.15,5,229.23,02-03-2024
6322,4453,South,Electronics,1402.52,7,121.56,07-03-2024
6323,1411,East,Electronics,558.23,2,-158.69,23-12-2025
6324,2687,West,Furniture,2718.46,8,-121.52,23-06-2024
6325,4655,East,Furniture,2541.3,6,1220.56,15-01-2025
6326,3410,North,Office Supplies,1801.16,3,1166.47,02-06-2025
6327,2532,North,Office Supplies,926.89,2,39.23,20-08-2024
6328,1136,North,Furniture,4205.97,8,935.42,11-12-2025
6329,4246,North,Office Supplies,4394.25,4,1067.6,17-06-2025
6330,4360,South,Furniture,2748.84,7,-112.83,15-12-2024
6331,4005,North,Furniture,1296.7,7,-49.48,04-05-2024
6332,4552,West,Electronics,570.94,9,757.13,07-08-2025
6333,1018,North,Electronics,4355.87,8,436.06,28-11-2025
6334,3242,East,Furniture,570.66,8,988.97,07-02-2024
6335,3377,West,Electronics,164.58,7,748.07,04-09-2024
6336,2959,East,Furniture,2400.05,5,-147.26,10-08-2025
6337,3222,East,Electronics,3683.23,9,962.25,20-05-2024
6338,2001,South,Office Supplies,2341.93,7,146.66,06-04-2024
6339,1448,South,Office Supplies,351.91,3,331.42,16-10-2025
6340,2948,East,Furniture,3481.14,6,1051.86,14-08-2025
6341,1945,East,Furniture,3247.43,3,1111.13,12-09-2024
6342,2377,North,Electronics,3439.5,6,387.88,19-12-2024
6343,2522,West,Electronics,1134.89,8,-48.31,19-04-2025
6344,1140,North,Furniture,3998.92,9,1108.44,10-06-2025
6345,3805,South,Office Supplies,2447.92,2,1279.36,02-01-2025
6346,2920,South,Office Supplies,2728.13,6,1439.33,18-06-2025
6347,3977,North,Furniture,2774.57,3,340.31,21-09-2024
6348,1092,West,Office Supplies,1505.35,7,10.55,02-11-2025
6349,1238,East,Furniture,1325.66,4,1394.02,31-10-2024
6350,1204,North,Electronics,123.35,5,479.6,30-08-2025
6351,3607,South,Office Supplies,2043.39,6,-40.99,04-03-2025
6352,2456,West,Office Supplies,2477,8,647.93,14-10-2024
6353,1244,South,Electronics,3739.74,2,123.89,19-10-2024
6354,1831,West,Electronics,426.47,4,403.97,06-02-2024
6355,4388,West,Office Supplies,4627.55,4,344.6,05-11-2025
6356,3972,West,Office Supplies,1393.4,6,1478.39,27-10-2024
6357,1294,North,Furniture,1896.93,4,887.17,15-05-2024
6358,3687,North,Furniture,336.98,5,636.06,02-05-2025
6359,1855,North,Office Supplies,3300.37,5,673.38,28-08-2024
6360,4353,West,Furniture,3573.72,8,826.95,23-06-2024
6361,3064,West,Electronics,4651.08,4,1283.68,21-09-2025
6362,1070,South,Furniture,1750.46,6,48.17,03-12-2024
6363,2292,East,Furniture,1361.11,7,819.38,24-12-2024
6364,2348,North,Office Supplies,3657.82,8,347.71,13-09-2024
6365,4865,West,Furniture,3563.32,9,771.38,27-03-2025
6366,1304,South,Office Supplies,4691.91,8,680.14,05-08-2024
6367,4522,South,Office Supplies,1106.06,4,-149.11,21-07-2024
6368,2030,South,Office Supplies,3555.93,4,790.19,16-10-2025
6369,2337,North,Electronics,427.66,5,1005.66,11-09-2024
6370,1816,North,Furniture,2453.8,3,218.2,05-04-2024
6371,2126,East,Furniture,685.01,2,-18.32,19-12-2025
6372,1820,South,Furniture,3300.42,2,159.8,13-12-2024
6373,1192,North,Office Supplies,3047.19,9,881.9,21-08-2025
6374,2776,South,Electronics,339.28,8,596.95,10-05-2024
6375,4645,West,Office Supplies,1666.13,6,1271.02,18-09-2025
6376,1528,South,Furniture,2035.66,9,284.48,14-10-2024
6377,3218,East,Office Supplies,1315.5,5,420.67,21-10-2025
6378,4608,North,Office Supplies,289.48,1,697.69,25-02-2024
6379,1250,West,Furniture,1662.23,8,582.03,29-11-2024
6380,2788,North,Office Supplies,3983.86,3,731.19,02-09-2025
6381,4458,West,Office Supplies,1864.53,9,330.55,25-07-2025
6382,4278,South,Electronics,1684.51,1,83.34,02-07-2024
6383,3588,South,Office Supplies,4714.59,3,1165.64,17-11-2025
6384,4700,East,Electronics,303.99,1,-133.2,25-10-2025
6385,3026,East,Furniture,3859.71,1,428.5,04-01-2024
6386,3463,West,Electronics,2467.16,6,-51.42,10-08-2025
6387,3841,East,Office Supplies,4727.87,4,1051.76,10-03-2025
6388,2403,East,Furniture,2028.01,4,421.37,27-05-2025
6389,2167,East,Office Supplies,3569.41,5,-148.92,28-01-2025
6390,3072,East,Office Supplies,442.68,3,-71.01,12-06-2024
6391,4893,South,Electronics,4650.98,2,137.62,12-01-2025
6392,3715,East,Office Supplies,1788.26,8,1137.76,17-02-2024
6393,2096,South,Electronics,2667.62,7,1158.62,13-06-2025
6394,3679,South,Furniture,778.56,4,1494.24,23-08-2025
6395,2847,North,Furniture,4733.23,2,209.57,27-11-2024
6396,4904,South,Office Supplies,3397.55,9,-97.26,04-06-2024
6397,4164,South,Electronics,364.34,8,281.32,23-11-2025
6398,1504,East,Office Supplies,860.51,4,103.99,13-05-2025
6399,2621,South,Office Supplies,2059.19,5,1007.66,09-01-2024
6400,3383,West,Office Supplies,1162.18,6,1447.71,31-05-2024
6401,3472,East,Office Supplies,1592.67,4,264.14,21-10-2025
6402,3546,East,Electronics,4987.71,2,358.68,18-04-2025
6403,2387,East,Office Supplies,3327.38,5,396.9,27-01-2024
6404,3994,North,Furniture,4618.87,1,1256.82,04-09-2025
6405,3677,East,Electronics,2235.41,7,782.63,17-07-2024
6406,4816,South,Office Supplies,3580.38,9,1455.76,23-03-2024
6407,2222,West,Electronics,2352.48,3,866.18,23-02-2024
6408,1717,East,Office Supplies,1708.3,6,1000,16-08-2025
6409,4484,East,Furniture,2643.95,9,-48.42,22-05-2024
6410,1338,West,Furniture,2193.82,4,1417.86,09-09-2024
6411,1658,East,Furniture,4904.65,6,867.7,06-04-2024
6412,1961,North,Electronics,2531.22,3,684.31,10-03-2025
6413,1428,South,Furniture,4074.45,9,458.59,28-03-2025
6414,4854,West,Office Supplies,3367.42,7,-69.01,05-07-2025
6415,1898,West,Office Supplies,2450.17,7,26.69,16-08-2024
6416,1138,North,Office Supplies,2423.34,4,-180.12,15-07-2024
6417,4764,South,Electronics,1775.26,6,1497.78,29-04-2025
6418,3989,North,Electronics,624.21,8,1136.69,19-06-2024
6419,1541,South,Furniture,3831.2,6,1155.67,28-05-2025
6420,3104,North,Electronics,4598.66,6,1041.15,12-10-2024
6421,2255,East,Office Supplies,1167.98,4,622.98,11-05-2025
6422,3705,North,Office Supplies,4635.8,8,-50.06,03-04-2025
6423,3482,West,Office Supplies,1238.29,8,-77.14,17-07-2025
6424,1383,West,Electronics,2697.39,9,1357.84,06-09-2025
6425,3607,West,Office Supplies,1783.75,6,-199.47,02-02-2024
6426,1193,North,Furniture,661.09,2,988.47,06-06-2025
6427,4807,West,Electronics,358.91,4,868.58,14-01-2025
6428,4719,West,Office Supplies,1890.2,4,652.08,10-08-2025
6429,3581,East,Office Supplies,331.98,8,1457.42,23-02-2024
6430,3565,East,Electronics,610.61,5,136.82,26-11-2024
6431,3763,South,Electronics,797.26,4,1134.99,06-04-2024
6432,3798,South,Furniture,109.39,8,947.23,19-05-2025
6433,3232,South,Electronics,850.94,3,1456.53,27-05-2024
6434,2895,North,Office Supplies,2928.67,2,1387.92,31-05-2025
6435,3339,South,Furniture,4115.66,4,18.57,09-05-2025
6436,4406,North,Office Supplies,1047.81,1,323.12,06-10-2024
6437,1731,North,Office Supplies,496.28,1,1246.36,19-02-2025
6438,3163,South,Office Supplies,3674.62,5,188.72,13-10-2024
6439,3872,South,Electronics,140,1,443.52,15-04-2024
6440,4120,North,Electronics,3697.39,4,864.14,09-07-2025
6441,1684,East,Office Supplies,742.47,8,756.95,24-07-2024
6442,1081,West,Electronics,1218.6,8,889.03,27-04-2024
6443,3881,West,Office Supplies,688.34,2,1012.93,24-04-2025
6444,3380,West,Electronics,1311.96,3,1038.91,20-11-2025
6445,3604,East,Electronics,4011.06,3,1053.85,05-01-2025
6446,3382,North,Electronics,749.47,1,1485.85,15-08-2024
6447,1531,South,Furniture,4971.41,3,406.2,07-10-2024
6448,2983,North,Electronics,1702.78,8,-124.88,10-03-2025
6449,1220,North,Furniture,4617.64,6,393.07,26-04-2024
6450,1634,South,Furniture,1031.16,5,1349.68,15-10-2025
6451,2769,East,Furniture,1020.7,9,-58.24,06-08-2025
6452,4804,West,Office Supplies,2870.14,7,899.8,24-06-2025
6453,3370,West,Electronics,347.94,6,519.37,25-01-2024
6454,2874,North,Office Supplies,4024.91,5,1366.67,27-03-2024
6455,1002,East,Furniture,2254.11,5,1378.57,05-07-2024
6456,2717,West,Electronics,3526.06,9,1134.92,03-09-2025
6457,1205,East,Office Supplies,955.7,6,-32.52,11-09-2024
6458,2855,South,Furniture,3247.55,4,-157.98,30-01-2025
6459,1039,North,Office Supplies,3010.95,4,32.2,26-06-2024
6460,3106,North,Office Supplies,3802.74,4,347.1,19-05-2024
6461,3998,East,Electronics,1557.27,6,210.43,22-03-2024
6462,3621,West,Electronics,4672.51,1,428.59,07-03-2025
6463,1643,East,Office Supplies,4810.38,9,43.23,14-06-2025
6464,2530,South,Electronics,4353.81,2,1079.26,02-01-2025
6465,4643,West,Electronics,2902.97,2,1237,22-02-2024
6466,2907,West,Office Supplies,2159.41,5,629.52,30-06-2025
6467,3890,East,Electronics,384.16,4,1426.1,03-01-2025
6468,4193,South,Electronics,4741.42,3,4.59,28-10-2025
6469,4550,West,Furniture,4763.73,5,-20.12,01-08-2025
6470,3666,North,Electronics,191.57,7,140.68,20-02-2024
6471,3143,South,Furniture,1848.75,2,1469.25,26-12-2024
6472,4930,West,Office Supplies,4412.18,6,508.05,12-02-2024
6473,4485,East,Furniture,496.17,4,1370.98,30-06-2025
6474,4306,West,Office Supplies,1063.18,2,143.42,10-06-2025
6475,1897,North,Electronics,4895.52,1,1238.38,17-10-2025
6476,2085,South,Electronics,4251.72,8,327.03,09-03-2024
6477,2279,West,Furniture,4569.11,5,1048.48,11-12-2025
6478,3608,North,Office Supplies,796.56,2,1456.59,25-03-2024
6479,3952,West,Electronics,1135.45,8,1386.14,17-06-2024
6480,3395,West,Furniture,3066.54,3,1213.26,05-12-2025
6481,1670,South,Furniture,2558.52,7,-114.65,30-01-2024
6482,4195,East,Furniture,1562.67,2,833.21,26-05-2024
6483,2505,East,Electronics,4430.85,7,1220.26,28-03-2024
6484,3364,North,Office Supplies,4516.8,4,478.86,28-10-2024
6485,4575,North,Electronics,1529.25,1,1043.02,13-08-2025
6486,1718,North,Electronics,863.19,5,34.79,24-01-2024
6487,2071,South,Office Supplies,830.55,4,100.5,23-02-2025
6488,4480,East,Furniture,2473.68,8,894.31,25-06-2024
6489,2955,North,Electronics,751.3,1,543.09,05-07-2024
6490,2159,North,Furniture,2419.37,2,171.03,01-08-2024
6491,4272,West,Furniture,2363.48,5,280.89,21-10-2024
6492,1249,West,Office Supplies,4432.14,2,852.16,18-11-2025
6493,3361,North,Office Supplies,1551.43,1,1033.13,14-08-2025
6494,2892,West,Office Supplies,2847.2,6,152.94,15-08-2025
6495,4439,West,Furniture,3743.15,4,1423.83,15-07-2024
6496,4500,West,Furniture,3019.98,5,-186.1,23-03-2025
6497,2853,South,Electronics,4774.93,3,990.11,29-06-2024
6498,3854,North,Furniture,3051.16,6,294.7,23-02-2024
6499,2503,North,Office Supplies,4519.12,4,613.47,13-06-2024
6500,4385,West,Office Supplies,1300.78,6,768.74,11-03-2025
6501,4571,South,Office Supplies,2847.69,5,754.59,13-06-2025
6502,4792,West,Office Supplies,2762.2,2,1119.67,12-09-2024
6503,4426,South,Furniture,4948.32,4,1200.51,24-10-2024
6504,3532,North,Office Supplies,1102.08,2,-75.31,15-05-2024
6505,2234,West,Electronics,790.87,5,995.12,21-04-2025
6506,4775,North,Furniture,3097.19,3,478.4,24-12-2025
6507,1043,South,Office Supplies,1196.09,6,1191.6,23-04-2024
6508,4612,East,Electronics,3231.86,5,835.11,22-12-2024
6509,3618,South,Office Supplies,4865.2,2,-182.6,26-02-2025
6510,1582,East,Furniture,4737.88,8,932.99,12-11-2024
6511,4163,North,Furniture,1232.4,6,1373.71,09-12-2025
6512,2288,North,Electronics,937.39,9,-58.74,05-07-2024
6513,3942,West,Furniture,2847.62,3,640.19,22-09-2024
6514,1219,East,Electronics,2975.21,4,863.95,03-12-2025
6515,2925,South,Office Supplies,3345.03,8,132.97,30-06-2025
6516,3972,North,Furniture,3733.31,7,906.18,11-02-2024
6517,4513,East,Office Supplies,3044.69,8,-115.34,25-12-2025
6518,3448,South,Office Supplies,647.59,9,1339.65,28-03-2024
6519,4471,East,Furniture,3971.77,8,1096.51,11-10-2024
6520,3774,South,Office Supplies,489.63,8,1399.74,03-06-2024
6521,1990,South,Electronics,197.96,6,511.32,20-10-2024
6522,3946,South,Electronics,3871.33,2,-141.85,20-06-2025
6523,2812,South,Electronics,2786.95,7,380.61,06-12-2025
6524,4647,East,Furniture,3523.1,4,676.78,20-10-2024
6525,1857,East,Office Supplies,1975.46,3,1390.98,28-02-2024
6526,1803,West,Office Supplies,154.35,4,1301.21,10-04-2025
6527,1489,East,Office Supplies,1721.98,4,809.92,09-09-2025
6528,4556,East,Office Supplies,3079.86,3,1040.58,02-06-2025
6529,2780,West,Electronics,1205.95,9,1421.63,19-11-2025
6530,2493,East,Furniture,3470.24,3,1246.01,14-07-2024
6531,4645,South,Electronics,3992.56,2,919.99,23-10-2024
6532,3985,North,Electronics,2325.91,1,718.09,20-07-2024
6533,3891,North,Furniture,4391.03,1,609.27,10-03-2025
6534,2705,West,Furniture,4288.6,5,1086.24,18-10-2024
6535,4516,East,Electronics,4402.48,5,1174.91,25-04-2025
6536,4340,East,Office Supplies,3339.08,9,169.99,09-10-2024
6537,3314,West,Furniture,1593.47,4,605.84,19-08-2025
6538,1053,North,Furniture,2458.13,5,1110.96,06-08-2024
6539,3575,South,Electronics,3581.5,6,948.7,16-10-2024
6540,4591,East,Office Supplies,1131.76,7,805.68,17-07-2025
6541,1615,West,Furniture,3720.33,9,350.34,16-05-2025
6542,2082,South,Electronics,2785.63,6,835.67,23-05-2025
6543,2848,West,Furniture,570.49,1,840.65,24-01-2025
6544,4111,West,Office Supplies,2830.7,8,535.14,15-10-2025
6545,4308,West,Electronics,427.2,2,1432.51,28-02-2024
6546,1954,North,Electronics,170.11,9,910.31,26-02-2024
6547,3433,North,Office Supplies,4459.18,7,1246.18,23-09-2025
6548,2629,West,Electronics,2500.59,7,19.23,06-02-2024
6549,3781,East,Office Supplies,2762.12,5,1086.53,28-11-2025
6550,3763,South,Electronics,1471.7,8,823.18,11-04-2025
6551,1649,East,Office Supplies,2759.45,1,324.07,05-05-2024
6552,3347,North,Furniture,927.46,3,31.82,25-12-2025
6553,1394,South,Furniture,3753.66,9,445.4,07-04-2025
6554,4278,West,Furniture,4134.41,1,550.34,02-12-2024
6555,2359,East,Electronics,4293.79,8,39.3,01-12-2025
6556,3640,East,Office Supplies,622.6,6,939.22,03-07-2024
6557,4801,West,Office Supplies,2833,5,322.09,12-09-2025
6558,3561,East,Furniture,4062.88,6,1170.27,21-02-2024
6559,4249,North,Furniture,728.26,5,902.19,09-12-2024
6560,3443,West,Furniture,587.66,9,327.85,04-09-2025
6561,1370,East,Office Supplies,4103.02,2,412.03,17-02-2025
6562,1857,West,Furniture,4004.01,6,1401.65,11-11-2024
6563,1790,South,Electronics,2298.6,4,1411.8,25-05-2024
6564,1657,West,Furniture,637.58,3,511.23,10-01-2025
6565,4389,East,Furniture,2629,5,954.59,23-07-2024
6566,3783,North,Office Supplies,2034.54,2,1465.95,02-04-2025
6567,2392,West,Electronics,2640.88,3,1489.89,17-11-2025
6568,1383,West,Office Supplies,2255.49,7,-77.37,18-08-2024
6569,3109,East,Electronics,2885.72,1,740.95,29-09-2025
6570,4877,North,Electronics,3662.94,2,1035.25,24-09-2024
6571,3552,North,Furniture,3896.81,3,117.67,23-12-2024
6572,1238,South,Furniture,3280.01,7,1197.24,03-05-2025
6573,1194,South,Office Supplies,1074.81,4,596.37,15-09-2025
6574,3725,East,Office Supplies,2045.9,8,646.18,09-02-2024
6575,4293,North,Office Supplies,449,8,266.35,30-12-2025
6576,3108,North,Electronics,2313.2,1,310.25,10-07-2024
6577,2152,South,Office Supplies,4854.66,5,-56.91,01-10-2024
6578,4037,South,Electronics,3244.48,1,1383.58,21-08-2025
6579,3732,East,Electronics,857.6,7,449.17,21-12-2024
6580,3015,North,Electronics,1416.03,4,75.79,03-06-2024
6581,1155,West,Electronics,416.41,8,42,22-11-2025
6582,4988,South,Electronics,993.83,8,492.59,14-08-2025
6583,4449,East,Furniture,2490.42,9,874.75,02-06-2025
6584,4693,North,Electronics,1789.8,6,1122.23,09-07-2024
6585,4852,North,Electronics,1099.42,7,1371.83,17-03-2024
6586,1922,South,Furniture,818.33,7,880.69,24-02-2024
6587,3915,East,Furniture,3314.75,5,515.12,16-12-2025
6588,3950,West,Furniture,2834.7,7,517.31,25-04-2025
6589,4861,South,Office Supplies,4228.94,9,776.44,01-11-2025
6590,2609,East,Office Supplies,997.94,4,714.67,18-05-2024
6591,4046,North,Electronics,4255.13,2,889.38,04-02-2025
6592,4508,West,Electronics,2931.76,8,655.8,17-08-2024
6593,1974,East,Electronics,1404.49,7,-99.72,17-11-2024
6594,2230,West,Electronics,1440.41,6,651.24,07-03-2024
6595,3435,East,Furniture,2012.86,7,-161.69,07-04-2024
6596,4551,East,Office Supplies,2354.62,3,107.03,23-04-2024
6597,2814,East,Furniture,504.27,6,458.63,19-02-2025
6598,3934,East,Office Supplies,4225.8,7,737.22,13-01-2024
6599,1837,West,Furniture,695.55,7,114.19,20-10-2025
6600,3007,South,Electronics,2468.95,5,269.71,09-08-2024
6601,2363,West,Office Supplies,1976.54,3,436.16,26-02-2025
6602,4940,East,Electronics,2610.21,2,135.27,21-01-2024
6603,3387,West,Office Supplies,4448.66,7,1497.9,10-05-2025
6604,1203,West,Office Supplies,4946.53,4,1168.01,02-08-2024
6605,1160,West,Electronics,199.33,2,1178.59,23-05-2024
6606,4611,East,Electronics,2026.87,8,767.07,04-05-2025
6607,1391,West,Electronics,4106.29,2,1434.25,05-12-2024
6608,1768,North,Furniture,1700.35,6,1044.74,21-04-2024
6609,4748,East,Office Supplies,3280.28,4,362.49,16-01-2025
6610,3622,West,Office Supplies,4962.07,9,837.9,18-03-2024
6611,3581,North,Office Supplies,3269.18,5,724.29,27-10-2025
6612,2093,West,Electronics,644.84,4,786.49,26-03-2024
6613,3940,South,Office Supplies,4230.37,8,1190.14,26-12-2024
6614,1404,West,Office Supplies,4836.62,3,666.26,28-04-2025
6615,1607,West,Electronics,3591.29,9,1038.69,18-04-2025
6616,4746,South,Electronics,2153.43,8,226.01,16-03-2024
6617,2614,East,Office Supplies,4747.16,8,1384.51,31-01-2024
6618,2540,South,Furniture,4846,5,-53.15,25-12-2024
6619,3875,East,Electronics,4682.07,1,1489.09,19-11-2024
6620,4191,South,Furniture,2117.91,9,875.54,16-06-2024
6621,2837,West,Furniture,3969.57,2,598.92,09-10-2024
6622,1689,West,Furniture,3305.48,1,328.33,07-08-2024
6623,4759,East,Furniture,980.56,6,488.74,28-09-2024
6624,3949,East,Electronics,2724.02,1,1130.12,12-12-2025
6625,2240,North,Office Supplies,3763.69,7,37.04,01-01-2025
6626,3103,North,Office Supplies,4489.97,7,229.56,22-04-2024
6627,1365,West,Electronics,4326.73,1,10.34,08-06-2025
6628,2722,West,Electronics,857.83,5,525.31,25-07-2025
6629,4575,North,Furniture,2491.36,3,458.28,30-11-2025
6630,4815,North,Furniture,2443.52,2,902.93,29-12-2024
6631,4838,East,Electronics,4503.81,5,1492.72,14-10-2024
6632,4996,South,Office Supplies,109.49,5,1317.01,24-02-2024
6633,1454,East,Furniture,3719.7,2,1296.64,30-08-2024
6634,1103,North,Electronics,3131.34,6,897.7,01-06-2024
6635,1076,West,Electronics,4615.7,7,260.03,17-06-2024
6636,1229,North,Electronics,2338.9,1,452.95,18-04-2024
6637,2937,West,Furniture,3322.59,3,225.21,03-12-2024
6638,4329,West,Electronics,4866.46,4,29.64,05-02-2024
6639,4335,West,Office Supplies,3745.13,2,541.25,24-12-2025
6640,3378,West,Electronics,430.18,5,1325.81,05-12-2024
6641,2205,South,Furniture,920.91,4,1064.53,10-05-2024
6642,1892,North,Office Supplies,4125.11,2,1474.22,28-02-2024
6643,4839,East,Office Supplies,1740.5,1,131.19,05-05-2025
6644,2573,West,Electronics,3559,8,650.92,04-11-2025
6645,3735,West,Electronics,3529.14,2,1148.18,01-11-2025
6646,3074,East,Office Supplies,4969.13,4,582.78,08-06-2024
6647,4347,East,Electronics,2402.38,5,403.59,24-11-2024
6648,2675,West,Furniture,3715.38,2,1187.01,11-07-2025
6649,1298,East,Office Supplies,338.89,9,531.52,02-01-2025
6650,1956,East,Electronics,2366.7,2,1352.04,09-12-2024
6651,3846,South,Office Supplies,1014.74,6,256.28,07-11-2024
6652,2114,East,Electronics,4218.8,7,1323.97,26-09-2025
6653,3527,North,Electronics,4215.55,6,273.38,01-08-2024
6654,3620,North,Furniture,1258.19,4,292.26,06-06-2024
6655,3505,North,Electronics,1659.6,1,514.99,12-06-2024
6656,2474,West,Electronics,3542.14,2,676.88,08-10-2024
6657,1364,North,Electronics,3717.5,6,510.98,19-02-2024
6658,3906,South,Furniture,3322.39,8,1265.65,09-05-2024
6659,2698,North,Electronics,4983.8,3,1152.47,27-12-2024
6660,1350,West,Electronics,4356.55,7,326.77,19-09-2024
6661,4726,South,Electronics,2143.59,9,669.58,03-06-2024
6662,4471,North,Office Supplies,1702.19,4,532.75,01-12-2024
6663,3300,South,Furniture,3024.56,7,-104.68,31-10-2024
6664,3828,South,Office Supplies,4106.42,7,1071.85,15-02-2024
6665,2904,West,Furniture,2429.18,9,108.83,04-09-2024
6666,3850,West,Furniture,3714.69,3,1388.04,31-07-2024
6667,2011,South,Office Supplies,193.88,1,476.22,13-02-2025
6668,3506,North,Furniture,4636.62,8,857.84,23-05-2025
6669,4770,West,Furniture,3891.79,4,1191.11,02-01-2024
6670,3964,South,Office Supplies,2031.53,2,106.5,18-12-2025
6671,1498,East,Electronics,1981.66,5,719.93,04-12-2025
6672,1949,East,Furniture,604.15,4,203.61,15-11-2024
6673,2994,West,Office Supplies,4099.15,1,666.44,09-09-2024
6674,4997,North,Furniture,3866.28,7,785.04,16-04-2025
6675,3046,East,Office Supplies,3188.22,4,87.54,29-03-2024
6676,1507,East,Electronics,597.14,8,787.39,15-01-2024
6677,2327,East,Furniture,1385.47,9,573.34,13-06-2024
6678,3548,North,Electronics,2348.68,8,687.4,02-03-2025
6679,3850,North,Electronics,1403.26,1,1338.44,10-07-2025
6680,3645,West,Office Supplies,2226.47,8,622.47,19-04-2025
6681,1165,West,Furniture,1207.19,5,609.45,22-11-2025
6682,4486,East,Furniture,1813.04,1,599.68,09-09-2025
6683,3509,North,Furniture,3296.25,9,859.28,22-02-2025
6684,1919,South,Furniture,4472.57,9,424.78,13-02-2025
6685,1113,East,Furniture,1986.65,7,1162.31,21-10-2025
6686,4504,West,Office Supplies,3490.35,7,286.29,02-12-2025
6687,1991,North,Furniture,760.49,1,309.23,13-04-2025
6688,4427,West,Electronics,2750.01,9,800.88,02-10-2025
6689,2951,West,Electronics,4616.35,1,241.81,12-03-2025
6690,4766,North,Furniture,236.89,7,-47.09,23-07-2024
6691,3254,East,Office Supplies,1411.03,9,149.5,30-01-2024
6692,4839,North,Office Supplies,749.22,9,1353.22,05-06-2025
6693,2258,East,Furniture,2712.3,5,-181.81,12-09-2025
6694,4513,West,Electronics,3430.25,6,26.88,23-10-2025
6695,4426,North,Furniture,383.12,2,1088.67,11-10-2024
6696,1514,South,Furniture,444.39,2,1465.76,26-01-2025
6697,2231,East,Furniture,4361.18,9,969.92,12-03-2025
6698,1708,South,Office Supplies,2335.54,1,1367.97,18-05-2024
6699,4924,East,Office Supplies,2368.46,5,1253.9,27-10-2025
6700,4196,North,Electronics,4728.44,7,615.95,20-10-2025
6701,3185,South,Electronics,1669.03,6,366.99,17-02-2025
6702,1338,North,Furniture,4495.42,6,874.8,01-07-2025
6703,3584,East,Electronics,4873.85,6,707.04,26-11-2025
6704,1067,East,Furniture,1284.3,8,-156.09,08-10-2025
6705,2596,East,Electronics,2618.79,7,1427.41,13-06-2025
6706,2564,East,Furniture,2718.35,5,769.42,16-05-2024
6707,1382,West,Office Supplies,4344.22,2,1286.64,24-01-2025
6708,1018,East,Furniture,1589.15,6,1048.87,16-07-2024
6709,3730,South,Office Supplies,4010.41,5,379.42,10-07-2025
6710,4521,East,Office Supplies,4857.94,4,1331.97,09-02-2025
6711,3121,North,Electronics,4217.65,5,1143.72,13-08-2025
6712,1572,West,Electronics,4554.79,9,530.65,01-04-2025
6713,3986,South,Office Supplies,3570.94,2,1228.81,29-03-2025
6714,4736,West,Furniture,4529.38,6,261.64,27-03-2024
6715,2299,West,Furniture,907.77,9,940.16,27-07-2024
6716,4119,West,Electronics,3590.57,5,-5.21,11-08-2024
6717,3258,North,Furniture,3686.2,6,1271.81,09-09-2024
6718,3902,West,Furniture,2251.99,4,1040.04,08-06-2024
6719,2943,West,Furniture,490.72,5,59.37,16-08-2024
6720,1650,East,Office Supplies,3149.97,8,-163.73,13-07-2024
6721,2645,North,Office Supplies,354.22,1,462.78,11-01-2025
6722,1993,South,Furniture,1973.77,1,947.96,23-05-2024
6723,3742,South,Electronics,2028.98,4,281.35,09-05-2024
6724,3587,South,Furniture,4994.72,3,1454.53,26-03-2025
6725,4780,North,Electronics,1569.03,5,1388.96,10-02-2024
6726,4262,South,Office Supplies,4120.22,8,816.5,21-11-2025
6727,2338,North,Furniture,360.54,1,336.52,14-01-2024
6728,1900,East,Furniture,2695.85,5,1323.66,08-03-2025
6729,4634,East,Electronics,2729.79,5,1165.9,08-03-2025
6730,2684,North,Electronics,3180.87,2,-53.54,22-06-2025
6731,3827,South,Furniture,4069.03,5,609.75,26-02-2025
6732,2585,North,Furniture,3833.42,8,1468.07,24-11-2024
6733,2923,North,Electronics,3828.94,7,571.64,05-06-2025
6734,2781,West,Office Supplies,2218.24,2,1385.94,25-03-2024
6735,2136,North,Electronics,3664.61,6,1461.39,02-01-2024
6736,3217,West,Furniture,2507.45,1,458.51,25-07-2024
6737,4539,East,Office Supplies,428.06,3,1439.75,15-02-2025
6738,4749,West,Office Supplies,4461.89,6,34.5,23-08-2025
6739,2944,North,Office Supplies,4461.8,9,72.2,30-04-2024
6740,2037,East,Office Supplies,1682.11,1,270.12,01-04-2025
6741,2738,West,Furniture,4578.12,6,594.85,25-06-2025
6742,1287,North,Office Supplies,3814.12,2,107.74,09-01-2024
6743,4978,East,Electronics,2063.93,9,378.3,02-10-2025
6744,3236,West,Electronics,1724.38,2,-23.79,07-11-2024
6745,3961,North,Electronics,4878.2,3,531.01,22-07-2024
6746,4226,North,Furniture,3591.87,2,1206.71,14-05-2025
6747,2590,South,Office Supplies,1956.17,4,811.59,11-10-2025
6748,3741,South,Electronics,3245.72,4,1177.27,24-05-2024
6749,2745,West,Electronics,2900.48,1,30.71,04-02-2025
6750,3935,West,Electronics,2670.25,8,479.04,16-11-2025
6751,3518,West,Office Supplies,3259.04,5,-133.15,14-07-2025
6752,2098,North,Electronics,2734.37,8,428.96,24-08-2025
6753,3324,West,Office Supplies,3308.47,6,844.65,27-04-2025
6754,1939,North,Office Supplies,4547.09,2,767.08,09-04-2024
6755,4716,West,Office Supplies,4967,7,-97.45,21-07-2024
6756,4414,North,Furniture,3575.51,9,-94.5,26-07-2024
6757,2448,North,Furniture,4646.32,7,318.61,27-08-2025
6758,1570,South,Office Supplies,4306.21,5,1111.38,23-09-2024
6759,4582,East,Office Supplies,1545.68,4,-165.02,13-12-2025
6760,3904,North,Furniture,4671.25,8,847.08,20-05-2025
6761,2000,West,Furniture,446.96,6,112.29,06-09-2024
6762,2205,South,Office Supplies,1716.62,5,1405.34,14-03-2025
6763,3505,West,Furniture,3235.73,7,531.37,30-08-2025
6764,1917,West,Electronics,2681.89,3,-118.6,21-01-2025
6765,2874,North,Office Supplies,2757.82,9,1013.19,06-04-2025
6766,1832,North,Office Supplies,3994.95,4,623.84,10-05-2025
6767,4135,East,Furniture,1054.05,4,1298.11,07-09-2025
6768,3886,North,Electronics,4912.17,8,908.1,17-10-2025
6769,4331,North,Furniture,2243.55,6,977.29,16-05-2024
6770,3240,East,Electronics,4754.23,1,1104.34,02-08-2025
6771,2678,West,Electronics,1977.27,2,514.6,21-06-2024
6772,1615,East,Office Supplies,3048.75,9,1147.33,02-01-2024
6773,1405,East,Electronics,2306.53,6,-113.94,28-04-2024
6774,2749,East,Office Supplies,3412.08,7,1101.4,12-05-2025
6775,4825,South,Electronics,999.76,9,881.72,29-04-2024
6776,3990,West,Office Supplies,2063.08,3,763.33,11-01-2025
6777,3768,South,Electronics,435.07,5,340.86,28-05-2024
6778,1092,South,Furniture,3030.7,5,-6.01,06-08-2024
6779,3477,North,Electronics,4817.14,7,900.24,01-07-2024
6780,1653,East,Furniture,324.94,2,601.84,30-05-2025
6781,4505,East,Electronics,3332.19,4,170.34,23-07-2025
6782,4475,South,Electronics,3897.98,4,-126.28,16-07-2024
6783,1433,North,Office Supplies,1144.23,8,715.9,08-01-2025
6784,2135,North,Electronics,1438.06,3,14.7,18-03-2025
6785,1374,North,Electronics,1087.75,2,1380.01,26-01-2024
6786,4130,West,Electronics,1557.32,9,56.07,02-04-2025
6787,2066,South,Furniture,639.4,4,-145.56,22-04-2024
6788,1206,West,Office Supplies,1914.7,9,245.48,09-12-2025
6789,1779,North,Office Supplies,1907.75,6,97.43,16-08-2024
6790,2319,North,Electronics,4055.61,1,1145.1,25-12-2024
6791,2141,North,Electronics,4024.7,3,291.88,19-01-2025
6792,1531,East,Furniture,4003.94,7,216.91,16-03-2025
6793,4293,South,Electronics,2878.48,9,1491.17,07-04-2024
6794,3213,East,Office Supplies,1696.82,8,55.11,30-10-2024
6795,3690,West,Office Supplies,2113.73,5,-55.5,12-12-2025
6796,4227,East,Furniture,1656.94,8,319.56,21-01-2024
6797,4255,South,Furniture,2951.45,2,488.65,28-11-2025
6798,1089,East,Office Supplies,4696.1,3,1092.72,23-06-2024
6799,2117,North,Furniture,1494.03,8,1424.25,05-10-2024
6800,1012,West,Electronics,2348.37,9,1098.25,26-07-2024
6801,4020,West,Electronics,3310.07,8,1035.29,25-08-2025
6802,2857,North,Furniture,4239.01,4,1485.46,18-01-2025
6803,1804,North,Office Supplies,1341.34,6,1101.12,31-10-2024
6804,1944,North,Furniture,1473.42,5,37.21,28-12-2025
6805,3789,South,Office Supplies,4437.31,4,584.6,20-12-2024
6806,2857,East,Furniture,493.26,9,655.96,31-01-2024
6807,4875,West,Furniture,3066.69,3,318.18,04-05-2024
6808,4509,East,Furniture,4316.23,1,79.27,06-03-2025
6809,4609,North,Electronics,4616.54,7,1009.96,08-12-2025
6810,2610,North,Electronics,162.17,8,271.74,17-10-2024
6811,3923,East,Office Supplies,1911.36,3,861.91,03-04-2025
6812,2959,West,Furniture,1360.6,3,348.4,03-02-2024
6813,4882,South,Electronics,2883.36,6,660.6,10-06-2025
6814,4221,East,Furniture,3201.03,2,372.99,06-12-2024
6815,3707,North,Office Supplies,4998.89,6,499.99,02-12-2024
6816,4079,North,Electronics,2612.54,5,1044.51,18-06-2024
6817,2052,South,Office Supplies,2802.19,7,1302.5,25-05-2024
6818,1295,East,Electronics,2130.14,9,664.87,18-12-2025
6819,4033,South,Furniture,823.62,9,837.43,03-07-2025
6820,1925,South,Office Supplies,1586.29,1,1269.5,15-11-2024
6821,4792,West,Electronics,1310.23,7,43.48,29-01-2024
6822,1639,West,Electronics,4025.98,3,75.74,08-01-2025
6823,3387,North,Furniture,2774.5,4,410.7,05-01-2025
6824,1627,East,Office Supplies,1551.35,2,325.42,10-01-2024
6825,3486,West,Office Supplies,2496.56,1,1476.84,19-02-2025
6826,2167,North,Office Supplies,1172.44,3,758.96,24-04-2024
6827,1941,East,Furniture,1007.12,9,690.64,24-03-2024
6828,1829,North,Electronics,4313.72,1,783.82,15-08-2025
6829,2770,West,Electronics,4729.57,3,1287.76,05-08-2025
6830,3566,North,Office Supplies,492.07,5,214.03,25-02-2024
6831,1975,East,Electronics,3847.93,3,668.64,26-10-2024
6832,4116,East,Office Supplies,2321.23,4,260.64,09-08-2024
6833,1954,North,Furniture,2005.96,4,1126.98,07-09-2025
6834,2262,East,Furniture,3478.12,1,1121.1,20-08-2024
6835,1951,North,Furniture,1404.64,6,1427.63,26-06-2024
6836,1943,East,Office Supplies,200.85,7,559.6,14-03-2024
6837,3202,North,Electronics,1148.61,7,69.71,14-10-2024
6838,2204,North,Furniture,1006.13,6,1323.9,11-12-2024
6839,4286,North,Office Supplies,266.84,7,1314.02,22-02-2024
6840,3135,South,Office Supplies,1674.45,3,198.94,07-03-2025
6841,4327,East,Furniture,2425.14,5,269.66,09-04-2025
6842,2534,West,Furniture,3705.56,7,332.8,27-04-2024
6843,2096,North,Furniture,1695.74,5,567.98,05-08-2024
6844,3978,South,Electronics,1053.25,2,1209.37,25-06-2025
6845,1178,West,Electronics,1230.04,6,45.43,11-09-2025
6846,3259,North,Office Supplies,4466.77,7,990.66,08-10-2024
6847,2828,West,Furniture,1103.13,2,399.76,24-10-2024
6848,2257,South,Furniture,4408.28,8,132.63,14-12-2025
6849,1464,West,Electronics,2290.79,5,375.35,24-10-2024
6850,2774,North,Furniture,4678.56,8,706.57,30-08-2025
6851,4294,West,Office Supplies,2099.65,3,1366.4,08-02-2024
6852,3678,West,Furniture,970.65,2,868.06,12-11-2024
6853,3872,North,Electronics,2790.25,7,832.04,29-10-2024
6854,4335,South,Office Supplies,2979.76,5,-15.14,28-06-2024
6855,2230,South,Office Supplies,3213.9,5,-64.34,09-06-2024
6856,3654,West,Furniture,2116.33,8,20.09,03-06-2024
6857,1884,East,Office Supplies,338.15,9,-37.57,05-06-2024
6858,4805,West,Furniture,3170.93,8,779.82,22-12-2025
6859,3413,East,Furniture,4671.85,2,569.45,18-01-2025
6860,3323,West,Electronics,4792.04,7,-191.51,14-09-2025
6861,3427,South,Office Supplies,3024.74,5,396.81,10-10-2024
6862,4814,West,Furniture,197.45,7,16.52,26-03-2025
6863,2332,West,Furniture,619.59,3,1479.8,27-12-2024
6864,2654,East,Furniture,4186.55,4,582.27,21-04-2025
6865,4339,South,Office Supplies,4165.75,7,524.42,23-05-2024
6866,1944,East,Office Supplies,4735.48,2,895.1,09-04-2024
6867,4856,West,Office Supplies,2862.49,2,407.06,13-09-2024
6868,4135,North,Furniture,4332.7,1,1016.37,21-09-2025
6869,3857,West,Office Supplies,4141.95,1,1338.15,03-12-2024
6870,4421,West,Furniture,2988.16,1,648.13,22-01-2025
6871,1924,East,Office Supplies,3939.82,6,450.97,25-12-2025
6872,2938,North,Office Supplies,715.98,5,687.22,11-05-2024
6873,1493,North,Furniture,3232.09,8,826.04,18-09-2025
6874,2546,East,Office Supplies,4771.91,5,1241.09,07-02-2025
6875,4169,South,Furniture,893.59,1,470.62,14-11-2024
6876,2969,North,Office Supplies,3745.81,8,-112.57,11-04-2025
6877,2094,North,Office Supplies,1671.85,6,872.25,25-04-2024
6878,3411,East,Office Supplies,4103.81,8,1477.69,26-02-2024
6879,3617,South,Office Supplies,3516.33,2,1252.2,11-01-2025
6880,2825,South,Electronics,4638.25,8,1089.04,25-10-2025
6881,1762,West,Furniture,3588.48,6,100.05,02-10-2024
6882,3323,West,Electronics,2110.52,1,1072.65,12-05-2025
6883,1049,East,Office Supplies,153.37,1,-61.49,19-05-2025
6884,4429,South,Office Supplies,3985.29,5,639.66,14-06-2024
6885,3775,East,Furniture,2101.48,7,430.53,31-05-2024
6886,1905,West,Furniture,3386.11,4,1338.99,30-07-2024
6887,3975,East,Furniture,614.83,5,71.72,06-10-2024
6888,1563,East,Furniture,4465.75,3,1141.1,21-11-2024
6889,1782,North,Office Supplies,2234.72,2,-117.53,11-04-2024
6890,3532,North,Furniture,4606.49,2,992.98,17-01-2025
6891,4155,North,Electronics,3564.39,5,299.42,08-01-2025
6892,4970,West,Furniture,695.17,4,1459.05,07-10-2024
6893,4876,East,Furniture,2938.06,2,941.96,24-04-2025
6894,4709,North,Electronics,4558.68,5,325.14,09-04-2025
6895,3040,North,Electronics,4019.86,9,200.39,15-08-2025
6896,2831,North,Electronics,2148.1,8,886.82,28-03-2025
6897,1583,West,Electronics,4779.82,9,263.64,29-09-2024
6898,2319,West,Furniture,1416.02,9,117.57,23-07-2025
6899,1235,East,Electronics,1938.03,8,901.04,01-04-2025
6900,3103,East,Office Supplies,3773.6,9,1031.29,28-05-2025
6901,2942,East,Furniture,1241.23,4,204.65,04-12-2024
6902,1359,North,Office Supplies,2625.33,8,710.98,04-06-2025
6903,2930,South,Furniture,3671.07,2,928.17,03-12-2025
6904,1109,West,Furniture,3255.44,9,1401.26,02-05-2024
6905,1191,North,Office Supplies,861.31,9,1165.84,13-04-2024
6906,1903,North,Electronics,3185.34,3,515.39,23-03-2024
6907,2116,East,Electronics,2906.28,6,1235.49,18-04-2024
6908,1861,East,Office Supplies,2833.44,7,550.88,29-04-2024
6909,3615,North,Electronics,4147.63,3,21.22,27-03-2025
6910,2083,West,Furniture,1001.09,5,379.87,15-08-2024
6911,1649,West,Furniture,3782.67,1,1168.03,23-09-2024
6912,1038,North,Furniture,3828.54,3,1424.87,09-09-2025
6913,4611,South,Electronics,3640.96,8,1472.09,10-05-2025
6914,4120,South,Electronics,2579.24,3,886.46,04-08-2024
6915,4491,West,Office Supplies,2038.14,8,613.18,01-10-2025
6916,1636,East,Furniture,2033.92,9,75.5,12-10-2024
6917,2036,South,Office Supplies,3695.66,6,-25.71,05-01-2025
6918,1035,South,Electronics,2539.69,7,681.45,22-10-2025
6919,3148,East,Office Supplies,1758.33,6,1037.22,24-10-2025
6920,4865,South,Electronics,3164.8,8,350.67,26-07-2025
6921,4157,North,Furniture,4201.36,7,946.95,31-10-2025
6922,4587,South,Furniture,401.39,1,770.38,22-06-2024
6923,4294,East,Electronics,4863.47,3,1399.27,30-09-2024
6924,2361,North,Electronics,573.59,3,156.25,25-04-2025
6925,2983,South,Electronics,2607.52,3,804.8,15-11-2025
6926,1165,West,Furniture,2845.03,4,503.45,28-02-2024
6927,3430,North,Electronics,777.23,1,244.68,22-02-2025
6928,2879,North,Furniture,4586.41,2,407.4,13-09-2025
6929,4966,West,Office Supplies,2410.19,5,300.71,09-02-2025
6930,4447,West,Furniture,801.29,6,697,04-01-2025
6931,4542,South,Office Supplies,3586.9,9,748.69,02-08-2024
6932,3837,South,Furniture,3350.68,2,1271.42,02-11-2024
6933,4713,East,Furniture,4818.04,9,1128.22,05-03-2024
6934,1030,East,Electronics,2263.43,7,314.28,02-02-2025
6935,4446,North,Furniture,1412.2,9,1383.25,15-02-2025
6936,1010,West,Electronics,393.97,4,1276.2,08-09-2024
6937,3011,West,Electronics,3692.3,7,863.97,24-10-2024
6938,4373,East,Electronics,3124.66,1,-168.33,27-05-2024
6939,3143,North,Furniture,4865.79,8,155.53,15-08-2024
6940,4261,North,Electronics,3589.61,7,1141.84,20-12-2025
6941,3500,East,Office Supplies,4672.49,7,571.39,15-07-2024
6942,3239,East,Office Supplies,4958.74,2,14.12,30-08-2024
6943,1485,East,Furniture,2199.31,9,494.04,03-12-2025
6944,2289,South,Electronics,836.45,8,160.24,19-06-2024
6945,2447,North,Office Supplies,1059.67,1,1317.36,07-04-2025
6946,4199,North,Furniture,1660.04,1,1311.74,14-09-2024
6947,3285,North,Furniture,2593.59,5,458.01,16-04-2025
6948,2943,East,Furniture,699.86,2,33.57,30-05-2024
6949,4426,East,Furniture,1578.42,1,410.01,05-03-2025
6950,2963,East,Furniture,1608.19,8,18.86,16-01-2025
6951,4183,East,Electronics,120.02,4,316.88,20-02-2025
6952,2851,West,Electronics,1835.43,2,1111.01,26-10-2024
6953,2469,East,Electronics,669.15,5,296.31,24-08-2024
6954,2366,South,Electronics,2205.59,6,725.14,01-06-2024
6955,4216,West,Furniture,1063.03,8,2.08,17-10-2024
6956,4136,West,Furniture,4128.36,7,390.96,22-02-2025
6957,4318,East,Office Supplies,494.57,7,-132.62,30-07-2025
6958,3782,North,Office Supplies,4341.74,1,731.89,02-03-2025
6959,1990,East,Electronics,2944.58,3,390.96,27-03-2025
6960,4561,North,Furniture,2347.34,3,1282.41,08-07-2024
6961,1824,East,Office Supplies,2793.74,7,467.34,07-06-2024
6962,2462,East,Office Supplies,1942.93,2,748.22,01-02-2024
6963,3153,North,Office Supplies,725.3,7,1460.3,17-11-2024
6964,3228,North,Office Supplies,3852.81,9,892.6,29-02-2024
6965,3231,North,Electronics,4646.77,1,650.8,27-06-2024
6966,1225,North,Furniture,4755.33,2,-33.19,29-11-2025
6967,1776,South,Electronics,3386.49,6,1195.64,23-07-2024
6968,3837,North,Office Supplies,2110.7,2,892.05,04-02-2025
6969,4980,East,Office Supplies,2443.96,2,-15.51,24-04-2024
6970,2112,East,Furniture,3319.13,5,217.64,08-03-2024
6971,1687,South,Furniture,4133.06,7,714,10-08-2024
6972,1529,North,Electronics,1935.38,4,-123.39,25-02-2025
6973,4442,East,Furniture,4592.23,6,1021.13,21-01-2025
6974,1971,South,Electronics,1688.93,3,187.25,05-11-2024
6975,1935,East,Electronics,2701.21,4,632.51,14-11-2025
6976,4984,South,Office Supplies,4810.67,4,210.79,28-07-2024
6977,2422,South,Electronics,4697.17,4,631.62,30-09-2025
6978,3153,West,Office Supplies,3509.15,1,122.45,31-10-2025
6979,2294,West,Electronics,1690.34,4,809.67,22-08-2025
6980,2998,North,Electronics,1173.27,4,1347.69,03-01-2025
6981,3878,West,Furniture,492.7,6,1172.47,19-07-2025
6982,2526,South,Furniture,3572.41,9,210.59,13-07-2025
6983,1678,East,Office Supplies,2566.91,6,646.79,21-06-2025
6984,4596,East,Furniture,2904.21,6,519.28,23-11-2024
6985,3896,North,Electronics,2414.72,7,1441.31,28-03-2024
6986,4103,West,Office Supplies,2466.44,7,1158,16-04-2024
6987,3440,North,Office Supplies,2899.24,1,-17.37,24-08-2024
6988,1039,South,Office Supplies,4579.88,8,86.54,07-11-2024
6989,3707,West,Electronics,243.89,1,993.45,22-07-2024
6990,4289,North,Furniture,4028.02,9,71.76,03-08-2025
6991,4802,East,Office Supplies,2013.53,4,1415.8,14-08-2025
6992,4028,East,Electronics,3750.13,9,1488.01,30-10-2025
6993,2105,North,Furniture,4747.78,8,1123.23,29-09-2025
6994,1844,North,Furniture,1600.81,9,-154.44,20-06-2025
6995,2743,North,Office Supplies,538.82,6,620.64,27-01-2024
6996,3248,South,Electronics,1238.26,9,490.34,20-12-2024
6997,1446,South,Furniture,1188.25,4,1159.21,17-06-2025
6998,4915,East,Electronics,3735.06,3,287.91,22-07-2024
6999,4499,South,Furniture,403.11,3,456.41,06-11-2024
7000,4109,South,Office Supplies,349.57,8,-41.05,21-09-2024
7001,2234,West,Office Supplies,3498.68,2,382.48,23-02-2024
7002,3491,South,Furniture,2827.93,6,1455.55,08-01-2025
7003,2350,West,Electronics,2147.06,9,1401.65,02-09-2025
7004,3808,South,Furniture,2919.31,9,1075.44,26-02-2025
7005,1226,East,Electronics,3702.71,8,1342.35,17-08-2025
7006,1047,North,Furniture,607.01,8,158.99,07-08-2024
7007,4089,East,Office Supplies,2811.1,1,857.11,21-04-2025
7008,3959,South,Electronics,4139.64,7,649.95,03-06-2025
7009,2462,North,Office Supplies,1875.9,1,518.57,28-12-2024
7010,2830,North,Electronics,3838.79,9,352.22,28-03-2025
7011,4779,North,Furniture,4242.56,3,1272.74,15-09-2025
7012,1186,West,Office Supplies,4122.55,1,623.66,09-09-2024
7013,3392,East,Office Supplies,3286.75,8,1030.86,31-07-2024
7014,3271,West,Electronics,3614.99,7,1000.12,11-10-2025
7015,3877,North,Electronics,3959.61,2,31.32,23-05-2024
7016,3535,East,Electronics,3695.18,7,-116.81,11-01-2024
7017,2932,East,Office Supplies,2313.23,5,1227.94,14-06-2025
7018,3924,South,Furniture,879.69,7,633.54,23-03-2025
7019,1848,West,Electronics,1617.68,7,1177.15,21-02-2024
7020,3032,West,Furniture,1115.51,2,305.01,23-07-2024
7021,2252,South,Electronics,1871.08,2,1265.11,16-10-2025
7022,2413,West,Furniture,2497.72,7,1212.39,07-07-2025
7023,1978,North,Electronics,4799.33,3,448.84,21-12-2024
7024,2612,North,Furniture,4801.37,4,499.89,30-08-2025
7025,2016,West,Office Supplies,3870.98,7,396.52,04-12-2024
7026,3235,South,Electronics,4902.69,2,-140.8,08-11-2025
7027,2881,East,Electronics,4990.28,2,969.02,20-08-2025
7028,1269,West,Office Supplies,4437.76,9,263.65,28-11-2024
7029,2630,East,Electronics,489.57,1,1302.82,18-08-2025
7030,1309,South,Electronics,2187.62,3,1325.54,17-07-2024
7031,4203,East,Office Supplies,2717.19,4,1028.38,14-03-2025
7032,3043,South,Office Supplies,708,5,108.66,29-05-2024
7033,2574,South,Furniture,4062.29,3,-48.2,19-02-2024
7034,2095,North,Office Supplies,828.55,9,1187.96,05-12-2024
7035,4864,North,Office Supplies,1978.31,5,1318.21,27-09-2025
7036,3892,South,Electronics,437.67,7,398.47,14-06-2025
7037,2695,West,Office Supplies,2670.51,7,400.03,06-08-2025
7038,4258,North,Electronics,3025.5,9,463.47,25-05-2024
7039,3533,South,Office Supplies,3702.37,2,1206.96,19-02-2024
7040,4262,East,Office Supplies,1763.36,3,1002.02,14-07-2025
7041,2445,East,Furniture,2993.6,4,7.36,02-09-2025
7042,3167,West,Office Supplies,3697.32,8,878.97,02-02-2025
7043,1219,East,Office Supplies,3833.97,1,-183.38,10-01-2025
7044,1052,East,Electronics,1578.05,9,1007.66,23-01-2024
7045,2757,South,Electronics,431.75,5,1099.87,16-03-2024
7046,2474,East,Furniture,284.34,4,1185.41,16-09-2025
7047,4483,East,Office Supplies,3863.5,8,863.59,09-10-2024
7048,2666,East,Electronics,1988.65,9,107,06-01-2024
7049,2260,East,Office Supplies,756.32,3,1149.37,06-10-2024
7050,3805,South,Furniture,1004,4,1329.64,20-08-2025
7051,3785,East,Electronics,3854.14,1,877.45,27-01-2025
7052,1719,West,Electronics,3034.62,3,267.7,21-03-2025
7053,1405,North,Furniture,2556.88,5,104.91,10-03-2024
7054,3655,West,Office Supplies,3152.74,8,193.49,18-04-2025
7055,4068,North,Electronics,773.75,1,-171.26,29-11-2024
7056,3469,West,Electronics,1663.31,1,-182.71,28-04-2025
7057,3759,North,Furniture,1932.91,3,304.97,24-06-2024
7058,3294,North,Furniture,1641.04,9,1369.03,18-08-2024
7059,1071,North,Furniture,4335.64,9,856.26,27-03-2024
7060,2853,North,Office Supplies,2948.96,1,456.38,23-01-2025
7061,3232,South,Office Supplies,3673.67,4,-181.56,11-09-2025
7062,3053,West,Office Supplies,1259.86,8,1482.49,19-12-2025
7063,2229,North,Furniture,1393.96,2,574.94,30-06-2024
7064,2567,West,Electronics,1204.15,4,1485.55,25-02-2025
7065,4682,East,Office Supplies,3471.1,7,1024.24,20-10-2025
7066,3953,North,Furniture,1810.3,7,-112.89,28-03-2025
7067,1386,West,Office Supplies,2084.91,5,1260.34,19-07-2024
7068,2791,South,Electronics,3574.7,7,701.68,05-08-2025
7069,1698,West,Electronics,4861.81,6,569.64,24-01-2024
7070,4147,North,Furniture,893.19,2,1088.35,16-05-2025
7071,2200,East,Electronics,407.11,9,1117.16,01-12-2024
7072,1826,West,Furniture,1054.75,5,1153.93,11-10-2025
7073,2822,East,Furniture,3701.31,2,1092.91,13-04-2025
7074,1348,South,Furniture,1053.67,6,890.16,28-05-2024
7075,2278,West,Furniture,2963.33,5,948.56,29-07-2025
7076,4908,West,Electronics,2992.55,2,1259.59,20-05-2024
7077,4773,South,Electronics,1542.67,7,973.92,03-09-2024
7078,1307,South,Electronics,436.76,2,-27.69,11-03-2024
7079,4416,South,Electronics,2056.08,7,897.35,26-01-2025
7080,2150,North,Furniture,1015.25,6,88.99,04-09-2024
7081,2960,North,Furniture,1003.92,4,-175.77,14-04-2024
7082,3334,West,Electronics,2660.69,4,164.08,21-02-2024
7083,1765,West,Office Supplies,3398.29,6,62.49,14-09-2024
7084,1724,West,Office Supplies,469.53,9,-26.44,29-04-2025
7085,3809,East,Office Supplies,2933.77,6,165.48,09-02-2025
7086,2619,South,Electronics,1306.39,6,758.07,22-09-2025
7087,4558,West,Furniture,3399.16,1,57.5,04-01-2024
7088,1382,South,Furniture,4070.06,5,275.05,17-07-2025
7089,4477,North,Office Supplies,4054.37,1,1244.31,01-01-2025
7090,3435,South,Office Supplies,1912.32,9,1309.69,07-01-2024
7091,1524,East,Furniture,2879.62,4,366.24,01-01-2024
7092,4628,East,Office Supplies,3989.11,2,1328.22,04-12-2024
7093,3686,South,Office Supplies,397.97,9,795.74,28-11-2025
7094,3985,East,Furniture,3067.56,6,184.83,02-12-2025
7095,4697,East,Office Supplies,4198.96,3,1082.3,15-12-2024
7096,1275,North,Office Supplies,1924.55,2,1367.56,17-09-2025
7097,3547,West,Electronics,2331.5,6,920.7,06-12-2025
7098,3764,East,Office Supplies,3523.77,6,142.26,24-02-2024
7099,1336,West,Electronics,432.64,9,-54,20-09-2025
7100,2973,South,Furniture,1989.62,5,190,26-09-2024
7101,3979,South,Electronics,1548.98,9,375.46,28-09-2024
7102,1480,East,Furniture,183.27,5,367.35,05-03-2025
7103,4968,South,Electronics,1060.27,2,647.53,11-01-2025
7104,1910,North,Electronics,2039.83,1,658.79,21-01-2025
7105,2996,East,Electronics,1067.4,9,601.44,01-09-2025
7106,4344,East,Office Supplies,3051.75,7,384.5,21-01-2025
7107,4991,East,Office Supplies,2298.4,3,-18.39,17-06-2024
7108,4129,South,Office Supplies,293.46,6,511.14,05-06-2024
7109,2351,South,Office Supplies,1447.7,4,1475.79,27-02-2025
7110,3033,East,Office Supplies,195.44,9,911.59,21-10-2025
7111,2754,West,Electronics,1854.86,2,547.62,03-10-2024
7112,1108,South,Office Supplies,1369.64,4,-58.07,27-05-2024
7113,4350,South,Furniture,3472.12,1,162.52,31-03-2024
7114,4757,East,Electronics,1606.29,7,776.9,09-07-2025
7115,1327,West,Electronics,1938.28,4,646.39,23-04-2024
7116,2799,East,Furniture,3654.14,5,-167.37,23-08-2025
7117,1314,South,Office Supplies,2456.5,1,-53.4,02-01-2024
7118,4545,East,Furniture,2826.63,2,405.21,15-05-2025
7119,2134,East,Electronics,4222.6,4,39.4,19-06-2024
7120,3746,East,Electronics,1113.75,2,1428.33,16-03-2025
7121,1780,West,Electronics,4947.01,1,-142,22-08-2025
7122,4300,East,Furniture,4510.51,1,1455.88,12-08-2024
7123,2520,South,Office Supplies,1504.11,6,916.14,26-05-2024
7124,1155,East,Electronics,4475.4,2,492.29,24-08-2025
7125,2496,West,Office Supplies,3794.39,3,717.04,23-03-2025
7126,2724,North,Electronics,4660.71,5,497.21,05-03-2025
7127,4343,West,Office Supplies,3486.56,3,774.45,11-11-2025
7128,1886,East,Furniture,3404.94,6,58.41,18-11-2024
7129,4073,North,Electronics,116.98,7,4.02,31-03-2024
7130,3805,East,Electronics,2425.6,6,698.6,14-01-2024
7131,1721,West,Electronics,1081.32,2,-78.72,27-05-2024
7132,4582,North,Furniture,1688,9,297.22,15-04-2025
7133,1912,North,Furniture,4896.2,2,1375.72,12-02-2025
7134,4357,East,Office Supplies,518.96,6,1289.56,18-01-2025
7135,1870,East,Furniture,3640.18,9,1213.38,22-01-2025
7136,1012,West,Electronics,947.43,9,662.18,26-02-2024
7137,3655,East,Office Supplies,136.27,2,-152.6,28-05-2025
7138,1497,North,Furniture,2556.95,9,6.33,31-07-2025
7139,2756,South,Office Supplies,889.95,8,1363.07,10-12-2024
7140,3285,South,Office Supplies,4830.78,7,1221.89,27-03-2024
7141,2117,West,Office Supplies,1098.11,8,440.09,08-02-2025
7142,4409,East,Electronics,1040.97,8,1039.26,01-09-2024
7143,3828,West,Electronics,257.62,1,1252.7,23-08-2025
7144,2194,South,Furniture,1716.12,9,854.57,21-02-2024
7145,3004,South,Electronics,218.15,6,1251,15-12-2025
7146,3653,East,Office Supplies,2544.54,1,215.95,27-07-2024
7147,3708,North,Office Supplies,2577.49,1,585.63,22-05-2024
7148,2647,East,Electronics,360.89,7,784.37,18-09-2025
7149,2590,South,Office Supplies,1276.31,2,872.97,27-07-2025
7150,3896,North,Electronics,4177.32,6,1477.88,29-06-2025
7151,3983,West,Office Supplies,2366.47,5,1238.08,24-09-2025
7152,2490,South,Furniture,2229.59,5,-106.06,13-04-2024
7153,3675,West,Furniture,3524.01,6,87.53,13-02-2024
7154,1142,North,Electronics,3602.92,8,917.14,03-12-2025
7155,2224,West,Electronics,3833.62,5,208.87,28-11-2024
7156,4251,South,Electronics,4169.36,8,70.25,03-09-2024
7157,3761,East,Electronics,1238.03,5,933.31,13-06-2025
7158,4435,West,Electronics,425.26,6,711.92,09-04-2025
7159,3526,South,Office Supplies,1963.3,8,1168.82,27-10-2024
7160,1564,South,Furniture,4289.98,2,342.91,11-09-2025
7161,3518,North,Office Supplies,482.34,7,360.5,21-06-2025
7162,3431,South,Furniture,2922.17,3,55.84,02-01-2025
7163,2715,East,Office Supplies,3535.31,9,908.84,24-07-2024
7164,3973,East,Office Supplies,2458.9,7,1005.12,22-12-2024
7165,1416,West,Office Supplies,1350.36,3,35.33,26-11-2024
7166,2848,West,Electronics,1698.92,8,231.99,30-08-2025
7167,3355,West,Furniture,451.1,2,62.26,06-10-2024
7168,3696,West,Electronics,1533.66,8,1071.05,17-03-2025
7169,2717,East,Electronics,317.45,7,155.47,15-05-2025
7170,2390,North,Office Supplies,3658.99,5,58.82,09-03-2025
7171,4072,West,Furniture,4500.18,4,-81.25,18-07-2024
7172,2067,North,Furniture,3204.21,1,1213.21,04-07-2025
7173,3786,South,Furniture,3317.85,4,10.76,18-07-2024
7174,2866,South,Furniture,2413.5,6,-149.57,01-01-2025
7175,2121,West,Electronics,864.58,6,-90.68,01-11-2025
7176,4791,South,Electronics,137.85,2,423.61,04-12-2024
7177,2288,North,Furniture,1785.48,9,814.31,23-02-2025
7178,4871,North,Electronics,3782.29,1,476.95,09-11-2025
7179,2806,South,Furniture,4806.11,4,574.19,03-10-2024
7180,3187,West,Electronics,2212.32,4,1362.82,23-02-2024
7181,2504,North,Office Supplies,1890.42,2,1090.17,12-06-2024
7182,4308,North,Office Supplies,2285.2,8,379.77,16-10-2025
7183,4021,East,Furniture,2196.1,2,62.33,20-01-2025
7184,2016,West,Furniture,3166.81,2,1073.59,16-03-2024
7185,1952,East,Electronics,3697.32,2,774.99,25-02-2025
7186,3951,South,Furniture,3946.29,1,1435.82,30-07-2025
7187,1071,South,Furniture,3283.06,5,1344.35,17-08-2024
7188,2690,East,Electronics,2244.85,4,758.19,01-11-2024
7189,4261,West,Furniture,4755.51,2,-81.15,26-04-2024
7190,2291,North,Furniture,3584,1,-147.37,27-08-2024
7191,2344,South,Office Supplies,2190.62,1,1223.78,20-05-2025
7192,3154,West,Office Supplies,2288.25,2,986.67,16-06-2025
7193,4303,West,Office Supplies,4108.11,1,752.27,26-02-2024
7194,4113,South,Furniture,2258.65,9,971.17,20-10-2025
7195,4773,South,Electronics,2629.74,2,717.64,29-01-2024
7196,1882,West,Office Supplies,1528.61,3,783.17,09-03-2025
7197,1138,North,Furniture,4210.68,9,184.01,05-08-2024
7198,3662,East,Office Supplies,2659.2,5,574.36,29-06-2025
7199,4754,South,Electronics,2807.43,8,-181.17,10-04-2025
7200,3910,East,Electronics,4415.31,7,936.85,19-07-2025
7201,3320,West,Electronics,4610.53,6,364.91,27-06-2025
7202,2504,East,Electronics,4138.55,2,915.75,18-05-2025
7203,3463,North,Electronics,420.32,4,1374.98,22-01-2025
7204,3553,West,Electronics,2273.19,9,805.79,25-06-2025
7205,1732,North,Furniture,1782.32,7,357.74,16-12-2024
7206,2748,West,Office Supplies,1146.22,3,152.17,20-11-2024
7207,4924,North,Electronics,4553.87,6,227.9,24-06-2025
7208,1423,West,Office Supplies,4461.34,8,1478.4,30-01-2025
7209,4478,North,Office Supplies,2379.96,8,846.12,19-03-2024
7210,2591,West,Furniture,759.35,8,548.93,27-04-2025
7211,1389,North,Electronics,165.49,8,192.66,04-11-2024
7212,1341,West,Electronics,2248.49,6,1114.19,22-02-2025
7213,1945,North,Furniture,295.78,3,458.65,22-08-2024
7214,1613,South,Furniture,3086.82,9,311.92,11-03-2025
7215,1492,East,Furniture,3081.2,3,177.92,12-03-2025
7216,1191,West,Furniture,4504.8,4,115.57,25-05-2024
7217,1498,North,Furniture,1031.24,1,264.74,14-06-2024
7218,1821,South,Office Supplies,1919.83,2,866.25,20-08-2025
7219,2735,West,Furniture,4311.77,6,207.74,14-06-2024
7220,2256,West,Electronics,2424.05,1,-96.98,20-07-2025
7221,2968,West,Electronics,392.64,9,410.34,29-01-2025
7222,1226,East,Furniture,642.84,8,794.25,09-09-2024
7223,2394,North,Furniture,4085.93,2,-97.63,18-07-2025
7224,3186,North,Furniture,3744.12,2,569.46,12-02-2025
7225,3903,West,Furniture,4391.82,8,-111.11,21-03-2025
7226,1816,West,Furniture,682.42,8,1105.91,15-10-2025
7227,4220,West,Electronics,3826.04,1,1282.2,16-02-2024
7228,4186,South,Office Supplies,3310.01,5,1438.47,04-04-2024
7229,2473,West,Furniture,1238.24,2,975.15,03-05-2025
7230,2086,East,Furniture,4872.13,1,874.51,23-12-2025
7231,1103,North,Furniture,2894.74,3,979.93,13-10-2025
7232,2874,East,Electronics,4543.7,3,1252.9,19-09-2024
7233,1870,West,Electronics,4309.56,9,1172.06,08-03-2025
7234,1667,South,Office Supplies,1732.31,1,545.44,15-10-2025
7235,3042,West,Office Supplies,2726.19,2,906.82,15-10-2025
7236,1272,West,Office Supplies,2213.7,9,75.26,21-11-2025
7237,2029,West,Office Supplies,3574.48,5,981.37,30-08-2024
7238,4218,West,Electronics,2981.41,9,1042.31,15-10-2025
7239,3231,West,Office Supplies,3945.78,6,1162.23,28-11-2024
7240,2051,North,Furniture,157.59,3,1190,03-09-2025
7241,2573,East,Electronics,3470.19,8,547.84,17-04-2024
7242,4190,South,Electronics,1663.42,9,1335.98,16-11-2024
7243,1292,West,Electronics,1198.69,2,1467.62,18-04-2025
7244,4442,South,Furniture,4026.08,9,1462.67,08-12-2025
7245,4315,North,Electronics,537.18,4,795.79,28-09-2024
7246,4651,East,Furniture,1219.45,8,751.12,17-04-2025
7247,4797,West,Office Supplies,1098.3,5,577.47,11-04-2025
7248,4289,North,Electronics,2157.14,6,309.65,07-02-2025
7249,3224,North,Furniture,1679.45,4,367.39,11-08-2024
7250,4370,East,Electronics,3630.29,5,166.78,21-04-2024
7251,4747,West,Office Supplies,3526.91,1,1424.73,30-03-2025
7252,3105,East,Electronics,1694.81,3,853.71,14-10-2024
7253,2292,East,Office Supplies,2241.21,4,1388.59,28-03-2025
7254,1307,South,Electronics,1118.75,1,458.11,06-12-2024
7255,4641,South,Furniture,3387.09,3,306.93,06-06-2024
7256,4359,East,Office Supplies,2041.49,4,25.67,21-10-2025
7257,1976,South,Electronics,750.85,9,310.42,04-07-2024
7258,4176,North,Office Supplies,723.6,3,1313.27,29-01-2024
7259,2251,East,Office Supplies,1679.37,3,789.87,11-02-2025
7260,2270,West,Furniture,3761.89,4,569.21,27-01-2024
7261,3747,West,Furniture,224.97,9,766.02,16-06-2025
7262,2517,North,Furniture,1363.1,9,1317.57,01-04-2024
7263,3130,West,Furniture,896.18,1,127.8,20-06-2024
7264,2209,West,Office Supplies,4786.74,8,1441.62,23-04-2024
7265,3299,East,Office Supplies,3555.88,1,932.53,07-04-2024
7266,2378,North,Electronics,1242.84,2,1254.1,11-09-2024
7267,2773,East,Electronics,1116.56,5,693.19,22-01-2024
7268,4943,North,Electronics,4304.35,6,202.28,07-07-2025
7269,2719,East,Furniture,1032.11,2,764.64,30-04-2024
7270,3042,East,Office Supplies,4985.59,5,-84.5,29-07-2024
7271,1795,South,Office Supplies,1483.29,3,1248.73,02-12-2025
7272,1896,West,Electronics,513.23,7,904.28,09-10-2025
7273,2961,North,Electronics,3485.62,1,280.86,20-01-2025
7274,1209,West,Office Supplies,3087.25,5,266.6,10-10-2024
7275,3863,South,Furniture,4999.13,3,1334.77,22-02-2024
7276,4879,North,Electronics,4030.22,2,1229.54,02-10-2025
7277,3656,South,Electronics,2201.3,3,1097.28,13-08-2025
7278,3494,West,Office Supplies,3415.4,4,505.15,05-04-2025
7279,3507,East,Office Supplies,4107.46,2,1283.26,21-12-2025
7280,1967,South,Electronics,2617.26,2,219.71,03-11-2024
7281,1471,South,Electronics,1437.07,3,-158.77,28-11-2024
7282,4791,East,Furniture,1129.52,2,535.71,31-07-2024
7283,3417,West,Furniture,1546.88,6,1363.19,19-06-2025
7284,3947,South,Furniture,4255.54,2,771.09,08-07-2024
7285,4563,West,Furniture,1964.12,1,190.04,02-07-2024
7286,1922,East,Electronics,1504.65,8,906.4,01-08-2024
7287,1136,North,Electronics,4048.85,4,1066.48,02-04-2024
7288,1366,South,Electronics,256.41,2,735.57,11-02-2025
7289,3959,West,Furniture,3010.4,4,1232.42,11-09-2025
7290,1183,East,Electronics,4380.8,2,807.03,16-12-2025
7291,4659,East,Office Supplies,2109.41,5,-36.76,02-10-2024
7292,4358,South,Furniture,1419.66,7,1176.23,03-02-2024
7293,3519,North,Office Supplies,2509.37,6,48.81,01-09-2024
7294,2398,South,Furniture,3615.64,2,1300.68,30-09-2025
7295,3701,West,Electronics,2631.37,4,687.14,04-11-2024
7296,3796,East,Furniture,137.43,8,1044.17,15-10-2025
7297,1536,North,Office Supplies,483.79,7,1452.56,05-12-2025
7298,4582,West,Furniture,3634.51,7,534.3,20-02-2025
7299,3849,South,Office Supplies,2059.76,4,581.53,14-01-2025
7300,2602,East,Electronics,3945.4,1,1203.94,19-02-2024
7301,2273,South,Office Supplies,3282.5,7,-12.6,26-08-2024
7302,3967,North,Electronics,2949.43,6,-152.91,22-08-2024
7303,3557,North,Office Supplies,4516.74,8,827.34,14-11-2024
7304,3677,North,Electronics,204.48,5,84.78,15-07-2025
7305,4049,North,Office Supplies,859.67,8,234.75,02-04-2024
7306,2096,North,Electronics,3159.44,8,1459.68,25-11-2024
7307,2305,South,Electronics,422.56,9,910.35,23-02-2025
7308,1915,North,Electronics,3260.36,1,1254.8,06-04-2025
7309,4431,North,Office Supplies,4922.19,3,1326.24,07-12-2024
7310,4081,East,Office Supplies,4406.16,6,6.3,29-08-2024
7311,4282,North,Electronics,2995.49,4,1377.22,31-08-2025
7312,4906,East,Furniture,4480.49,8,1273.08,20-04-2025
7313,1151,East,Electronics,669.71,1,-122.92,03-09-2025
7314,2028,East,Furniture,2328,5,1461.25,28-04-2025
7315,2218,South,Electronics,2200.51,4,579.14,28-02-2025
7316,2977,South,Office Supplies,1748.59,1,1456.63,14-08-2024
7317,4354,West,Furniture,100.99,6,1200.55,03-06-2024
7318,3511,West,Office Supplies,4466.04,3,548.23,25-06-2025
7319,4184,East,Furniture,3910.76,5,669.65,08-06-2024
7320,1270,South,Furniture,3299,6,267.67,29-07-2024
7321,2186,North,Furniture,731.94,4,627.76,25-12-2025
7322,1459,West,Furniture,1953.21,6,-17.26,03-08-2025
7323,1104,South,Office Supplies,4629.2,7,1344.68,22-10-2025
7324,4764,North,Furniture,3122.96,2,1012.46,03-05-2025
7325,4627,North,Electronics,3056.71,7,1168.85,12-09-2024
7326,4353,South,Electronics,4574.32,7,702.91,25-02-2024
7327,2710,West,Furniture,2843.19,2,13.58,07-06-2024
7328,3209,South,Office Supplies,3028.35,3,713.32,04-04-2024
7329,3398,West,Office Supplies,1794.01,3,359.65,26-08-2024
7330,1433,East,Furniture,1920.06,1,-182.82,13-11-2025
7331,3899,South,Office Supplies,3459.47,1,845.56,03-08-2024
7332,1139,South,Office Supplies,1670.13,6,1251.2,13-03-2025
7333,2494,West,Office Supplies,2839.63,9,1007.94,25-05-2024
7334,4203,West,Furniture,1468.06,9,180.01,22-05-2025
7335,1086,South,Electronics,914.01,1,1192.53,03-05-2024
7336,2711,North,Electronics,2326.57,7,326.15,01-12-2025
7337,3230,North,Electronics,1165.49,6,171.43,27-11-2024
7338,3415,North,Electronics,4502.62,4,1433.94,24-09-2024
7339,1128,East,Electronics,1587.7,3,-171.78,27-08-2025
7340,2269,East,Office Supplies,3027.27,9,84.87,07-07-2024
7341,4672,West,Office Supplies,1390.87,5,593.9,05-08-2025
7342,2601,East,Office Supplies,1364.29,8,84.02,23-05-2024
7343,1669,North,Furniture,1818.12,4,83.68,07-05-2024
7344,4970,South,Office Supplies,4587.79,4,878.39,07-06-2025
7345,4449,East,Electronics,2018.34,6,1192.35,25-12-2025
7346,1148,East,Office Supplies,4124.21,6,924.75,27-12-2024
7347,1984,North,Electronics,1066.76,3,-27.53,25-07-2025
7348,1851,East,Office Supplies,336.03,2,1322.14,29-08-2025
7349,2456,West,Electronics,3930.22,9,1368.67,12-03-2024
7350,1627,South,Office Supplies,2755.19,2,277.7,13-09-2025
7351,4797,North,Electronics,2568.26,9,740.29,08-10-2024
7352,2492,West,Electronics,1433.81,8,624.9,27-02-2025
7353,3493,North,Furniture,454.35,7,935.98,14-03-2025
7354,3044,West,Office Supplies,2466.01,5,1462.51,15-09-2025
7355,4552,South,Electronics,4349.41,3,1476.85,07-06-2024
7356,1883,South,Office Supplies,688.11,2,665.55,23-12-2025
7357,3341,West,Electronics,4652.94,8,-43.69,07-09-2024
7358,2788,West,Furniture,1446.17,2,368.6,22-11-2024
7359,4214,West,Furniture,2707.71,8,503.06,16-09-2025
7360,1249,West,Furniture,425.89,5,708.88,31-05-2025
7361,3925,West,Furniture,2182.73,9,1432.63,14-10-2025
7362,1947,West,Electronics,716.9,4,246.11,03-12-2024
7363,1974,South,Office Supplies,335.07,8,712.37,22-09-2025
7364,2325,West,Furniture,4836.13,7,294.78,01-10-2025
7365,4096,East,Furniture,3677.46,8,1363.09,24-03-2024
7366,3836,South,Furniture,3623.38,5,1482.93,22-04-2024
7367,1983,North,Office Supplies,543.69,2,1280.26,06-11-2025
7368,1888,South,Electronics,4653.82,7,375.86,03-01-2025
7369,3937,North,Electronics,2400.4,3,272.4,18-09-2025
7370,4972,North,Electronics,4276.19,2,532.99,13-04-2024
7371,3117,East,Electronics,161.75,3,1070.88,28-06-2024
7372,3672,West,Office Supplies,1561.21,4,-184.16,15-10-2024
7373,1874,West,Office Supplies,4980.63,7,1491.69,23-03-2025
7374,4183,South,Office Supplies,2196.41,1,1301.8,19-08-2024
7375,4435,West,Furniture,4453.62,6,-159.51,20-11-2024
7376,2326,East,Office Supplies,1707.19,6,449.57,17-12-2024
7377,1470,South,Electronics,2674.11,8,969.32,31-10-2025
7378,2987,South,Office Supplies,4285.67,2,210.39,30-08-2025
7379,1090,South,Furniture,3068.52,2,42.83,18-08-2024
7380,1529,West,Electronics,3653.44,1,869.84,19-11-2024
7381,1660,West,Office Supplies,1221.28,3,1335.99,20-09-2024
7382,1738,West,Electronics,863.86,7,1424.51,25-03-2025
7383,3773,South,Electronics,1228.5,8,-182.55,02-07-2025
7384,1871,South,Office Supplies,2515.94,7,1286.58,02-09-2025
7385,2686,North,Office Supplies,4024.73,9,753.31,07-11-2024
7386,1191,North,Furniture,1834.57,8,204.1,07-07-2024
7387,2986,West,Office Supplies,2867.6,8,848.8,20-08-2025
7388,4623,South,Office Supplies,4043.58,2,1492.84,05-03-2024
7389,4313,West,Office Supplies,1270,1,269.49,06-09-2025
7390,3185,West,Electronics,4426.58,6,270.71,01-03-2025
7391,1344,North,Furniture,4770.1,7,988.2,15-09-2025
7392,4251,East,Electronics,290.95,6,-126.55,18-12-2024
7393,2008,West,Office Supplies,389.64,7,1194.93,02-08-2025
7394,4783,East,Furniture,545.7,8,909.3,16-05-2024
7395,3550,East,Office Supplies,3906.17,2,1230.03,15-05-2024
7396,1202,South,Electronics,1027.75,1,192.26,09-11-2024
7397,1572,South,Electronics,3655.91,8,1240.22,26-12-2025
7398,1191,West,Office Supplies,2262.25,8,562.64,11-05-2025
7399,3052,North,Furniture,4197.65,8,25.63,05-11-2024
7400,2913,North,Electronics,4061.92,7,1332.42,19-08-2025
7401,4308,West,Office Supplies,4802.35,2,998.52,13-07-2025
7402,2716,West,Office Supplies,1330.09,4,86.08,13-03-2025
7403,1310,North,Office Supplies,1223.27,9,219.06,26-12-2024
7404,3596,East,Furniture,254.39,8,257.07,04-06-2024
7405,3103,West,Office Supplies,2111.04,4,1437.67,04-09-2025
7406,1442,East,Office Supplies,2349.41,8,1306.5,31-12-2024
7407,2260,West,Electronics,4826.12,6,388.79,21-03-2024
7408,1869,West,Office Supplies,4170.85,9,593.28,01-10-2025
7409,4932,East,Furniture,917.28,1,284.98,01-11-2025
7410,4268,East,Office Supplies,4012.6,6,1062.5,24-08-2024
7411,1584,North,Furniture,973.67,4,74.06,31-01-2025
7412,2594,West,Office Supplies,481.05,3,375.64,28-02-2024
7413,3799,South,Office Supplies,4201.71,5,830.38,24-08-2024
7414,2537,South,Office Supplies,4882.2,8,1291.49,24-05-2025
7415,4520,West,Furniture,531.78,6,880.44,03-12-2024
7416,1359,West,Electronics,4088.23,1,1397.53,16-04-2025
7417,2723,West,Furniture,4310.14,6,1382.38,18-02-2025
7418,3866,East,Electronics,681.9,7,1021.11,15-10-2024
7419,3077,South,Furniture,1487.94,6,273.79,08-01-2025
7420,2802,South,Office Supplies,3694.94,3,961.23,04-11-2024
7421,3011,South,Office Supplies,4057.88,9,127.65,29-08-2025
7422,3155,West,Electronics,1834.47,4,366.45,01-05-2024
7423,1843,East,Electronics,883.65,5,1088.43,12-12-2024
7424,2625,West,Furniture,3276.89,5,1246.07,24-09-2025
7425,3764,North,Furniture,3539.65,3,508.51,05-02-2024
7426,1890,North,Electronics,2567.68,2,689.84,25-12-2025
7427,2991,South,Electronics,810.21,8,456.43,28-03-2025
7428,2982,West,Furniture,4237.99,7,614.81,03-04-2025
7429,1959,North,Electronics,3261.8,5,671.23,13-08-2024
7430,2468,North,Electronics,4358.9,1,976.12,11-01-2025
7431,3940,West,Electronics,4671.55,1,1075.89,26-07-2025
7432,2461,East,Electronics,4047.92,8,1457.53,06-07-2024
7433,1731,West,Office Supplies,4797.42,4,544.01,03-01-2024
7434,4961,West,Office Supplies,4775.86,4,-58.66,06-01-2024
7435,1605,East,Electronics,3134.79,9,969.88,07-02-2025
7436,3504,South,Furniture,3668.05,2,647.07,04-09-2025
7437,1614,South,Office Supplies,3527.1,5,1229.74,04-11-2024
7438,4806,South,Furniture,3143.57,6,49.13,24-12-2024
7439,3745,East,Furniture,194.84,6,896.35,22-05-2025
7440,3004,North,Office Supplies,1843.94,3,580.74,09-04-2025
7441,2719,East,Furniture,590.38,6,512.82,08-11-2025
7442,4566,West,Furniture,1571.27,5,760.27,06-11-2025
7443,1673,East,Electronics,435.97,8,963.11,01-06-2025
7444,2270,North,Electronics,4608.15,4,1246.58,18-01-2025
7445,3590,North,Electronics,2311.52,3,199.69,04-05-2025
7446,2587,West,Office Supplies,1027.89,6,298.26,22-06-2025
7447,3904,South,Electronics,2965.42,9,732.59,04-07-2025
7448,2611,North,Furniture,1062.61,8,389.15,03-05-2025
7449,1896,North,Furniture,4041.76,8,766.19,02-11-2024
7450,2462,North,Furniture,1599,3,140.26,01-10-2024
7451,1277,West,Furniture,1643.01,1,323,30-08-2025
7452,1551,North,Furniture,4362.76,3,352.23,10-06-2024
7453,2636,South,Office Supplies,2840.09,3,1486.95,23-08-2025
7454,3158,West,Furniture,4447.78,6,1252.39,03-09-2024
7455,3432,South,Office Supplies,2123.15,3,1224.09,19-06-2025
7456,4904,North,Furniture,1785.25,2,673.07,26-10-2025
7457,1760,North,Office Supplies,2580.39,9,593.64,30-08-2024
7458,4262,South,Office Supplies,401.31,6,-80.79,10-12-2025
7459,4561,West,Furniture,855.58,5,135.46,30-01-2024
7460,3741,West,Furniture,1175.66,3,1322.09,25-04-2025
7461,2449,South,Furniture,4101.72,7,693.59,19-12-2025
7462,1404,North,Furniture,3695.61,7,1478.65,08-08-2024
7463,2358,East,Electronics,1047.21,4,806.04,19-07-2025
7464,2232,South,Electronics,1456.06,2,441.73,05-01-2025
7465,1021,South,Office Supplies,4726.88,2,265.99,18-03-2024
7466,1677,South,Office Supplies,520.43,8,1361.21,29-04-2024
7467,3658,North,Electronics,2782.53,4,430.24,24-05-2025
7468,3028,West,Office Supplies,2657.83,7,48.44,28-05-2025
7469,2231,North,Furniture,3655.97,3,273.04,01-01-2025
7470,3055,South,Office Supplies,1381.03,9,897.56,20-03-2024
7471,3749,North,Office Supplies,4680.39,9,26.12,24-12-2024
7472,4758,North,Office Supplies,2111.86,7,-44.34,09-07-2024
7473,2808,South,Electronics,1500.03,7,577.97,27-09-2025
7474,1528,North,Electronics,1750.66,1,-57.79,24-11-2025
7475,3037,East,Office Supplies,1808.74,8,467.99,27-09-2025
7476,3649,North,Furniture,1074.75,2,348.63,17-01-2024
7477,2676,North,Office Supplies,4647.46,8,465.51,31-01-2024
7478,1656,West,Electronics,956.89,2,629.24,13-05-2024
7479,1165,West,Furniture,4425.88,1,115.06,10-08-2024
7480,1848,South,Office Supplies,2084.15,8,552.12,10-03-2024
7481,1495,South,Electronics,1419.45,4,414.58,26-01-2025
7482,1589,West,Furniture,1072.69,6,1152.31,02-04-2024
7483,1428,East,Office Supplies,2571.28,1,980.97,13-03-2024
7484,3821,North,Electronics,3379.37,9,1283.32,17-05-2024
7485,1162,East,Furniture,4501.28,7,937.32,24-01-2024
7486,3413,East,Office Supplies,3296.99,5,5.84,22-03-2025
7487,4597,West,Furniture,2469.95,6,662.03,16-06-2024
7488,2262,South,Furniture,264.03,3,1062.2,02-10-2024
7489,1071,North,Furniture,4585.59,9,1230.85,15-10-2024
7490,4516,South,Electronics,4521.61,2,108.17,14-01-2024
7491,1654,East,Office Supplies,1955.71,1,179.95,24-04-2025
7492,4893,East,Furniture,242.27,1,1265.81,13-03-2025
7493,4580,South,Furniture,3693.51,2,625.19,24-02-2024
7494,4866,South,Furniture,3979.24,6,569.12,19-10-2024
7495,1268,West,Electronics,2758.08,6,640,28-12-2025
7496,2776,South,Furniture,2074.09,9,94.67,26-12-2024
7497,3462,South,Electronics,4270.55,4,866.98,24-03-2024
7498,2268,West,Electronics,1043.33,8,1173.56,03-01-2025
7499,2015,South,Furniture,2253.84,4,1223,09-06-2024
7500,3722,East,Furniture,219.98,3,-148.36,01-11-2024
7501,2083,South,Electronics,903.65,4,1015.82,20-04-2025
7502,1005,North,Electronics,4710.07,1,-44.92,03-04-2025
7503,4780,East,Furniture,2932.61,9,1443.68,18-08-2025
7504,1981,West,Electronics,4047.4,5,619.81,10-12-2025
7505,3617,East,Electronics,2483.85,7,1118.21,18-07-2024
7506,4888,West,Furniture,4190.65,3,857.16,30-11-2024
7507,1406,North,Furniture,2740.86,5,1418.29,07-12-2024
7508,4288,North,Office Supplies,122.23,4,1455.22,27-06-2024
7509,2953,East,Furniture,4508.53,7,274.1,25-03-2025
7510,3073,South,Furniture,827.97,5,620.88,01-12-2025
7511,4886,East,Furniture,2307.72,2,657.21,04-06-2024
7512,4076,East,Office Supplies,2435.7,3,102.09,20-06-2024
7513,1985,North,Electronics,331.46,8,1336.69,30-01-2025
7514,4603,West,Furniture,360.04,3,394.33,29-07-2024
7515,1389,East,Furniture,3836.5,7,-51.32,22-07-2025
7516,1709,South,Office Supplies,1572.21,5,62.71,27-10-2025
7517,3618,North,Office Supplies,2107.18,7,672.62,25-01-2024
7518,2471,East,Office Supplies,2864.15,9,1298.87,20-04-2025
7519,1753,East,Electronics,1929.59,7,867.97,20-07-2024
7520,3193,South,Office Supplies,3897.68,6,165.21,01-09-2025
7521,2411,East,Electronics,4433.88,1,304.56,11-08-2025
7522,3832,East,Furniture,392.62,4,1459.24,08-04-2025
7523,2272,East,Furniture,3213.48,8,-110.16,12-03-2025
7524,1525,East,Furniture,1656.53,1,1490.38,23-04-2025
7525,2485,South,Office Supplies,2958.05,6,1339.96,03-01-2025
7526,3060,East,Furniture,2471.15,2,953.42,13-01-2025
7527,3950,East,Office Supplies,1735.02,9,1403.44,20-04-2024
7528,3431,East,Electronics,564.6,8,59.2,02-05-2024
7529,1555,North,Furniture,2841.26,9,1402.4,23-02-2024
7530,3934,South,Electronics,652.68,9,161.38,15-04-2025
7531,4470,North,Office Supplies,864.99,2,728.56,24-07-2024
7532,1018,North,Office Supplies,4912.66,2,630.89,15-06-2024
7533,1574,South,Furniture,1651.86,9,671.18,10-03-2025
7534,4562,North,Furniture,2963.74,2,254.55,23-08-2025
7535,3798,North,Office Supplies,1433.94,4,1127.09,11-01-2024
7536,2003,North,Furniture,4341,2,1062.39,17-01-2025
7537,3466,South,Furniture,1488.37,1,1421.74,18-04-2025
7538,4408,East,Electronics,1897.74,7,661.88,23-05-2025
7539,3466,West,Office Supplies,3081.1,5,731.76,17-07-2025
7540,2938,West,Electronics,4362.93,3,1335.73,25-12-2025
7541,2939,South,Furniture,4099.45,8,1363.05,23-02-2024
7542,2635,West,Electronics,1392.91,5,904.21,03-09-2024
7543,2698,South,Office Supplies,4164.82,1,1194.67,03-08-2025
7544,4999,South,Electronics,3535.86,9,658.74,02-06-2025
7545,3169,West,Electronics,4950.16,5,459.93,19-05-2024
7546,1431,North,Furniture,4683.69,3,1268.92,08-02-2025
7547,3091,East,Office Supplies,2712.37,6,1121.36,20-05-2025
7548,2895,West,Furniture,3774.65,8,212.1,11-08-2024
7549,2943,West,Furniture,2893.88,2,-119,03-08-2025
7550,2340,West,Office Supplies,3015.48,3,761.52,12-12-2024
7551,3428,West,Electronics,597.35,7,1230.75,08-01-2025
7552,1144,South,Furniture,111,2,220.24,22-07-2024
7553,4398,South,Electronics,336.11,5,1104.57,24-09-2025
7554,3410,East,Office Supplies,4836.49,9,503.81,18-10-2024
7555,2073,East,Furniture,718.71,7,370.7,03-10-2024
7556,2088,West,Electronics,317.51,3,93.79,04-11-2024
7557,3402,West,Electronics,1617.26,2,1388.3,10-09-2024
7558,1799,West,Furniture,2982.08,9,183.69,20-10-2025
7559,4235,East,Office Supplies,4747.46,9,274.62,03-01-2024
7560,4212,West,Electronics,3529.45,9,363.53,06-07-2024
7561,3873,North,Office Supplies,1454.13,3,283.93,02-12-2024
7562,2151,East,Furniture,4701.38,1,76.94,15-12-2024
7563,3445,North,Electronics,276.6,9,402.57,09-04-2024
7564,2956,West,Electronics,4897.36,7,602.01,01-04-2025
7565,3927,South,Electronics,387.34,2,738.01,21-02-2025
7566,1462,North,Office Supplies,3793.86,6,66.05,05-06-2024
7567,2774,East,Electronics,321.96,9,1125,20-07-2024
7568,3045,North,Electronics,4664.65,8,329.6,27-11-2025
7569,4907,East,Furniture,632.46,6,1360.51,24-11-2024
7570,1807,West,Electronics,347.35,6,360.24,09-02-2024
7571,1186,North,Office Supplies,4457.4,8,1266.89,01-11-2024
7572,2743,South,Furniture,569.39,9,399.31,15-12-2025
7573,1731,North,Furniture,4009.86,8,659.92,26-05-2024
7574,2935,South,Electronics,3760.47,1,433,29-08-2024
7575,2213,East,Furniture,3034.5,2,458.06,27-06-2024
7576,2411,West,Electronics,1952.02,6,851.59,18-02-2024
7577,1428,West,Furniture,4586.34,8,977.98,28-06-2024
7578,3905,South,Office Supplies,4368.3,4,1279.8,23-10-2025
7579,2307,East,Electronics,2188.61,4,767.39,11-11-2024
7580,4935,West,Office Supplies,1235.45,2,168.64,20-12-2025
7581,3284,East,Electronics,1435.6,1,1482.29,27-07-2024
7582,2217,South,Office Supplies,1179.59,9,962.41,02-05-2025
7583,2310,South,Office Supplies,2752.13,7,437.08,03-09-2024
7584,1770,North,Furniture,4355.84,9,1445.95,02-06-2025
7585,1757,West,Electronics,3890.7,2,1429.4,22-09-2025
7586,1135,West,Furniture,3998,5,-64.78,12-03-2025
7587,1791,North,Office Supplies,2296.61,2,-166.3,26-06-2025
7588,4854,South,Electronics,1679.98,7,-124.42,14-12-2024
7589,1170,South,Office Supplies,3811.04,9,965.03,02-06-2025
7590,3206,South,Office Supplies,3987.16,3,1008.49,21-01-2025
7591,3248,South,Office Supplies,3507.23,1,1030.85,07-10-2024
7592,4558,East,Office Supplies,257.32,4,871.41,21-02-2025
7593,2580,West,Furniture,2989.45,4,285.34,29-08-2025
7594,1961,West,Office Supplies,1800.52,6,84.12,09-12-2024
7595,4847,South,Furniture,1061.34,5,1377.36,07-02-2024
7596,3630,South,Office Supplies,3502.54,5,1352.34,31-12-2024
7597,4575,South,Electronics,1415.78,9,212.23,15-01-2025
7598,1875,West,Office Supplies,4572.92,1,85.49,05-05-2024
7599,3418,West,Office Supplies,1560.59,8,438.08,24-06-2024
7600,1102,South,Electronics,2820.38,8,-117.71,10-04-2024
7601,2001,East,Electronics,4156.03,8,75.64,05-05-2025
7602,2148,North,Office Supplies,2070.38,3,446.51,11-07-2024
7603,4384,North,Office Supplies,4160.42,8,205.86,21-03-2024
7604,4023,North,Furniture,3646.11,2,1052.59,30-03-2025
7605,3845,West,Electronics,4612.24,8,1338.43,29-11-2024
7606,2481,West,Electronics,1696.59,8,1345.54,26-07-2025
7607,4301,North,Furniture,614.64,3,827.27,08-05-2024
7608,1657,North,Office Supplies,2208.71,4,995.93,06-01-2024
7609,3929,East,Office Supplies,3950.49,9,639.85,02-04-2025
7610,2220,West,Electronics,2307.13,9,49.37,21-01-2024
7611,4956,West,Furniture,1383.74,9,879.56,13-07-2024
7612,3780,North,Office Supplies,235.26,6,394.92,28-01-2024
7613,1422,East,Electronics,1633.82,1,-190.15,25-03-2025
7614,3619,East,Office Supplies,3595.57,8,777.42,06-05-2025
7615,4681,North,Office Supplies,823.31,9,137.23,13-10-2025
7616,1170,North,Office Supplies,1770.31,8,1307.06,05-03-2025
7617,4453,West,Electronics,199.13,1,1387.71,22-08-2024
7618,3220,North,Furniture,3636.6,6,75.69,27-02-2025
7619,3710,South,Furniture,4415.35,9,-150,27-08-2025
7620,1452,East,Office Supplies,2885.79,9,-193.12,16-05-2024
7621,3397,North,Furniture,226.77,7,1352.17,22-03-2024
7622,4973,South,Office Supplies,1166.36,7,58.43,13-11-2024
7623,2975,East,Electronics,2248.5,4,540.07,30-12-2024
7624,2657,South,Electronics,2979.15,7,-102.83,03-02-2025
7625,3541,South,Electronics,2531.75,5,434.69,21-12-2024
7626,3667,North,Office Supplies,4587.74,5,1135.22,27-03-2025
7627,4075,East,Furniture,4699.32,1,491.34,22-08-2024
7628,4164,South,Electronics,625.05,2,1118.49,04-02-2024
7629,3966,West,Office Supplies,778.12,9,971.03,30-09-2025
7630,3053,East,Furniture,1854.47,2,679.42,04-12-2024
7631,1287,West,Furniture,2164.05,2,1054.11,29-03-2025
7632,2641,North,Furniture,2971.73,9,1294.49,23-04-2025
7633,4217,West,Office Supplies,3888.48,3,1148.12,15-09-2024
7634,4854,East,Office Supplies,765.26,2,975.94,01-10-2025
7635,2447,South,Office Supplies,4032.93,7,993.1,22-02-2024
7636,2913,South,Electronics,3089.14,9,73.87,03-09-2025
7637,1607,East,Office Supplies,4906.33,6,1416.14,18-03-2025
7638,1456,South,Electronics,3290.72,7,149.63,23-02-2025
7639,2764,West,Electronics,3608.85,3,393.22,06-12-2025
7640,2225,South,Electronics,1056.52,3,680.58,05-09-2024
7641,2235,South,Office Supplies,3867.42,8,14.51,19-10-2024
7642,2029,West,Electronics,488.4,7,809.08,25-07-2024
7643,3671,West,Office Supplies,3317,5,110.55,10-04-2024
7644,3423,West,Office Supplies,372.31,6,1369.73,02-08-2024
7645,4962,North,Electronics,664.61,9,1310.75,26-10-2024
7646,1446,West,Electronics,628.54,3,725.52,29-07-2025
7647,1834,West,Electronics,357.17,3,564.11,10-03-2025
7648,4177,North,Office Supplies,1673.58,6,-25.58,26-08-2024
7649,4722,South,Office Supplies,4972.33,8,1199.61,03-05-2024
7650,1810,West,Electronics,1806.3,5,444.93,01-06-2025
7651,2424,East,Electronics,3827.8,1,218.75,28-05-2024
7652,4167,West,Furniture,748.35,3,1492.01,26-02-2024
7653,2411,West,Electronics,2327.01,8,936.11,04-06-2024
7654,1958,North,Furniture,1007.07,4,-74.43,19-08-2025
7655,2475,East,Furniture,1041.28,9,1162.2,19-06-2025
7656,3896,South,Office Supplies,588.48,6,1075.68,24-04-2024
7657,1808,South,Office Supplies,2217.02,4,482.04,26-08-2025
7658,1978,East,Furniture,470.12,4,10.27,26-11-2024
7659,4972,West,Furniture,4558.08,5,645.66,09-07-2024
7660,3463,North,Electronics,2294.71,7,1097.64,17-06-2025
7661,1725,East,Furniture,4208.97,7,-70.77,31-12-2024
7662,4575,East,Electronics,4899.38,7,77.85,08-05-2025
7663,3501,South,Office Supplies,3421.12,5,852.17,29-06-2025
7664,4362,North,Electronics,4517.4,9,751.23,05-09-2024
7665,4605,East,Office Supplies,763.3,2,1338.65,06-02-2024
7666,2216,North,Furniture,4166.97,8,1185.15,23-10-2024
7667,3197,West,Furniture,1428.96,8,1362.01,09-04-2025
7668,2903,South,Furniture,2415.73,3,592.13,08-08-2024
7669,3806,West,Electronics,3268.25,5,1139.26,30-04-2025
7670,1778,North,Office Supplies,4527.36,8,-117.18,02-02-2025
7671,1972,West,Office Supplies,4563.87,9,300.64,16-06-2025
7672,3810,South,Office Supplies,551.3,7,895.26,21-02-2024
7673,4049,North,Office Supplies,1886.32,4,1098.26,06-03-2025
7674,2538,East,Office Supplies,3986.56,4,769.84,26-07-2024
7675,2416,West,Electronics,3545.47,3,617.25,22-02-2025
7676,4387,South,Office Supplies,229.13,8,196.55,04-04-2025
7677,3123,East,Furniture,2304.46,6,96.12,02-06-2025
7678,1598,South,Office Supplies,4163.34,6,1288.32,17-06-2024
7679,4341,North,Furniture,3714.65,9,41.76,11-10-2025
7680,1224,North,Electronics,2118.06,3,539.99,02-12-2025
7681,2553,West,Electronics,3702.29,4,1310.42,19-05-2024
7682,3160,South,Furniture,2800.93,3,51.11,12-12-2024
7683,3298,South,Office Supplies,4571.88,3,16.83,29-10-2025
7684,4304,South,Electronics,2976.92,1,977.27,27-02-2024
7685,1840,North,Electronics,2063.6,6,363.68,26-11-2025
7686,2814,West,Electronics,4328.31,9,540.7,19-10-2025
7687,1713,South,Office Supplies,344.36,5,863.51,24-03-2025
7688,2106,South,Furniture,4512.5,2,444.26,03-07-2024
7689,1124,East,Furniture,3512.1,4,1159.73,26-06-2024
7690,4246,South,Office Supplies,4708.97,6,1447.27,01-05-2025
7691,2092,West,Electronics,1327.47,7,1386.2,09-04-2025
7692,4118,East,Office Supplies,3505.11,7,727.27,06-05-2024
7693,3931,East,Office Supplies,4066.37,4,403.19,14-02-2024
7694,2279,East,Furniture,3540.3,5,537.34,08-07-2024
7695,2750,North,Office Supplies,1130.64,4,361.27,27-12-2024
7696,1029,East,Office Supplies,1450.39,6,550.93,31-12-2024
7697,3328,South,Electronics,2877.04,7,-177.95,11-07-2024
7698,3971,North,Electronics,2289.08,2,-106.14,20-07-2025
7699,3017,North,Furniture,3702.07,3,1111.27,20-10-2024
7700,4308,North,Electronics,1955.52,8,369.18,10-06-2025
7701,4319,North,Office Supplies,4311.45,7,1150.49,28-05-2024
7702,3415,North,Office Supplies,2216.41,1,615.91,28-05-2024
7703,1494,North,Office Supplies,296.2,4,1170.06,07-09-2024
7704,4096,North,Furniture,185.08,5,928.09,10-03-2025
7705,2609,East,Electronics,3269.04,3,141.7,01-08-2024
7706,1717,West,Office Supplies,2748.71,4,561.13,11-09-2025
7707,4561,South,Electronics,2759.45,7,997.37,04-02-2024
7708,2016,South,Electronics,3971.04,8,362.05,15-01-2025
7709,4565,East,Electronics,1941.03,9,128.61,14-08-2024
7710,2337,East,Electronics,4977.69,2,717.76,07-08-2024
7711,1605,North,Furniture,4733.1,4,265.2,19-05-2024
7712,1374,West,Furniture,163.51,1,810.38,19-07-2025
7713,3686,North,Furniture,4489.14,3,261.95,21-09-2024
7714,2960,East,Office Supplies,3434.69,8,1341.18,01-12-2024
7715,2048,North,Office Supplies,2560.24,7,384.63,13-09-2025
7716,2357,South,Office Supplies,2955.46,8,1342.67,10-07-2025
7717,4426,South,Furniture,4225.1,6,275.12,05-10-2024
7718,1115,North,Electronics,4760.08,5,827.57,27-11-2024
7719,3095,West,Furniture,2845.63,9,21.37,24-12-2025
7720,4809,North,Office Supplies,988.33,5,1123.23,13-07-2024
7721,2801,North,Office Supplies,3234.79,9,140.37,22-09-2025
7722,3146,West,Electronics,473.47,4,1268.83,06-12-2025
7723,2482,West,Furniture,3212.18,5,569.16,12-02-2024
7724,2546,West,Electronics,4062.2,1,-39.28,14-09-2024
7725,2620,South,Furniture,1831.32,6,418.02,18-11-2025
7726,3452,North,Office Supplies,448.8,3,1125.53,17-03-2025
7727,4285,East,Electronics,3491.91,2,-70.3,22-10-2024
7728,1684,West,Electronics,1762.71,6,863.74,02-09-2025
7729,3950,West,Furniture,1320.57,1,662.35,12-03-2025
7730,3550,North,Furniture,3476.99,9,326.78,08-12-2025
7731,4792,East,Furniture,4850.97,5,1084.55,20-09-2025
7732,2471,North,Office Supplies,3752.08,7,-110.85,06-11-2025
7733,3941,North,Furniture,2507.62,9,645.99,01-02-2025
7734,2599,West,Office Supplies,3042.5,9,661.67,04-05-2024
7735,3305,West,Furniture,797.17,7,-53.11,11-05-2025
7736,3891,South,Furniture,4084.75,4,31.24,29-12-2024
7737,3168,East,Office Supplies,3061.05,4,496.41,26-05-2024
7738,1809,East,Furniture,4832.57,7,712.09,04-04-2025
7739,1977,West,Office Supplies,4899.47,8,-109.57,19-06-2024
7740,3101,West,Office Supplies,1837.47,7,-180.01,05-11-2024
7741,4066,West,Furniture,4943.88,4,127.43,13-12-2025
7742,2354,East,Furniture,4788.48,4,629.28,17-12-2024
7743,1783,South,Electronics,3235.18,8,-131.53,13-12-2024
7744,1240,East,Furniture,1733.98,9,1046.5,16-12-2024
7745,2778,West,Electronics,3791.37,7,58.28,26-07-2025
7746,2553,West,Furniture,1429.06,3,1113.44,20-05-2024
7747,1482,South,Office Supplies,3186.24,1,148.05,18-06-2024
7748,2012,North,Office Supplies,220.45,5,389.25,12-08-2024
7749,1186,North,Electronics,3180.06,6,614.46,08-08-2024
7750,2881,East,Furniture,4762.88,9,390.36,30-12-2024
7751,3703,North,Electronics,1252.2,5,-159.85,22-04-2024
7752,3309,North,Furniture,3913.08,1,1344.58,05-09-2024
7753,1952,East,Furniture,1537.78,4,286.99,14-04-2025
7754,2387,West,Office Supplies,3568.46,2,31.26,24-03-2025
7755,1490,North,Electronics,3529.86,4,25.28,17-02-2024
7756,1430,West,Office Supplies,1005.21,7,1456.84,16-12-2024
7757,1238,East,Office Supplies,3025.93,9,9.2,24-03-2024
7758,3351,West,Office Supplies,4309.93,3,389.13,06-11-2025
7759,3345,West,Electronics,1974.41,3,-85.04,21-08-2025
7760,1075,East,Furniture,3580.36,4,1050.3,21-06-2024
7761,4771,West,Furniture,3404.71,7,814.48,24-05-2024
7762,2356,North,Electronics,1361.82,6,707.07,26-03-2025
7763,2923,North,Furniture,4601.35,5,1254.93,28-06-2025
7764,4046,North,Electronics,2861.21,4,774.67,16-11-2024
7765,2781,North,Electronics,1840.93,8,1424.4,27-05-2024
7766,3689,West,Furniture,905.36,4,858.73,06-12-2025
7767,4545,North,Office Supplies,2419.95,3,402.38,05-05-2024
7768,1826,West,Electronics,3677.56,7,-137.53,02-10-2025
7769,4994,South,Electronics,3155.84,2,1032.97,05-11-2025
7770,3330,West,Electronics,3662.56,4,435.2,10-04-2025
7771,1590,North,Electronics,3979.63,8,818.64,08-05-2024
7772,3119,South,Furniture,2260.92,4,1289.79,13-11-2025
7773,4334,East,Furniture,2648.81,7,-186.98,15-03-2024
7774,3750,West,Electronics,4933.47,2,1091.34,30-04-2025
7775,2902,North,Office Supplies,4843.45,5,539.98,03-08-2024
7776,2910,North,Furniture,2132.6,4,10.9,24-08-2024
7777,1574,North,Office Supplies,3457.38,9,790.18,05-04-2024
7778,4047,East,Office Supplies,1411.19,7,705.45,01-07-2024
7779,1891,South,Electronics,848.22,9,1231.92,24-09-2025
7780,3059,South,Furniture,3865.17,7,686.66,13-07-2024
7781,1140,North,Electronics,2237.28,2,1206.5,06-09-2024
7782,2789,West,Electronics,967.56,2,725.63,14-09-2025
7783,4626,North,Office Supplies,3818.35,2,559.81,22-03-2025
7784,1016,North,Office Supplies,4584.33,5,431.01,12-03-2024
7785,2086,West,Office Supplies,4673.04,1,95.29,21-02-2024
7786,1252,North,Electronics,3022.04,7,792.85,10-05-2025
7787,1464,East,Electronics,2450.24,2,725.23,03-06-2024
7788,1375,North,Electronics,795.15,4,1458.76,15-11-2024
7789,2827,East,Electronics,3984.67,9,501.09,27-10-2024
7790,4028,North,Electronics,4732.08,8,516.59,13-07-2024
7791,1519,South,Electronics,4458.36,2,78.58,26-01-2024
7792,2860,West,Electronics,3783.74,4,815.87,14-08-2024
7793,1089,South,Electronics,122.39,4,1241.35,31-01-2025
7794,1719,North,Furniture,2097.98,2,221.47,27-07-2024
7795,3851,North,Furniture,2112.5,2,-184.57,17-02-2025
7796,3843,East,Furniture,4482.4,5,975.51,09-09-2024
7797,1629,North,Furniture,421.69,4,-146.66,03-03-2025
7798,2884,North,Electronics,2702.99,8,495.77,05-09-2025
7799,4246,North,Electronics,767.06,4,841.61,21-09-2024
7800,1075,South,Office Supplies,3345.24,8,456.22,24-06-2024
7801,4684,East,Office Supplies,3982.05,5,242.98,17-12-2024
7802,1925,South,Furniture,3245.6,1,1158.75,02-07-2024
7803,4734,East,Office Supplies,3993.47,9,311.59,19-11-2024
7804,3447,South,Furniture,3076.73,8,106.08,13-05-2025
7805,2805,North,Electronics,1030.21,1,460.27,11-07-2024
7806,1969,South,Electronics,1975.05,3,23.83,30-04-2025
7807,2094,South,Office Supplies,4788.66,3,973.67,13-07-2024
7808,3028,East,Electronics,1512.06,5,1007.14,21-01-2024
7809,4251,East,Electronics,408.03,7,-174.88,29-11-2024
7810,4195,South,Furniture,1985.67,1,981.27,22-07-2025
7811,2404,East,Office Supplies,1894.9,1,308.28,24-02-2024
7812,4364,East,Electronics,2404.51,6,915.55,02-01-2024
7813,3844,East,Office Supplies,2845.49,5,1001.02,30-10-2024
7814,1194,West,Electronics,4962.87,3,272.23,17-06-2025
7815,4982,East,Furniture,3805.55,3,115.16,20-05-2024
7816,1227,West,Electronics,275.86,4,1204.81,29-03-2024
7817,4502,West,Office Supplies,3592.29,2,1056.61,09-08-2025
7818,2459,East,Office Supplies,4138.74,9,1223.14,08-08-2025
7819,4858,South,Furniture,4488.59,4,540.72,31-10-2024
7820,1460,East,Electronics,2177.63,3,575.83,13-06-2024
7821,1617,North,Furniture,1636.77,7,385.08,04-08-2024
7822,4092,South,Office Supplies,4212.69,9,648.41,29-12-2024
7823,1063,West,Furniture,3910.32,2,899.17,14-06-2025
7824,3212,West,Electronics,2726.61,6,1184.73,10-10-2024
7825,3074,South,Electronics,677.63,5,111.39,27-12-2024
7826,4382,South,Furniture,3293.63,1,489.21,02-01-2025
7827,4059,East,Office Supplies,421.77,7,584.04,16-03-2025
7828,1284,West,Office Supplies,591.8,1,629.59,20-03-2025
7829,2683,North,Furniture,1722.59,9,721.35,11-01-2025
7830,3328,East,Electronics,1918.76,4,1162.97,10-05-2025
7831,1837,South,Electronics,2363.67,8,1306.63,06-07-2024
7832,1830,West,Electronics,1761.8,1,70.57,11-10-2025
7833,2187,South,Electronics,265.56,5,1011.56,14-12-2025
7834,4969,South,Office Supplies,871.34,3,614.48,18-01-2025
7835,3965,South,Electronics,664.05,4,510.12,03-03-2025
7836,1223,East,Furniture,2212.8,4,-7.32,06-06-2024
7837,1783,North,Furniture,1139.43,8,-90.97,18-09-2025
7838,4217,North,Furniture,1538.37,3,1462.28,12-08-2024
7839,4012,West,Furniture,2410.68,1,892.03,10-07-2025
7840,1949,South,Electronics,1254.25,5,569.12,29-12-2025
7841,4939,North,Office Supplies,1305.05,2,1095,21-09-2025
7842,4101,South,Electronics,4182.41,6,-45.07,06-01-2025
7843,1044,West,Office Supplies,2785.63,4,832.66,04-11-2024
7844,2810,South,Electronics,4298.12,9,923.04,24-12-2024
7845,1470,North,Office Supplies,2621.18,7,568.49,11-04-2024
7846,3081,South,Furniture,4555.39,2,229.42,04-04-2025
7847,3700,North,Furniture,1348.24,7,1422.79,11-05-2024
7848,4498,West,Office Supplies,3121.68,8,311.93,24-12-2025
7849,1829,South,Office Supplies,2565.84,3,12.15,20-07-2024
7850,2909,North,Office Supplies,4601.59,3,871.81,13-10-2024
7851,3268,West,Furniture,2150.55,2,776.35,26-05-2024
7852,2891,South,Furniture,4288.64,1,1083.11,20-10-2024
7853,3581,West,Electronics,2863.13,3,1081.43,02-02-2024
7854,1691,North,Office Supplies,3571.86,7,854.4,18-01-2024
7855,2390,South,Office Supplies,4445.78,9,152.81,02-11-2025
7856,1931,South,Office Supplies,4984.84,9,1308.15,24-04-2024
7857,1840,South,Furniture,3682.58,6,222.08,26-07-2024
7858,4814,West,Office Supplies,1641.16,6,-40.23,09-06-2024
7859,4058,West,Office Supplies,1565.16,5,312.55,16-10-2024
7860,2938,North,Furniture,1614.61,2,621.49,14-11-2024
7861,2573,East,Office Supplies,579.75,7,152.21,06-04-2025
7862,3629,South,Electronics,362.63,1,367.24,12-07-2025
7863,4187,South,Furniture,2946.13,6,673.28,21-02-2024
7864,3286,North,Furniture,4071.88,4,349,21-02-2024
7865,4406,South,Furniture,277.06,3,-48.16,19-06-2024
7866,3488,West,Electronics,2876.51,1,135.26,09-09-2025
7867,1147,West,Furniture,1921.63,6,1150.15,01-09-2025
7868,2032,South,Furniture,4473.18,7,1422.36,20-03-2025
7869,2311,South,Furniture,812.4,1,52.34,21-12-2025
7870,1387,West,Furniture,2860.82,1,957.73,10-05-2024
7871,4121,South,Electronics,4857.51,7,1339.49,10-08-2024
7872,2873,West,Office Supplies,1790.66,6,308.54,10-11-2024
7873,4588,East,Office Supplies,3734.71,7,1210.08,30-09-2025
7874,1915,East,Furniture,4424.01,8,1338.39,05-05-2024
7875,2878,South,Electronics,1012.43,8,309.15,26-05-2025
7876,3685,South,Furniture,4963.38,9,-103.54,09-05-2024
7877,4658,South,Office Supplies,4065.99,9,1358.55,08-12-2025
7878,4748,West,Office Supplies,774.06,7,361.82,13-02-2024
7879,1277,East,Electronics,1623.34,9,-176.65,18-01-2025
7880,2977,East,Office Supplies,3162.35,6,607.36,06-07-2024
7881,2859,North,Furniture,4436.1,9,-3.01,31-08-2024
7882,4036,North,Electronics,1054.69,2,1332.89,25-08-2025
7883,4371,South,Office Supplies,3682.91,2,63.49,10-06-2025
7884,2825,West,Furniture,1426.18,6,317.51,24-11-2025
7885,3636,South,Electronics,4046.54,3,1143.77,14-11-2024
7886,2833,East,Furniture,3448.87,2,1170.79,27-07-2025
7887,3696,South,Office Supplies,2662.25,8,1332.18,12-08-2025
7888,1617,South,Furniture,3284.34,7,645.57,30-09-2024
7889,2630,East,Electronics,4394.58,8,1477.43,11-03-2024
7890,3182,East,Furniture,1993.49,6,677.52,24-01-2024
7891,1579,East,Office Supplies,3869.33,9,1144.2,20-10-2024
7892,2170,East,Electronics,878.64,9,415.23,13-05-2024
7893,1489,North,Electronics,3535.81,2,1400.2,07-02-2025
7894,3525,West,Office Supplies,3778.22,5,964.53,28-04-2025
7895,2182,West,Furniture,2270.69,9,-68.93,20-07-2024
7896,1383,East,Furniture,3988.75,3,-15.52,17-06-2025
7897,1162,West,Office Supplies,2829.81,5,1314.38,09-06-2024
7898,3488,West,Electronics,4687.74,8,1176.25,27-12-2025
7899,2876,West,Office Supplies,651.09,2,361.16,15-02-2024
7900,2212,West,Electronics,741.02,6,686.71,12-05-2025
7901,3462,East,Electronics,4227.89,4,1249.67,13-03-2025
7902,2362,South,Furniture,4227.57,6,-24.17,14-04-2024
7903,2630,South,Office Supplies,2409,3,34.84,12-11-2025
7904,2204,South,Electronics,4823.41,6,1016.4,25-03-2024
7905,1287,North,Furniture,3429.01,7,-60.25,17-03-2024
7906,2857,West,Office Supplies,4915.98,3,399.36,07-07-2025
7907,1186,East,Office Supplies,2708.74,5,228.07,08-06-2025
7908,2907,East,Electronics,1087.91,8,1092.49,17-10-2024
7909,2161,North,Electronics,2277.53,2,-195.84,04-12-2024
7910,1129,East,Electronics,4904.39,7,-3.85,04-06-2025
7911,3241,South,Office Supplies,1915.03,1,-31.69,13-01-2024
7912,3363,North,Electronics,4789.38,7,340.73,17-06-2025
7913,4856,East,Office Supplies,4005.4,1,195.22,05-07-2025
7914,2887,North,Furniture,2266.32,4,188.08,07-01-2025
7915,1143,North,Office Supplies,2755.17,4,429.67,20-04-2025
7916,1015,East,Electronics,3076.45,5,163.88,06-05-2024
7917,4373,South,Office Supplies,3362.25,2,-19.44,11-11-2025
7918,3470,East,Electronics,475.83,6,791.53,10-08-2024
7919,1244,West,Furniture,4674.58,6,1417.95,24-09-2025
7920,1926,West,Electronics,3025.3,8,832.18,09-08-2024
7921,4178,East,Electronics,4662.63,1,1086.94,13-08-2025
7922,4159,South,Electronics,3196.3,4,1452.7,31-01-2025
7923,3176,West,Electronics,2211.98,2,60.38,08-04-2024
7924,1906,West,Electronics,2877.95,8,581.68,27-04-2025
7925,1886,East,Electronics,4164.57,4,789.14,07-02-2025
7926,1340,East,Furniture,1698.02,8,347.59,22-08-2024
7927,3051,East,Furniture,4786.65,2,842.32,04-07-2024
7928,4398,North,Office Supplies,2383.18,4,860.49,05-10-2024
7929,2433,North,Electronics,4785.56,9,1231.79,23-11-2025
7930,4950,North,Office Supplies,4415.71,5,1215.28,10-01-2025
7931,1305,East,Furniture,3861.54,6,42.29,06-02-2025
7932,1907,South,Furniture,2390.45,9,87.12,23-08-2024
7933,3654,West,Electronics,2976.03,9,178.03,19-10-2025
7934,4792,North,Electronics,4206.34,7,244.09,08-03-2024
7935,4296,South,Office Supplies,2765.87,2,759.64,24-06-2024
7936,2371,East,Furniture,3717.13,7,356.73,15-06-2025
7937,4039,North,Office Supplies,3974.23,9,1420.04,06-08-2025
7938,1320,East,Office Supplies,2614.17,2,1.11,28-03-2025
7939,1558,South,Office Supplies,2727.61,7,219.02,08-09-2025
7940,2204,North,Electronics,1069.39,7,1276.14,02-06-2025
7941,3665,North,Furniture,1299.22,3,793.36,22-02-2024
7942,3758,North,Office Supplies,4534.22,6,730.63,24-11-2024
7943,2409,North,Furniture,4217.62,8,810.39,23-09-2024
7944,2641,South,Furniture,149.6,8,228.85,16-12-2025
7945,4863,North,Office Supplies,4360,3,1094.46,26-01-2025
7946,4843,West,Office Supplies,223.65,6,644.1,01-02-2024
7947,2131,West,Electronics,2345.57,2,-127.59,09-07-2024
7948,3578,East,Furniture,430.42,2,101.17,25-11-2025
7949,3457,North,Office Supplies,4847.23,8,1188.26,05-07-2024
7950,4367,West,Office Supplies,4864.36,5,386.58,04-02-2025
7951,1817,West,Furniture,3093.27,5,1114.86,02-06-2024
7952,2194,West,Office Supplies,2021.8,4,927.74,20-02-2024
7953,4402,South,Furniture,2608.76,4,312.48,15-10-2024
7954,3540,North,Office Supplies,3835.27,8,15.96,21-06-2025
7955,4266,South,Furniture,1193.65,3,1171.81,04-10-2024
7956,1011,South,Office Supplies,2264.44,3,893.25,26-03-2025
7957,1194,West,Office Supplies,3712.62,8,311.36,29-11-2024
7958,3537,West,Electronics,2037.42,3,689.57,28-07-2024
7959,3842,East,Furniture,256.78,2,840.24,25-05-2025
7960,3928,North,Electronics,2586.23,5,-196.4,20-05-2025
7961,3229,North,Office Supplies,3713.31,3,939.87,26-04-2025
7962,4009,West,Furniture,4886.4,6,915.33,25-12-2024
7963,4888,West,Furniture,281.53,7,-59.62,03-12-2025
7964,1655,North,Office Supplies,2745.61,3,1139.18,24-05-2024
7965,2921,East,Office Supplies,2304.7,9,1202.65,06-07-2025
7966,4387,West,Office Supplies,1288,1,293.28,16-03-2024
7967,3741,East,Office Supplies,3225.04,7,75.76,03-11-2025
7968,3077,South,Furniture,901.75,4,967.02,14-10-2024
7969,2619,West,Electronics,1490.94,7,9.7,28-05-2024
7970,4749,South,Furniture,3930.61,9,1258.67,12-03-2025
7971,4867,West,Furniture,2356.02,9,616.22,04-12-2025
7972,4864,South,Furniture,4968.99,1,1346.68,29-11-2024
7973,2119,West,Furniture,1993.66,4,891.69,06-03-2024
7974,4452,East,Office Supplies,2369.98,7,284.66,25-06-2024
7975,1777,East,Electronics,1571.26,6,595.66,22-11-2024
7976,1443,East,Furniture,1257.84,9,699.89,26-06-2025
7977,1297,South,Furniture,4619.18,7,1185.77,17-07-2024
7978,1807,East,Electronics,3769.25,3,1265.15,23-02-2025
7979,2760,South,Office Supplies,1733.67,7,961.12,14-03-2024
7980,1844,West,Furniture,3530.76,5,300.14,26-02-2025
7981,2015,South,Office Supplies,4832.34,2,698.57,20-04-2024
7982,2384,West,Furniture,462.84,3,22.06,03-04-2024
7983,2397,North,Furniture,1396.07,6,191.19,25-12-2024
7984,1553,North,Electronics,1082.83,6,315.2,17-06-2024
7985,3350,North,Electronics,4361.94,7,-76.31,23-10-2024
7986,1420,South,Office Supplies,978.03,6,1304.48,17-09-2024
7987,2269,North,Furniture,1609.57,9,8.5,25-12-2025
7988,4791,North,Office Supplies,2764.92,5,984.63,13-11-2024
7989,2260,North,Electronics,3143.36,5,659.63,28-09-2024
7990,4605,West,Electronics,4060.1,8,1214.01,26-07-2024
7991,1184,East,Electronics,2095.88,8,1059.76,09-12-2024
7992,1467,South,Electronics,2717.8,1,1091.55,06-02-2025
7993,3801,North,Electronics,4830.76,3,511.19,23-03-2024
7994,3410,West,Office Supplies,1557.07,6,1217.76,27-08-2024
7995,2306,East,Office Supplies,1315.66,6,-38.94,26-09-2025
7996,2576,East,Electronics,3581.94,1,555.51,07-11-2025
7997,1335,East,Furniture,3878.57,2,1490.84,29-07-2025
7998,3209,West,Furniture,2132.42,7,1411.79,18-03-2025
7999,4231,North,Furniture,1143.6,1,-60.24,31-08-2025
8000,2497,East,Furniture,3916.72,5,774.08,09-03-2024
8001,4672,West,Furniture,3385.42,1,336.61,13-12-2025
8002,4393,West,Electronics,4393.52,6,1038.4,13-04-2025
8003,3059,South,Office Supplies,4237.2,7,1050.84,08-10-2025
8004,2447,West,Electronics,1105.46,8,-199.84,06-12-2024
8005,4144,East,Furniture,4178.46,3,1237.89,05-04-2025
8006,1587,East,Furniture,958.35,3,180.09,09-03-2025
8007,2881,West,Office Supplies,4332.15,1,1442.04,06-12-2024
8008,1200,East,Electronics,3874.57,3,1339.23,02-04-2025
8009,1521,West,Office Supplies,2892.32,5,124.12,16-04-2025
8010,2887,East,Furniture,3246.89,6,881.77,31-03-2024
8011,3552,South,Furniture,609.99,3,303.8,15-10-2024
8012,4809,North,Office Supplies,295.44,4,-24.93,29-09-2024
8013,2711,South,Furniture,1720.17,5,1285.8,16-06-2025
8014,1787,South,Electronics,4124.89,5,107.41,28-05-2025
8015,4110,North,Furniture,2382.35,9,515.64,13-08-2025
8016,1059,East,Furniture,1194.63,8,1371.12,09-07-2025
8017,1577,North,Electronics,4189.29,1,-71.9,06-12-2025
8018,1320,West,Furniture,1220.27,2,735.99,05-08-2025
8019,2458,North,Office Supplies,4095.92,5,772.65,01-07-2025
8020,4707,South,Office Supplies,2319.6,3,1097.21,11-07-2025
8021,4747,North,Furniture,2371.12,7,1206.12,11-08-2024
8022,4479,East,Electronics,1436.33,6,521.04,01-08-2025
8023,3037,South,Electronics,4510.85,2,1064.26,12-05-2025
8024,1922,West,Office Supplies,535.05,8,1347.75,22-09-2025
8025,2409,East,Furniture,807.59,5,1306.65,10-07-2025
8026,2694,South,Electronics,3215.84,6,653.09,25-01-2024
8027,1568,West,Electronics,4265.56,8,831.95,07-11-2025
8028,2101,East,Office Supplies,567.71,6,943.78,12-06-2024
8029,4265,West,Office Supplies,3695.39,3,1192.48,17-10-2024
8030,4356,North,Electronics,3738.31,7,663.15,14-02-2024
8031,1526,North,Office Supplies,2949.46,4,-9.77,02-01-2025
8032,3571,West,Electronics,2484.97,6,455.01,29-07-2024
8033,3660,North,Furniture,1673.33,6,1024.34,25-05-2024
8034,4227,West,Office Supplies,1822.16,5,860.46,15-12-2024
8035,4411,East,Office Supplies,3404.72,1,1080.94,09-02-2025
8036,3172,South,Furniture,419.91,8,649.92,10-01-2024
8037,1870,West,Electronics,2966.18,2,96.49,03-06-2025
8038,1279,South,Electronics,1465.79,4,-4.15,03-02-2024
8039,3964,South,Office Supplies,2386.37,3,618.15,21-08-2024
8040,4977,West,Electronics,2839,6,149.73,29-06-2024
8041,3669,North,Electronics,4439.73,1,1469.85,07-06-2025
8042,3893,East,Furniture,2937.47,9,137.88,04-12-2025
8043,2892,South,Furniture,1213.08,5,763.53,20-01-2025
8044,4729,East,Furniture,489.35,5,-196.99,29-09-2024
8045,2751,South,Office Supplies,3172.24,4,231.2,22-11-2024
8046,4981,West,Furniture,2770.74,4,240.54,30-11-2024
8047,1673,North,Furniture,3391.81,1,1054.58,28-05-2025
8048,2151,East,Electronics,2351.04,9,642.56,27-01-2024
8049,3361,South,Furniture,4143.12,9,-179.44,26-10-2025
8050,1331,West,Office Supplies,4608.88,4,444.59,19-05-2024
8051,2173,West,Furniture,296.02,4,896.13,05-12-2025
8052,3039,South,Office Supplies,3746.02,7,882.4,04-04-2024
8053,2477,South,Electronics,272.29,4,-108.39,16-06-2024
8054,1035,South,Electronics,2280.97,1,1379.15,31-05-2025
8055,2708,North,Furniture,2361.86,9,219.88,28-01-2024
8056,2443,South,Electronics,3511.47,2,1315.59,06-08-2025
8057,4093,South,Furniture,1826.78,5,162.8,03-11-2024
8058,3253,North,Electronics,4122.42,4,765.35,01-02-2025
8059,3686,West,Office Supplies,1780.03,8,490.34,13-05-2024
8060,3895,South,Electronics,1778.34,6,788.29,19-10-2024
8061,2379,East,Furniture,1191.53,7,646.37,04-12-2025
8062,1439,West,Furniture,3450.96,2,-196.52,09-05-2025
8063,3776,East,Furniture,475.28,4,397.27,20-12-2024
8064,2119,South,Office Supplies,1878.97,4,-180.93,30-06-2025
8065,3988,North,Electronics,1407.76,2,961.72,29-09-2025
8066,1163,North,Furniture,1223.74,4,1250.94,17-01-2024
8067,1147,North,Office Supplies,398.82,9,454.01,19-04-2024
8068,4601,South,Office Supplies,1032.88,8,692.16,19-04-2025
8069,3341,South,Office Supplies,2286.6,1,-88.08,22-08-2025
8070,1194,East,Electronics,2568.33,8,454.84,10-01-2024
8071,1662,North,Electronics,1420.57,9,36.06,16-07-2025
8072,1479,South,Electronics,3286.19,8,-90.01,21-04-2024
8073,4948,West,Office Supplies,1745.39,1,92.46,17-07-2025
8074,1122,South,Electronics,1899.5,8,1280.43,15-11-2024
8075,2423,South,Furniture,3934.86,5,1469.75,15-10-2024
8076,3746,West,Office Supplies,2804.64,9,1294.66,31-08-2025
8077,1964,North,Electronics,4770.56,9,1448.44,10-04-2025
8078,4523,West,Office Supplies,1860.58,6,1042.37,14-01-2025
8079,3708,North,Office Supplies,4156.42,3,71.5,25-06-2024
8080,4175,West,Electronics,3717.85,7,757.39,29-12-2024
8081,2778,East,Office Supplies,4461.93,3,1043.71,06-05-2024
8082,2485,North,Electronics,4788.28,7,672.89,19-09-2024
8083,4814,South,Electronics,137.61,8,742.93,21-03-2025
8084,3014,East,Electronics,532.66,5,796.52,03-04-2025
8085,4789,North,Office Supplies,3404.26,5,593.64,22-09-2024
8086,1709,North,Office Supplies,2011.98,4,294,13-10-2024
8087,3443,North,Electronics,4113.71,3,882.94,25-01-2024
8088,1911,West,Office Supplies,158.7,8,-109.04,03-07-2024
8089,2360,North,Electronics,4054.19,6,90.58,05-03-2024
8090,4052,South,Furniture,762.69,6,1372.94,02-03-2025
8091,4670,North,Office Supplies,1522.22,2,630.99,18-05-2025
8092,4213,South,Office Supplies,4848.48,4,1196.86,10-05-2024
8093,3364,South,Furniture,352.83,5,1035.12,30-10-2024
8094,2734,South,Furniture,1810.3,5,345.21,30-03-2025
8095,4629,East,Furniture,514.19,3,1166.2,22-04-2024
8096,2823,South,Electronics,4282.66,5,-44.75,25-07-2025
8097,4598,West,Electronics,3544.78,5,1287.46,09-06-2025
8098,2579,North,Furniture,4021.65,2,956.95,27-03-2024
8099,4472,West,Electronics,2683.67,5,1376.02,10-05-2025
8100,1680,East,Office Supplies,1852.83,3,1322.37,14-01-2024
8101,2333,North,Furniture,111.14,3,446.45,27-01-2025
8102,3542,South,Office Supplies,1461.84,5,1256.62,15-11-2025
8103,1555,North,Electronics,2621.31,9,757.13,28-05-2025
8104,1609,East,Furniture,3355.37,2,67.09,08-06-2024
8105,4844,East,Electronics,1221.79,9,1210.24,18-10-2024
8106,3156,West,Office Supplies,780.61,3,1343.46,05-08-2024
8107,4866,North,Electronics,1087.91,7,-56.27,24-02-2025
8108,1371,North,Office Supplies,1834.97,1,1381.94,29-06-2025
8109,3902,North,Electronics,827.05,1,822.15,22-10-2025
8110,1615,West,Office Supplies,868.4,8,-155.97,04-06-2025
8111,3815,East,Electronics,314.38,9,721.05,09-02-2024
8112,2914,South,Furniture,4297.95,3,1154.47,26-01-2024
8113,3253,North,Furniture,1176.82,6,706.41,05-05-2025
8114,1846,West,Electronics,4127.32,3,1002.32,31-01-2025
8115,1042,West,Office Supplies,2247.72,6,1295.29,25-01-2024
8116,1864,South,Electronics,3198.95,7,1278.59,17-07-2024
8117,2268,East,Furniture,470.94,5,104.08,05-01-2025
8118,4358,North,Office Supplies,2959.54,3,526.12,31-03-2024
8119,2378,North,Electronics,1520.98,8,-11.02,02-02-2025
8120,1784,West,Electronics,566.53,5,811.67,04-04-2025
8121,1475,East,Office Supplies,4550.34,1,1423.04,10-07-2025
8122,1082,North,Electronics,3057.78,9,109.14,12-08-2024
8123,2133,South,Furniture,1284.37,3,486.17,29-03-2024
8124,3237,East,Furniture,2156.28,2,1421.85,22-10-2024
8125,1799,East,Office Supplies,1848.81,3,1075.2,23-06-2024
8126,1935,West,Electronics,3532.84,7,-79.01,07-12-2024
8127,4980,West,Electronics,3076.42,8,528.31,26-07-2025
8128,3298,North,Furniture,196.93,2,1479.41,26-09-2024
8129,4795,West,Office Supplies,1069.35,7,570.51,12-12-2025
8130,3338,East,Office Supplies,2442.83,5,869.98,09-12-2024
8131,2668,North,Office Supplies,2282.88,9,991.66,10-08-2025
8132,4272,North,Furniture,2631.71,7,928.68,23-06-2024
8133,4868,East,Furniture,3602.57,1,681.82,14-04-2025
8134,1325,North,Office Supplies,3441.84,1,25.75,23-01-2024
8135,2534,South,Office Supplies,1926.79,6,1004.31,21-06-2025
8136,4480,South,Electronics,4400.15,9,1386.66,17-08-2024
8137,4678,North,Electronics,408.37,1,1400.88,06-12-2025
8138,4861,West,Office Supplies,2964.1,3,808.76,09-05-2024
8139,2985,South,Furniture,4753.46,5,636.74,29-05-2024
8140,2964,North,Furniture,2790.5,4,367.73,18-09-2025
8141,1836,South,Electronics,2330.02,1,-23.93,14-06-2024
8142,1507,West,Office Supplies,756.2,4,1301.3,05-09-2024
8143,3778,East,Furniture,4069.93,4,32.99,12-11-2025
8144,4672,North,Furniture,1931.59,4,289.51,29-10-2025
8145,3119,North,Furniture,3536.1,3,1058.68,28-07-2025
8146,2270,North,Furniture,1067.98,7,998.1,29-09-2024
8147,1640,North,Electronics,305.13,1,957.72,30-08-2024
8148,4795,North,Furniture,1596.79,2,1060.9,02-01-2025
8149,3987,North,Furniture,1478.93,1,721.36,29-11-2025
8150,2878,West,Office Supplies,4380.03,4,63.42,18-09-2025
8151,1607,East,Office Supplies,4336.9,5,1497.21,14-09-2024
8152,4658,West,Electronics,2716.08,5,1316.64,30-11-2024
8153,2958,West,Electronics,193.09,2,532.96,25-07-2024
8154,1565,East,Electronics,1218.79,3,701.55,17-04-2024
8155,2367,West,Electronics,3231.16,4,469.04,12-09-2024
8156,4996,South,Furniture,596.9,6,884.56,12-09-2025
8157,3101,West,Office Supplies,3533.05,6,1042.94,03-09-2024
8158,2753,North,Furniture,158.62,2,193.66,13-08-2024
8159,3575,South,Furniture,3444.43,2,535.75,26-06-2024
8160,3658,South,Furniture,4238.24,9,888.4,22-05-2024
8161,4603,East,Office Supplies,2399.17,2,1479.63,25-05-2024
8162,2581,West,Electronics,4162.5,2,352.29,17-03-2024
8163,2986,West,Electronics,3929.49,3,1066.5,07-02-2024
8164,3240,South,Office Supplies,3389.95,9,389.34,26-01-2025
8165,4966,West,Office Supplies,2281.23,6,-43.02,14-08-2025
8166,3105,West,Electronics,1432.33,6,1109.25,21-10-2025
8167,4508,East,Furniture,4318.23,5,903.82,19-03-2025
8168,4182,South,Electronics,3278.09,7,674.38,30-04-2024
8169,1128,North,Office Supplies,4010.28,4,947.56,02-12-2024
8170,2872,South,Electronics,2804.64,3,1294.81,27-10-2025
8171,1705,East,Electronics,942.15,7,1086.07,14-11-2025
8172,4996,East,Electronics,4899.25,1,1258.29,14-05-2024
8173,1851,East,Office Supplies,995.42,6,293.03,23-08-2024
8174,4397,West,Office Supplies,4565.08,2,1160.82,04-02-2024
8175,1007,South,Electronics,1119.88,2,412.02,12-01-2024
8176,3076,West,Electronics,1931.37,8,-164.89,11-01-2025
8177,2135,West,Furniture,2256.41,3,-126.59,03-01-2025
8178,3994,South,Furniture,4614.74,9,1041.6,10-02-2024
8179,4744,East,Electronics,4452.17,4,262.25,23-02-2024
8180,3178,North,Office Supplies,4133.78,6,322.89,08-05-2024
8181,3235,North,Furniture,1945.71,1,858.38,07-10-2024
8182,2698,South,Electronics,122.02,3,1060.57,01-12-2024
8183,3756,South,Furniture,3439.76,4,750.1,05-09-2024
8184,2498,East,Furniture,2113.67,5,1000.83,09-08-2025
8185,4435,South,Furniture,3809.59,1,1399.79,22-12-2024
8186,4275,South,Office Supplies,3994.78,4,1252.07,01-05-2025
8187,3259,East,Electronics,2254.64,5,209.37,21-01-2025
8188,2644,East,Office Supplies,3765.7,4,1341.55,15-11-2025
8189,1275,West,Office Supplies,4215.69,7,305.35,10-01-2025
8190,4144,South,Furniture,4649.53,8,923,14-02-2024
8191,2702,North,Electronics,2954.03,8,1287.02,10-03-2025
8192,2795,South,Furniture,3914.55,3,859.86,12-11-2025
8193,1242,North,Office Supplies,2523.37,5,1170.53,15-06-2025
8194,4858,North,Office Supplies,304.15,8,1376.49,25-07-2024
8195,4173,North,Electronics,860.58,7,1443.79,25-04-2024
8196,4034,West,Office Supplies,728.3,9,498.08,09-11-2025
8197,3732,East,Office Supplies,941.65,7,1487.71,11-10-2024
8198,1170,East,Electronics,150.04,2,261.86,05-04-2024
8199,1652,West,Furniture,4307.66,4,585.72,07-06-2025
8200,2932,East,Electronics,2844.73,8,1093.2,18-07-2025
8201,3235,West,Office Supplies,1977.44,9,1449.26,01-09-2025
8202,4512,South,Electronics,2107.92,7,-110,24-05-2025
8203,2109,West,Furniture,2370.42,5,1407.59,20-09-2024
8204,2499,East,Office Supplies,462.03,1,1497.75,01-03-2024
8205,3099,East,Furniture,1445.86,9,1346.29,08-05-2024
8206,3158,South,Furniture,4272.97,6,-15.75,29-03-2024
8207,2972,West,Electronics,3744.01,2,1229.19,18-03-2024
8208,3924,South,Furniture,2860.69,2,887.6,10-03-2024
8209,4925,North,Electronics,2455.45,1,-183.8,15-11-2025
8210,2066,West,Electronics,1368.97,4,1473.44,27-01-2025
8211,3258,South,Furniture,2409.15,2,55.89,15-09-2025
8212,3035,South,Electronics,3029.49,9,474.6,19-01-2025
8213,4271,East,Electronics,3591.93,2,-148.54,01-04-2025
8214,4881,West,Furniture,916.54,9,326.18,31-05-2024
8215,1857,North,Office Supplies,4084.24,1,766.15,25-07-2025
8216,4823,North,Electronics,1794.48,7,1382.45,18-08-2024
8217,3674,West,Electronics,2565.96,6,1483.62,10-04-2025
8218,2049,West,Furniture,3078.73,6,519.71,07-03-2025
8219,4990,South,Electronics,2491.67,2,527.91,30-09-2024
8220,1298,East,Furniture,2902.59,1,72.58,14-04-2024
8221,4148,East,Office Supplies,646.46,8,647.21,13-12-2024
8222,1923,East,Office Supplies,2217.56,8,1398.14,03-11-2024
8223,1136,West,Furniture,1474.29,2,81.17,14-09-2024
8224,2043,East,Office Supplies,521.53,4,253,22-12-2024
8225,3487,South,Furniture,1039.08,4,1315.24,20-08-2024
8226,1210,West,Electronics,3051.98,2,864.93,12-06-2024
8227,3799,West,Office Supplies,1063.76,9,361.86,30-10-2024
8228,2574,East,Electronics,987.21,4,1181.67,10-12-2025
8229,3482,North,Electronics,2808.87,4,-14.76,28-08-2025
8230,1779,North,Furniture,4533.04,4,1259.2,18-09-2025
8231,2230,South,Office Supplies,3964.59,5,680.6,12-03-2024
8232,3486,East,Office Supplies,4534.94,8,1086.79,02-06-2024
8233,2802,East,Electronics,2956.6,4,681.27,13-10-2024
8234,3713,West,Electronics,2108.65,3,218.66,10-09-2024
8235,2065,West,Furniture,3675.24,1,889.44,22-11-2025
8236,1410,East,Office Supplies,1380.68,2,63.14,19-03-2025
8237,4594,West,Furniture,482.46,4,190.78,08-01-2024
8238,3853,East,Furniture,1788.61,9,733.85,07-07-2024
8239,3657,South,Furniture,1566.26,1,462.97,04-02-2024
8240,1426,West,Office Supplies,3410.14,6,1066.84,17-05-2024
8241,4346,East,Furniture,2801.68,6,792.07,10-11-2025
8242,2471,West,Office Supplies,777.49,3,448.27,17-04-2024
8243,3949,South,Furniture,4551.67,9,355.44,03-11-2024
8244,1941,West,Electronics,3007.36,3,1352.51,19-05-2024
8245,2907,East,Furniture,2342.65,1,-131.86,26-12-2024
8246,1741,West,Furniture,4692.26,2,974.75,03-06-2024
8247,2392,West,Office Supplies,576.78,4,466.23,20-10-2025
8248,2243,East,Electronics,3969.01,4,441.51,08-11-2024
8249,2600,North,Electronics,1886.86,2,908.19,05-08-2024
8250,4938,West,Office Supplies,3507.41,6,1245.79,19-07-2025
8251,2255,West,Office Supplies,4660.55,6,1031.5,10-06-2025
8252,1327,South,Electronics,2636.79,3,939.19,10-08-2024
8253,2466,North,Office Supplies,210.93,1,643.54,31-12-2024
8254,3099,South,Electronics,241.36,9,597.6,01-12-2025
8255,4957,East,Furniture,1719.75,4,583.22,05-02-2025
8256,2966,East,Furniture,3930.13,9,47.26,12-12-2024
8257,1375,South,Electronics,1512.48,5,751.16,18-01-2025
8258,1262,West,Electronics,1738.9,7,336.29,22-10-2025
8259,1266,North,Furniture,3943.86,3,850.99,16-04-2024
8260,3406,South,Furniture,669.33,3,708.37,07-12-2024
8261,4388,South,Electronics,4249.38,8,1397.87,08-12-2024
8262,4395,East,Office Supplies,1402.38,1,539.38,19-11-2024
8263,2944,West,Office Supplies,350.99,8,929.48,29-07-2025
8264,4979,North,Electronics,674.98,8,807.76,07-11-2025
8265,4737,South,Office Supplies,4767.52,3,963.47,17-05-2025
8266,2893,North,Furniture,2311.49,1,253.86,19-07-2025
8267,2901,North,Furniture,1356.55,9,237.32,10-11-2024
8268,3699,South,Office Supplies,2654.23,4,751.45,01-10-2025
8269,4634,North,Electronics,3443.5,7,1243.4,05-07-2024
8270,2652,East,Furniture,1662.11,9,1024.01,25-12-2025
8271,2444,West,Furniture,3653.83,3,631.19,02-03-2025
8272,1045,West,Furniture,1336.04,5,233.66,22-11-2025
8273,4892,West,Office Supplies,650.45,3,1090.89,20-10-2025
8274,1599,East,Electronics,2793.57,5,1374.62,02-07-2024
8275,1719,East,Office Supplies,840.48,2,162.13,18-04-2025
8276,2912,East,Electronics,4708.38,4,1158.46,06-11-2025
8277,2292,West,Electronics,102.2,2,93.16,28-06-2024
8278,1600,North,Office Supplies,3802.91,3,1331.33,26-10-2024
8279,1380,East,Furniture,1469.42,5,891.48,06-04-2024
8280,1117,South,Electronics,4245.83,9,107.72,10-11-2025
8281,4637,East,Office Supplies,394.74,3,-138.36,01-12-2024
8282,3163,South,Furniture,4769.7,6,980.85,29-06-2024
8283,4701,West,Electronics,596.83,4,830.37,16-03-2025
8284,1259,South,Electronics,3960.63,4,839.24,06-02-2025
8285,2098,East,Furniture,2634.98,5,619.85,06-04-2025
8286,2503,East,Electronics,2208.93,7,844.55,23-08-2024
8287,3352,North,Office Supplies,1472.76,4,1284.48,28-08-2025
8288,3054,West,Electronics,4222.71,8,1418.4,10-08-2024
8289,1365,South,Electronics,1078.78,9,385.66,14-09-2025
8290,2657,West,Furniture,3634.08,9,629.38,19-09-2024
8291,3570,East,Office Supplies,2284.38,9,264.15,02-03-2024
8292,4419,North,Furniture,4992.63,2,499.7,16-08-2024
8293,2461,East,Office Supplies,3095.86,3,1153.01,26-08-2024
8294,3024,East,Furniture,610.53,5,522.48,26-12-2025
8295,4286,East,Electronics,2155.65,1,465.79,11-08-2025
8296,3476,South,Office Supplies,424.87,4,1245.19,11-07-2025
8297,1790,East,Office Supplies,1499.71,5,-197.84,03-07-2025
8298,4569,West,Electronics,1782.25,9,1248.72,29-08-2025
8299,4611,West,Furniture,4280.57,8,108.39,19-01-2025
8300,1746,North,Office Supplies,4206.14,1,266.67,28-12-2024
8301,3414,West,Electronics,156.63,3,414.74,20-05-2024
8302,1312,East,Electronics,2708.17,3,1297.11,25-07-2025
8303,1537,East,Office Supplies,1195.36,6,1344.76,27-03-2025
8304,1920,West,Office Supplies,1668.46,4,924,24-02-2024
8305,2077,North,Office Supplies,206.09,4,547.05,16-04-2024
8306,4612,North,Electronics,3773.75,1,677.42,13-10-2024
8307,2490,West,Furniture,4757.89,4,786.68,18-12-2024
8308,3912,South,Furniture,1174.41,1,1421.78,31-07-2024
8309,4235,South,Office Supplies,1774.69,5,1447.58,20-08-2025
8310,3829,South,Electronics,1111.53,3,1240.47,24-11-2025
8311,3381,South,Electronics,4657.24,5,792.34,29-06-2024
8312,4618,West,Office Supplies,145.84,3,464.25,13-06-2024
8313,1797,North,Electronics,2960.93,5,191.48,05-04-2024
8314,1347,East,Electronics,4366.74,4,708.57,16-03-2025
8315,1272,East,Electronics,1012.91,9,387.57,03-01-2024
8316,4010,West,Office Supplies,2990.98,6,-76.33,03-05-2025
8317,1719,East,Office Supplies,348.18,2,609.58,23-07-2024
8318,2773,South,Office Supplies,4091.47,1,770.85,29-01-2025
8319,4485,North,Furniture,1444.7,1,839.24,24-10-2024
8320,3547,West,Furniture,4944.89,1,-74.52,25-11-2025
8321,4164,North,Office Supplies,4617.85,9,621.29,14-06-2024
8322,1684,West,Electronics,3689.33,5,915.05,25-10-2025
8323,3126,West,Electronics,2534.53,4,1433.81,07-12-2024
8324,1621,West,Office Supplies,3856.29,5,-157.42,05-02-2025
8325,3039,West,Electronics,739.98,9,949.68,19-05-2024
8326,4288,North,Electronics,1619.98,3,-94.03,31-08-2024
8327,1946,East,Furniture,231.79,3,70.03,29-10-2024
8328,3405,West,Electronics,3260.62,2,94.62,29-07-2024
8329,3665,South,Electronics,4047.13,8,359.08,04-12-2024
8330,1506,West,Office Supplies,4736.8,7,1213.21,20-09-2025
8331,2582,North,Furniture,3463.89,2,1255.6,10-01-2024
8332,4252,West,Furniture,3687.25,4,437.42,14-05-2025
8333,3623,South,Electronics,4487.73,7,533.21,11-03-2024
8334,4317,North,Office Supplies,4688.25,1,168.95,28-04-2024
8335,1243,West,Furniture,2507.36,1,535.27,22-09-2025
8336,1505,South,Furniture,637.96,8,267.22,12-03-2025
8337,1421,North,Electronics,2385.44,6,97.3,06-05-2024
8338,4391,West,Furniture,2824.76,2,69.4,16-09-2024
8339,4158,South,Office Supplies,3194.57,1,1118.6,15-08-2024
8340,3264,North,Office Supplies,4947.49,3,-1.19,20-03-2025
8341,4561,West,Furniture,4596.06,4,847.26,20-08-2025
8342,4590,North,Office Supplies,2042.18,5,84.72,02-08-2024
8343,4349,South,Office Supplies,655.92,3,1224.33,23-01-2025
8344,2872,West,Electronics,1152.48,5,266.59,27-08-2024
8345,4793,West,Furniture,951.62,7,-123.68,14-01-2025
8346,4056,West,Furniture,1844.46,9,568.52,27-11-2024
8347,2192,South,Electronics,4394.8,5,1499.66,22-07-2025
8348,1329,East,Electronics,2246.05,4,1182.33,20-02-2025
8349,1649,West,Electronics,2879.66,9,769.45,13-06-2024
8350,2464,South,Electronics,977.92,8,122.05,14-07-2024
8351,1390,North,Office Supplies,2514.96,5,-0.24,26-08-2024
8352,2519,North,Office Supplies,4380.78,9,1225.54,05-10-2024
8353,1380,South,Electronics,3889.97,9,1139.1,10-03-2024
8354,4377,East,Furniture,497.83,1,585.72,19-01-2024
8355,1741,South,Furniture,4324.15,6,516.4,25-08-2024
8356,3010,North,Furniture,1441.76,5,1072.74,07-01-2025
8357,1819,North,Electronics,3362.01,6,711.26,27-08-2024
8358,1672,West,Office Supplies,817.28,3,487.09,07-12-2024
8359,3560,East,Office Supplies,3405.76,3,227.93,19-02-2025
8360,2771,South,Office Supplies,274.94,5,8.36,30-11-2024
8361,3996,North,Office Supplies,3043.16,7,811.15,10-11-2024
8362,2211,North,Furniture,3265.11,4,1204.28,10-03-2024
8363,1929,North,Furniture,1298.03,6,1068.51,16-07-2024
8364,2539,South,Office Supplies,4691.18,5,983.74,18-09-2024
8365,1912,South,Electronics,325.26,2,1379.05,12-07-2024
8366,1643,East,Office Supplies,4469.38,1,470.68,17-04-2025
8367,1426,West,Office Supplies,1971.3,6,33.27,11-05-2024
8368,1501,West,Electronics,3598.18,5,-26.69,09-01-2025
8369,1729,West,Office Supplies,3292.59,9,1423.52,10-03-2024
8370,2283,North,Furniture,924.41,7,801.24,27-11-2025
8371,4584,West,Electronics,1663.1,1,1178.35,20-03-2025
8372,3118,North,Electronics,2695.4,6,710.45,05-01-2025
8373,3525,East,Office Supplies,4247.9,7,477.44,15-03-2025
8374,4249,North,Furniture,4778.81,3,140.46,17-08-2024
8375,1456,East,Furniture,200.87,9,1255.89,21-05-2024
8376,3236,East,Furniture,1827.54,2,-92.02,14-09-2025
8377,1290,West,Office Supplies,3373.91,1,1330.4,23-03-2024
8378,4591,West,Office Supplies,2685.87,9,148.52,02-06-2025
8379,4836,North,Furniture,4720.81,7,-183.8,13-03-2025
8380,1919,South,Office Supplies,183.15,1,-23.37,10-04-2025
8381,3339,West,Furniture,2244.92,4,1301.96,26-07-2025
8382,2969,West,Office Supplies,3377.14,3,-74.7,23-11-2024
8383,1755,South,Electronics,1166.16,7,403.91,31-07-2024
8384,2658,South,Electronics,3656.77,5,225.54,01-07-2024
8385,2834,West,Office Supplies,498.02,9,-137.35,20-12-2024
8386,2306,South,Office Supplies,2310.09,3,703.49,18-07-2025
8387,2567,North,Furniture,3413.55,6,1497.17,07-08-2024
8388,2869,East,Electronics,1407.11,2,1250.11,17-08-2025
8389,1376,East,Furniture,461.85,3,87.12,14-11-2025
8390,4729,West,Office Supplies,4789.41,4,1303.34,28-01-2024
8391,2179,West,Furniture,4577.73,6,568.05,25-06-2024
8392,1507,North,Furniture,4639.21,1,264.53,13-01-2025
8393,2436,South,Office Supplies,4894.66,6,888.52,26-03-2025
8394,3575,West,Electronics,1005.02,4,168.38,01-05-2025
8395,4426,East,Furniture,873.1,8,1295.41,28-10-2025
8396,1558,North,Office Supplies,267.65,9,861.11,05-09-2024
8397,4834,North,Furniture,4469.93,8,31.24,25-07-2024
8398,4258,South,Office Supplies,3788.54,8,770.1,31-08-2024
8399,4102,West,Office Supplies,3202.99,2,667.63,09-11-2025
8400,3307,West,Office Supplies,4645.61,2,601.47,01-08-2024
8401,1420,North,Electronics,2917.88,6,420.46,24-03-2024
8402,2552,East,Electronics,735.68,5,606.15,27-01-2024
8403,4622,West,Office Supplies,966.64,6,796.22,04-02-2024
8404,1303,East,Electronics,747.7,9,1047.07,16-05-2025
8405,1941,North,Furniture,1607.52,7,1360.39,09-03-2024
8406,4110,West,Electronics,1959.53,5,-124.55,12-07-2024
8407,4560,East,Electronics,4004.51,7,767.88,23-10-2024
8408,4715,North,Furniture,1037.14,8,1078.36,15-07-2025
8409,3589,East,Furniture,3654.29,1,-3.56,10-07-2025
8410,4741,West,Furniture,2507.02,7,1349.55,02-10-2024
8411,2301,South,Office Supplies,4998.33,4,216.48,23-09-2025
8412,4274,East,Furniture,3905.25,5,1216.66,18-10-2024
8413,2089,South,Furniture,4847.87,2,925.41,12-12-2025
8414,3155,West,Furniture,1777.52,5,751.23,25-08-2025
8415,3315,South,Office Supplies,702.95,9,1277.71,21-11-2024
8416,3269,North,Electronics,2578.89,1,1447.7,31-05-2024
8417,2827,South,Office Supplies,708.77,3,1495.12,06-11-2025
8418,2553,East,Electronics,2513.01,4,961.58,12-05-2024
8419,4161,East,Furniture,1422.71,9,376.52,30-07-2024
8420,1692,South,Office Supplies,2506.13,2,1286.99,29-06-2024
8421,1254,North,Office Supplies,4753.22,7,912.39,26-12-2024
8422,2478,West,Electronics,1516.27,9,349.66,27-02-2025
8423,3300,South,Office Supplies,4967.83,4,1385.02,01-09-2025
8424,1256,East,Office Supplies,1223.71,5,1071.01,03-05-2024
8425,3430,East,Electronics,1119.73,4,569.81,26-06-2024
8426,1441,South,Office Supplies,2769.46,7,572.63,25-11-2024
8427,2881,South,Office Supplies,4226.02,8,1493.08,13-08-2024
8428,3646,South,Furniture,3772.57,8,435.31,11-06-2024
8429,2113,West,Furniture,3645.33,3,-40.06,07-05-2025
8430,4820,East,Furniture,1484.9,2,715.55,15-04-2025
8431,3437,East,Furniture,210.33,6,1304.25,22-12-2024
8432,1581,East,Furniture,892.57,1,793.68,06-12-2024
8433,4115,West,Office Supplies,1812.42,9,1148.25,03-06-2024
8434,2735,North,Office Supplies,4861.25,7,-106.73,11-07-2024
8435,4735,East,Furniture,4606.91,8,944.77,07-08-2025
8436,3645,East,Electronics,1083.16,7,-65.37,15-09-2024
8437,1018,North,Furniture,3655.55,5,745.81,17-08-2024
8438,2124,West,Office Supplies,2937.18,5,646.2,09-04-2024
8439,4985,North,Electronics,344.23,7,1407.53,13-08-2024
8440,3654,North,Furniture,1921.36,7,25.19,30-01-2024
8441,4837,North,Electronics,2481.76,2,-183.86,09-08-2024
8442,2380,North,Furniture,3371.11,2,33.5,16-01-2024
8443,2565,West,Office Supplies,1545.04,7,90.2,18-12-2025
8444,4832,West,Furniture,4675.71,5,226.55,02-04-2025
8445,3080,North,Electronics,2314.21,2,1185.65,03-08-2024
8446,2993,South,Office Supplies,1317.8,1,440.7,03-09-2025
8447,4300,South,Furniture,1650.5,9,1229.29,19-06-2025
8448,2547,South,Furniture,3784.24,8,262.29,08-03-2025
8449,4701,South,Furniture,3237.4,2,1262.92,04-09-2025
8450,1861,East,Furniture,3736.67,2,-186.25,11-07-2025
8451,1154,West,Office Supplies,1532.47,3,1388.71,27-08-2024
8452,4494,West,Office Supplies,1701.56,4,1068.28,11-04-2024
8453,1904,North,Furniture,2043.92,9,501.64,26-10-2025
8454,2269,East,Office Supplies,1024.11,6,781.47,12-02-2024
8455,1404,North,Electronics,3486.12,3,1386.13,20-07-2025
8456,1843,North,Office Supplies,1713.81,8,790.35,21-02-2025
8457,2782,West,Electronics,1698.56,6,188.57,16-11-2024
8458,2564,East,Electronics,1419.89,8,773.89,29-10-2025
8459,2184,South,Office Supplies,2318.86,2,1281.46,16-02-2025
8460,1746,West,Furniture,3882.68,8,1478.66,03-02-2024
8461,2725,East,Office Supplies,4194.48,5,792.94,20-03-2025
8462,4188,East,Electronics,4042.09,4,64.6,28-06-2024
8463,1270,West,Electronics,3143.85,3,1111.98,27-10-2025
8464,1769,West,Office Supplies,1474.09,9,1494.75,17-12-2025
8465,2715,North,Electronics,3700.79,7,605.18,24-09-2024
8466,2510,North,Office Supplies,292.87,7,452.35,17-06-2025
8467,4956,North,Office Supplies,4010.95,6,739.25,07-11-2024
8468,1171,South,Furniture,3923.12,9,80.1,06-01-2024
8469,1273,West,Electronics,3383.01,3,1451.18,01-07-2025
8470,3306,East,Office Supplies,579.83,1,1225.17,29-09-2025
8471,2158,West,Electronics,4986.97,7,-7.92,02-04-2025
8472,2706,East,Office Supplies,3806.41,9,1406.64,29-11-2025
8473,4793,South,Office Supplies,3700.55,6,1402.79,24-07-2025
8474,2771,West,Furniture,413.64,2,337.8,24-04-2025
8475,1421,East,Office Supplies,2053.66,8,852.54,08-03-2024
8476,2444,East,Furniture,522.25,9,-11.72,29-04-2024
8477,2209,North,Electronics,1869.08,8,-56.87,28-11-2024
8478,3411,South,Furniture,2895.38,9,653.05,11-12-2024
8479,4678,West,Furniture,4406.47,1,-115.55,01-09-2024
8480,3425,North,Electronics,1486.39,3,1287.32,02-08-2025
8481,4594,South,Furniture,3154.73,3,1377.76,27-10-2025
8482,1579,North,Furniture,906.79,9,-85.58,23-10-2024
8483,1890,West,Office Supplies,1834.42,3,-119.62,15-12-2025
8484,1721,East,Furniture,4741.46,1,176.41,06-10-2025
8485,4267,West,Office Supplies,3763.44,3,1380.93,19-09-2025
8486,1880,South,Furniture,2774.45,2,1107.32,27-08-2025
8487,2121,West,Electronics,1333.31,9,950.05,05-09-2025
8488,3652,South,Electronics,1960.56,1,1119.79,25-12-2024
8489,3007,North,Furniture,867.8,2,139.11,13-12-2024
8490,3069,South,Office Supplies,1831.99,1,236.2,12-03-2025
8491,2473,East,Furniture,838.1,9,339.97,16-04-2025
8492,4243,East,Office Supplies,3997,7,828.61,01-10-2024
8493,1382,East,Furniture,495.72,1,833.97,21-09-2025
8494,3181,North,Electronics,1028.09,6,154.63,05-03-2024
8495,2449,South,Electronics,3486.72,5,542.44,09-03-2024
8496,4096,North,Office Supplies,4522.33,5,973.03,27-12-2025
8497,3550,West,Furniture,4826.5,4,326.35,04-11-2024
8498,4256,West,Office Supplies,4196.51,3,-71.69,26-05-2024
8499,4156,West,Electronics,1136.21,8,135.56,31-07-2025
8500,2590,West,Office Supplies,1499.99,7,80.05,22-05-2025
8501,2786,East,Furniture,4366.69,5,874.3,24-06-2024
8502,1143,South,Office Supplies,4457.73,9,-83.47,31-07-2025
8503,2886,East,Furniture,3239.2,7,1304.07,19-07-2024
8504,4981,South,Furniture,1636.84,2,-56.54,18-01-2024
8505,2702,South,Electronics,1197.88,7,816.45,01-12-2024
8506,2435,North,Furniture,4276.19,7,1380.21,06-05-2024
8507,1223,West,Furniture,1105.75,4,-93.88,13-12-2025
8508,1219,South,Furniture,3342.84,8,451.28,06-05-2025
8509,1178,West,Office Supplies,4842.97,4,357.51,20-02-2024
8510,2654,West,Electronics,3555.93,7,385.15,30-09-2025
8511,1432,West,Office Supplies,1362.58,4,820.53,30-05-2024
8512,1264,East,Office Supplies,1484.28,8,245.58,09-06-2024
8513,1953,West,Electronics,555.18,3,-153.55,06-07-2024
8514,1428,South,Office Supplies,3462.56,2,1435.87,17-08-2024
8515,4733,East,Office Supplies,2640.33,6,1072.92,01-09-2025
8516,3463,West,Furniture,1111.71,7,29.72,29-06-2024
8517,4524,North,Office Supplies,1215.57,7,573.77,17-12-2025
8518,3774,West,Electronics,144.22,6,-93.37,14-04-2025
8519,3244,West,Office Supplies,4894.26,8,-152.64,02-03-2025
8520,2577,East,Furniture,4157.29,6,-119.23,22-03-2024
8521,4124,South,Office Supplies,2031.43,6,1084.82,07-02-2025
8522,1479,West,Electronics,4735.84,3,556.37,22-04-2025
8523,4514,East,Furniture,3417.89,2,1235.47,02-02-2024
8524,2353,East,Office Supplies,3782.17,7,318.87,15-08-2025
8525,4322,South,Electronics,3431.78,6,1118.05,04-04-2025
8526,4878,East,Electronics,3808.56,1,-67.51,28-05-2025
8527,1889,South,Office Supplies,937.6,2,879.68,21-02-2025
8528,4854,North,Office Supplies,2855.75,2,413.02,27-11-2024
8529,1924,West,Furniture,4261.94,1,270.43,24-08-2025
8530,3170,East,Office Supplies,195.76,3,1185.69,29-09-2025
8531,2902,North,Furniture,704.87,5,-111.73,19-02-2025
8532,2410,East,Office Supplies,1303.64,4,1414.2,16-06-2025
8533,2362,East,Electronics,1544.16,2,1135.43,05-01-2024
8534,1777,North,Electronics,995.25,8,404.54,10-10-2024
8535,3395,East,Electronics,3159.22,9,1485.27,30-10-2024
8536,1028,East,Electronics,1540.69,8,144.23,15-07-2024
8537,4022,North,Furniture,874.69,7,484.1,10-09-2024
8538,1034,East,Electronics,4538.55,2,1304.3,17-08-2025
8539,4589,South,Furniture,3505.67,6,1494.57,16-06-2024
8540,2419,East,Furniture,1305.69,4,206.49,06-01-2024
8541,3670,West,Furniture,1868.67,5,1063.29,21-05-2024
8542,4365,East,Office Supplies,3729.85,9,319.74,09-01-2025
8543,1588,West,Furniture,3975.46,9,1103,04-05-2024
8544,4420,West,Office Supplies,964.54,4,12.98,18-11-2024
8545,4218,East,Furniture,4689.22,8,371.49,29-01-2025
8546,4138,North,Office Supplies,3947.83,5,-72.5,15-06-2024
8547,1903,South,Office Supplies,4298.39,9,636.22,11-11-2025
8548,3567,South,Electronics,804.91,2,992.55,24-01-2024
8549,3169,East,Furniture,802.5,4,443.65,13-11-2025
8550,1339,North,Office Supplies,1596.31,3,845.02,18-04-2024
8551,1174,North,Electronics,416.77,7,767.45,28-07-2024
8552,2923,South,Furniture,546.23,2,300.81,29-08-2025
8553,2714,North,Electronics,801.72,3,627.52,20-07-2024
8554,1596,East,Office Supplies,3590.91,9,-82.67,13-02-2025
8555,1450,East,Electronics,248.13,8,581.85,02-01-2024
8556,1556,North,Electronics,507.9,2,578.92,20-04-2024
8557,2159,East,Furniture,4726.5,6,-151.18,08-08-2025
8558,4926,West,Office Supplies,509.92,3,673.58,16-03-2024
8559,4087,South,Furniture,2733.57,6,1054.08,30-07-2024
8560,2356,East,Furniture,3248.61,5,568.83,21-09-2025
8561,4266,North,Electronics,4797.11,4,898.24,20-08-2024
8562,4567,South,Office Supplies,4509.03,7,705.12,05-07-2024
8563,3056,East,Furniture,2259.35,7,1134.8,01-10-2024
8564,4899,South,Office Supplies,4716.6,4,674.57,05-11-2024
8565,3381,North,Furniture,2218.1,3,363.74,24-10-2025
8566,4404,West,Electronics,3382.6,4,1206.87,29-07-2024
8567,2016,West,Furniture,1372.08,2,-85.04,16-12-2024
8568,3374,East,Furniture,3219.56,4,292.08,17-11-2024
8569,3062,West,Furniture,2737.13,4,805.52,25-07-2024
8570,1838,East,Office Supplies,3073.47,5,1255.25,30-03-2024
8571,2637,South,Electronics,3444.99,1,-77.36,19-10-2025
8572,1225,East,Office Supplies,949.93,2,-36.71,05-03-2024
8573,4496,East,Furniture,1576.19,8,280.05,19-02-2025
8574,2813,East,Electronics,3707.58,8,385.77,20-08-2025
8575,4479,West,Office Supplies,902.74,8,1234.02,18-10-2024
8576,3160,East,Furniture,1786.78,5,1430.14,21-04-2025
8577,3020,North,Electronics,3365.75,8,-170.71,16-03-2025
8578,2451,East,Electronics,4694.49,9,-173.89,04-01-2025
8579,3048,South,Furniture,468.97,4,1270.18,03-11-2025
8580,3313,North,Electronics,2631.15,4,30.55,15-10-2025
8581,2514,South,Electronics,501.34,7,376.87,07-03-2025
8582,2231,South,Office Supplies,1957.75,5,267.86,26-08-2024
8583,2645,South,Electronics,959.39,1,279.18,19-10-2024
8584,2735,North,Office Supplies,3282.25,8,358.61,24-08-2024
8585,3999,North,Office Supplies,3813.38,4,371.28,06-10-2025
8586,4440,West,Office Supplies,1311.98,8,854.26,01-12-2025
8587,1305,North,Office Supplies,3593.15,2,868.93,26-12-2025
8588,3059,East,Electronics,2289.41,4,688.92,20-11-2024
8589,4416,South,Electronics,1489.54,2,1259.52,25-02-2025
8590,4536,West,Office Supplies,2664.67,5,1237.64,05-03-2025
8591,2723,North,Electronics,1960.29,8,169.27,19-12-2024
8592,2689,South,Office Supplies,1226.98,7,724.19,16-10-2025
8593,2517,North,Office Supplies,3808.54,5,1132.52,10-05-2025
8594,2391,West,Office Supplies,4007.87,7,1273.69,19-10-2024
8595,4917,North,Furniture,4021.53,5,233.82,15-09-2025
8596,3984,North,Electronics,1972.5,7,639.97,13-09-2024
8597,1419,South,Electronics,930.69,4,692.55,16-02-2025
8598,3936,East,Office Supplies,4218.02,4,989.39,15-01-2025
8599,4862,North,Electronics,1713.39,4,361.44,18-07-2024
8600,3218,West,Office Supplies,3765.53,8,298.87,12-08-2024
8601,1133,North,Electronics,4105.51,1,999.52,01-11-2025
8602,3030,North,Office Supplies,3863.95,5,478.87,20-10-2024
8603,4012,East,Office Supplies,2010.05,2,-193.16,03-06-2025
8604,2450,South,Furniture,4696.28,4,1394.34,29-08-2025
8605,4096,West,Office Supplies,3334.8,5,54.4,07-11-2025
8606,2553,South,Furniture,2921.16,8,52.68,18-03-2025
8607,4261,South,Electronics,3519.75,2,1191.22,19-12-2025
8608,2164,South,Electronics,319.16,2,370.35,30-06-2024
8609,4626,North,Furniture,2013.52,2,357.9,14-05-2025
8610,2869,East,Electronics,4417.96,8,858.07,17-03-2025
8611,2819,North,Furniture,889.29,3,-99.63,30-08-2025
8612,3705,West,Electronics,2130.56,5,202.83,08-10-2024
8613,4386,East,Furniture,2085.72,2,-109.44,22-04-2024
8614,4515,South,Furniture,1844.6,6,295.57,23-09-2024
8615,2342,East,Office Supplies,2855.52,6,1278.88,18-06-2025
8616,2464,West,Electronics,4981.37,2,1345.87,09-04-2025
8617,4163,North,Office Supplies,1353.66,4,326.04,20-01-2025
8618,3226,North,Furniture,3554.29,2,118.9,22-05-2025
8619,2079,South,Office Supplies,3814.18,4,29.97,22-04-2024
8620,2178,North,Furniture,2964.04,7,470.51,12-11-2024
8621,2695,North,Electronics,577.63,5,1204.89,11-05-2024
8622,1110,West,Electronics,2904.63,4,1249.53,07-06-2025
8623,3184,East,Electronics,4771.98,3,-121.92,12-04-2024
8624,3279,North,Furniture,1776.09,6,155.69,12-11-2025
8625,4039,West,Office Supplies,3234.47,2,145.39,03-07-2024
8626,1467,West,Electronics,4801.05,4,1208.33,06-03-2024
8627,3779,South,Furniture,4010.15,8,575.7,14-05-2024
8628,3528,West,Office Supplies,3472.71,2,426.27,04-05-2024
8629,4139,South,Furniture,4858.63,9,1426.23,26-02-2024
8630,1813,North,Furniture,935.86,2,1373.11,28-10-2024
8631,2272,South,Electronics,3886.47,8,548.18,24-11-2025
8632,1993,West,Furniture,2093.5,8,18.16,21-10-2025
8633,3031,East,Furniture,1866.12,7,90.71,14-01-2024
8634,1322,East,Office Supplies,2651.3,6,-9.46,17-09-2025
8635,3969,North,Electronics,265.38,1,956.86,10-04-2025
8636,1903,North,Furniture,1631.4,2,742.97,17-03-2025
8637,2541,East,Furniture,914.46,7,746.3,27-01-2024
8638,2999,South,Office Supplies,779.59,4,-32.76,18-01-2025
8639,2815,North,Furniture,1752.97,9,1148.57,15-11-2024
8640,4503,West,Furniture,4031.1,3,710.47,06-08-2024
8641,4558,North,Furniture,1085.44,4,-45.35,18-06-2024
8642,3653,South,Furniture,2703.94,3,1070.12,16-02-2025
8643,3476,North,Furniture,3768.42,7,1468.21,14-08-2025
8644,4340,West,Office Supplies,1280.76,2,550.01,22-02-2025
8645,4780,West,Furniture,4628.6,2,-3.39,25-04-2024
8646,4608,West,Furniture,4345.84,2,-27.62,28-08-2025
8647,1147,South,Furniture,1330.77,4,-156,09-03-2024
8648,2141,South,Furniture,4949.23,8,1109.68,13-10-2024
8649,1849,West,Electronics,3378.94,8,979.8,13-11-2025
8650,1366,West,Electronics,1501.89,8,793.21,29-08-2025
8651,3897,South,Electronics,3437.08,8,1101.57,05-04-2025
8652,2089,South,Electronics,3364.62,7,1498.81,28-05-2024
8653,3038,South,Office Supplies,3070.35,6,483.14,11-07-2024
8654,3860,East,Electronics,3587.31,7,999.88,20-08-2024
8655,4441,South,Office Supplies,1414.75,5,441.17,17-12-2025
8656,1174,West,Electronics,4897.03,8,398.5,10-06-2024
8657,2854,East,Office Supplies,4303.69,2,1246.56,01-07-2025
8658,1587,South,Electronics,3754.13,5,777.1,02-04-2025
8659,1494,West,Furniture,228.89,7,5.04,06-07-2025
8660,4020,North,Electronics,2992.89,9,485.98,10-06-2024
8661,2137,East,Electronics,3561.77,1,1154.14,01-06-2024
8662,4182,West,Electronics,4285.09,9,1398,16-03-2025
8663,2784,North,Furniture,4736.17,3,844.53,16-11-2024
8664,4510,West,Office Supplies,4587.68,1,470.16,16-03-2024
8665,4786,South,Office Supplies,2089.62,7,228.37,14-01-2025
8666,2170,South,Furniture,4492.86,3,517.44,30-11-2025
8667,1034,North,Electronics,103.67,8,761.61,13-03-2025
8668,1998,South,Electronics,1822.23,2,-192.49,01-12-2025
8669,2332,West,Electronics,658.02,4,256.75,05-05-2024
8670,3585,North,Office Supplies,4427.03,2,941.58,06-12-2025
8671,3797,West,Office Supplies,4647.11,4,944.49,18-07-2024
8672,2037,West,Furniture,1354.44,1,910.11,12-08-2024
8673,1373,West,Furniture,1899.82,5,1414.9,03-08-2025
8674,3604,South,Office Supplies,4921,3,766.53,10-07-2024
8675,2451,South,Electronics,2873.71,9,258.54,05-06-2025
8676,2751,West,Electronics,2535.57,4,1179.74,02-09-2024
8677,3280,East,Electronics,2552.13,6,461.94,15-02-2025
8678,1704,West,Electronics,3511.32,9,206.79,07-06-2025
8679,1562,West,Furniture,4777.26,2,746.47,09-07-2025
8680,3986,North,Furniture,1896.45,7,291.36,12-09-2025
8681,3934,West,Office Supplies,946.02,3,473.47,14-12-2024
8682,3773,South,Furniture,1006.56,1,978.37,30-03-2024
8683,4734,North,Electronics,199.76,9,1493.11,06-04-2025
8684,4511,East,Office Supplies,2821.51,9,896.04,18-10-2024
8685,4573,North,Furniture,4652.67,4,270.02,17-10-2024
8686,4346,East,Furniture,3594.08,9,-46.21,03-01-2025
8687,2873,North,Furniture,4965.53,7,415.34,20-09-2024
8688,3123,North,Furniture,4556.68,4,-167.17,28-09-2024
8689,1438,East,Furniture,2510.1,2,590.08,09-03-2024
8690,4803,South,Electronics,2484.09,5,921.97,23-05-2024
8691,2883,South,Electronics,3178.95,8,670.05,25-02-2024
8692,2979,South,Electronics,643.58,6,1270.98,06-07-2025
8693,1698,North,Furniture,3077.65,5,639.89,17-03-2024
8694,2312,West,Office Supplies,2373.96,4,586.05,03-06-2025
8695,3962,North,Electronics,3249.43,6,326.45,05-11-2024
8696,2563,West,Electronics,2869.53,3,1223.94,30-03-2024
8697,3938,West,Furniture,1620.94,2,1336.12,10-01-2025
8698,1691,South,Office Supplies,3078.03,1,1462.46,12-07-2024
8699,3300,West,Electronics,1893.47,9,1468.06,05-08-2025
8700,4197,North,Electronics,1053.64,1,1466.72,02-12-2024
8701,2200,North,Office Supplies,3407.85,4,1010.33,20-05-2025
8702,4108,South,Furniture,1601.1,6,756.51,17-04-2024
8703,3457,East,Office Supplies,4456.22,9,92.99,29-08-2025
8704,2634,North,Furniture,1076.73,4,1104.01,25-05-2025
8705,2633,West,Electronics,3040.71,7,1049.3,16-11-2024
8706,1126,North,Office Supplies,2900.59,7,1232.08,20-04-2025
8707,2506,North,Office Supplies,1068.93,6,586.17,12-10-2024
8708,2191,North,Electronics,2255.45,9,1317.12,16-12-2024
8709,3639,East,Electronics,3410.14,7,1021.75,01-09-2024
8710,1293,West,Furniture,1660.78,3,90.91,09-08-2025
8711,4916,South,Electronics,657.77,6,151.74,27-12-2024
8712,4709,North,Electronics,3114.68,7,1184.25,01-12-2024
8713,2366,West,Office Supplies,1198.2,7,523.68,10-10-2025
8714,2019,West,Furniture,3439.23,6,223.32,09-08-2024
8715,3357,South,Electronics,4213.39,3,518.38,16-12-2025
8716,3709,North,Office Supplies,704.44,6,74.34,13-03-2025
8717,3575,East,Electronics,2244.28,2,1315.95,26-07-2025
8718,3587,West,Electronics,2280.12,1,-78.38,23-03-2025
8719,1418,South,Electronics,3199.43,8,400.51,18-09-2024
8720,1443,East,Electronics,1738.6,3,746.78,27-10-2024
8721,1684,West,Furniture,2150.99,8,1285.2,30-07-2025
8722,4629,North,Office Supplies,158.76,3,1128.63,02-07-2025
8723,3887,West,Office Supplies,699.89,2,-161.88,21-08-2024
8724,3283,East,Electronics,2892.32,8,1202.92,19-07-2024
8725,2462,East,Office Supplies,1157.89,3,884.8,04-02-2025
8726,3261,North,Electronics,808.43,8,26.69,05-09-2025
8727,1084,North,Office Supplies,1689.62,2,849.71,19-04-2024
8728,3841,South,Furniture,901.32,4,1190.42,15-07-2025
8729,2767,North,Furniture,392.15,9,823.59,22-05-2025
8730,1084,South,Office Supplies,1490.91,1,1498.55,02-11-2025
8731,2944,East,Electronics,905.36,2,661.91,29-07-2024
8732,4560,East,Electronics,4017.04,2,944.32,13-05-2025
8733,3112,West,Electronics,407.02,9,-80.37,18-10-2025
8734,2669,West,Electronics,3762.47,5,1182.44,07-07-2024
8735,1662,South,Furniture,1975.7,4,860.98,03-07-2024
8736,1626,North,Electronics,3409.07,4,754.11,08-11-2024
8737,1063,North,Electronics,358.18,7,1004.97,29-03-2025
8738,4414,West,Electronics,4611.45,3,752.87,05-09-2024
8739,3986,East,Electronics,3860.14,9,1102.97,03-11-2025
8740,4946,South,Furniture,786.7,5,791.98,20-10-2025
8741,1918,East,Office Supplies,1172.04,9,684.09,05-11-2025
8742,2375,East,Office Supplies,3255.58,1,29.53,19-11-2025
8743,2181,North,Electronics,4615.66,8,602.11,17-08-2024
8744,2612,South,Electronics,2284.58,2,715,06-11-2025
8745,1490,East,Office Supplies,2479.6,8,861.78,11-08-2024
8746,4729,West,Furniture,1265.22,4,575.02,23-02-2024
8747,2878,West,Furniture,1976.75,2,49.29,05-02-2024
8748,4534,North,Furniture,1501.49,2,55.62,18-07-2025
8749,4296,West,Furniture,1817.8,6,1025.68,30-11-2025
8750,2940,West,Furniture,200.93,3,924.46,26-04-2025
8751,1312,East,Furniture,301.2,3,241.15,08-08-2025
8752,3662,West,Furniture,3435.36,9,557.96,26-10-2024
8753,1918,West,Furniture,3440.8,5,321.83,15-10-2024
8754,2882,East,Furniture,1718.13,7,107.74,03-03-2025
8755,1812,North,Electronics,4438.77,5,354.48,06-11-2024
8756,3987,North,Furniture,1403.95,2,246.57,02-04-2025
8757,2489,South,Electronics,2039.35,8,-59.87,09-07-2025
8758,4159,West,Office Supplies,3683.74,9,657.63,20-02-2024
8759,4954,East,Electronics,3743.48,2,566.5,23-05-2025
8760,2326,South,Office Supplies,4319.71,2,1014.83,08-04-2024
8761,1679,North,Electronics,242.39,4,854.52,07-12-2024
8762,1434,North,Office Supplies,1000.42,8,383.74,16-07-2025
8763,1681,East,Electronics,3238.8,5,643.72,08-10-2025
8764,2158,South,Electronics,1757.18,5,711.34,25-12-2025
8765,2073,South,Office Supplies,313.45,7,1359.83,19-01-2025
8766,2455,East,Furniture,2973.69,4,1468.88,14-10-2025
8767,3387,East,Furniture,2026.06,9,1186.42,01-04-2025
8768,3394,South,Furniture,1884.06,4,755.58,30-10-2024
8769,3693,North,Furniture,1395.38,8,1377.78,17-09-2025
8770,2370,West,Furniture,129.39,3,102.79,17-11-2025
8771,1648,North,Electronics,993.56,6,984.04,12-07-2025
8772,1244,East,Furniture,2423.75,1,582.8,22-09-2024
8773,3156,South,Electronics,1451.11,7,46.07,26-01-2024
8774,4896,South,Office Supplies,4384.5,7,-72.14,19-02-2024
8775,4870,West,Furniture,800.7,2,617.26,02-10-2025
8776,3580,South,Furniture,4389.17,5,206.25,30-12-2024
8777,4161,West,Furniture,2083.65,4,225.86,24-05-2024
8778,1295,North,Furniture,1451.62,9,344.37,24-05-2024
8779,3159,North,Electronics,1591.03,2,1021.22,15-06-2024
8780,4884,South,Electronics,1717.35,3,78.95,12-02-2024
8781,2612,South,Electronics,2582.16,1,1019.85,06-07-2025
8782,4248,East,Office Supplies,1834.02,5,1130.61,15-01-2024
8783,3390,East,Electronics,3271.31,3,810.62,08-05-2024
8784,4731,South,Furniture,2183.38,4,220.85,27-02-2024
8785,3148,South,Office Supplies,3391.05,4,-112.39,23-02-2024
8786,4829,North,Office Supplies,3061.69,6,493.51,11-08-2024
8787,3676,South,Furniture,1297.82,7,1240.66,15-12-2025
8788,2627,East,Furniture,4082.59,7,-26.82,12-05-2024
8789,4472,North,Furniture,4015.01,8,1066.21,27-07-2025
8790,1027,West,Furniture,4946,3,595.41,30-08-2024
8791,3984,East,Electronics,957.75,5,1328.02,28-07-2024
8792,2985,East,Office Supplies,4254.41,6,405.54,29-08-2024
8793,2560,North,Furniture,4372.71,6,998.07,17-01-2025
8794,1057,West,Electronics,3246.6,8,1058.2,28-07-2024
8795,2521,East,Furniture,2581.29,5,137.86,02-08-2024
8796,1296,South,Electronics,4790.57,5,68.85,31-08-2024
8797,3181,East,Furniture,4866.19,1,-42.36,11-03-2024
8798,4402,North,Furniture,3244.32,1,992.69,30-03-2024
8799,3296,North,Furniture,1861.84,6,731.86,24-03-2025
8800,4068,North,Electronics,4104.11,5,-52.58,04-06-2024
8801,3597,East,Furniture,537.35,6,324.17,12-01-2025
8802,1901,West,Electronics,1523.92,9,41.99,24-03-2024
8803,2964,South,Electronics,4929.22,8,-42.44,28-02-2025
8804,2098,North,Office Supplies,4090.23,7,307.91,24-10-2025
8805,2677,West,Electronics,4703.95,7,-36.3,02-11-2025
8806,3881,South,Electronics,3014.49,6,242.32,30-04-2025
8807,2191,North,Electronics,2097.6,6,739.62,22-03-2024
8808,1770,South,Electronics,4900.48,1,753.54,04-07-2024
8809,2526,South,Electronics,1616.19,7,85.6,29-03-2024
8810,4956,West,Office Supplies,3811.33,5,124.72,08-06-2024
8811,2378,South,Furniture,2835.21,7,1253.45,04-01-2025
8812,2248,North,Office Supplies,1219.69,6,83.79,15-07-2025
8813,4735,West,Office Supplies,185.67,8,-122.24,27-06-2024
8814,2554,East,Furniture,1980.44,3,216.2,23-07-2024
8815,1145,East,Electronics,2783.66,8,779.92,14-06-2025
8816,2983,West,Furniture,997.63,7,-187.72,29-05-2025
8817,2264,East,Electronics,2131.32,1,1474.48,25-04-2024
8818,2907,South,Furniture,3114.43,3,191.66,12-12-2024
8819,3940,North,Office Supplies,3603.12,4,204.8,04-02-2025
8820,3391,South,Electronics,358.44,9,1055.65,25-10-2024
8821,2772,West,Office Supplies,3354.49,6,221.9,30-10-2025
8822,2058,North,Electronics,377.67,7,473.46,24-05-2025
8823,3749,West,Furniture,238.11,5,724.66,17-04-2024
8824,3048,West,Furniture,846.82,3,-162.82,21-02-2024
8825,3019,West,Furniture,3302.86,5,1223.4,18-12-2024
8826,1152,South,Furniture,358.83,7,670.49,23-06-2025
8827,3476,North,Furniture,202.39,9,331.96,30-07-2024
8828,1507,North,Office Supplies,678,9,479.64,18-04-2024
8829,4197,North,Office Supplies,4753.63,8,-105.1,04-01-2025
8830,1490,South,Electronics,4545.66,5,1020.57,12-06-2025
8831,4553,East,Office Supplies,523.68,7,717.16,27-08-2024
8832,1344,South,Electronics,1589.66,4,1353.79,24-12-2025
8833,2935,South,Electronics,4741.73,5,589.12,05-02-2025
8834,2761,West,Office Supplies,578.67,4,1208.28,28-06-2024
8835,1220,North,Office Supplies,563.52,3,120.16,28-09-2024
8836,2938,North,Electronics,521.42,1,-103.93,25-03-2024
8837,2942,East,Office Supplies,4884.73,5,1412.35,09-05-2025
8838,1722,East,Office Supplies,3741.23,2,236.83,27-10-2024
8839,4096,West,Office Supplies,1150.97,6,1217.09,24-02-2025
8840,1527,North,Furniture,325.14,5,237.47,28-07-2024
8841,4253,East,Furniture,4829.68,2,64.93,03-11-2024
8842,2522,East,Electronics,2184.9,8,1045.3,02-03-2024
8843,3888,North,Office Supplies,3032.04,5,1123.29,05-01-2024
8844,2664,South,Electronics,1468.06,2,1234.14,10-05-2025
8845,4113,East,Office Supplies,3815.97,1,1270.28,16-04-2024
8846,4986,North,Furniture,1064.33,2,621.32,06-06-2025
8847,1480,East,Office Supplies,3955.87,1,480.37,27-12-2025
8848,3977,West,Office Supplies,1229.95,3,1076.65,18-04-2025
8849,2871,East,Office Supplies,579.77,3,767.96,21-01-2025
8850,4819,North,Furniture,2446.23,1,1440.98,27-06-2024
8851,3919,East,Furniture,4084.76,7,438.92,04-05-2025
8852,2462,West,Furniture,1985.84,7,-127.11,06-03-2024
8853,2425,West,Electronics,241.48,9,801.82,27-11-2025
8854,4617,East,Office Supplies,2811.22,5,400.9,12-06-2025
8855,1344,East,Furniture,3434.31,4,382.55,21-01-2025
8856,4964,West,Electronics,3729.41,5,759.68,21-01-2025
8857,1044,West,Furniture,2069.43,8,1367.03,05-07-2025
8858,4717,South,Office Supplies,575.4,8,253.83,01-12-2024
8859,3068,South,Electronics,2963.2,4,445.31,10-08-2025
8860,2657,West,Furniture,1714.78,8,1315.12,20-02-2024
8861,4141,East,Furniture,4739.75,4,1321.87,02-10-2025
8862,2887,North,Electronics,2563.29,4,198.8,02-11-2024
8863,3920,East,Electronics,2414.1,8,1000.76,16-09-2024
8864,3095,East,Electronics,1615.13,2,506.45,21-12-2025
8865,2514,South,Electronics,1760.05,4,1391.2,29-07-2024
8866,3598,South,Electronics,2612.5,1,1044.82,05-10-2025
8867,3334,South,Furniture,1602.66,1,640.4,06-03-2025
8868,2001,West,Electronics,4472.29,8,1189.6,18-08-2025
8869,2033,West,Electronics,2251.19,4,1496.39,18-02-2024
8870,3589,East,Office Supplies,1530.91,6,559.97,16-03-2025
8871,3040,East,Furniture,861.43,5,434.97,02-09-2024
8872,3803,North,Office Supplies,3394.52,6,831.96,04-07-2025
8873,1273,East,Furniture,226.36,4,961.24,27-03-2025
8874,1955,East,Furniture,2304.98,4,997.56,24-05-2024
8875,3647,South,Furniture,2795.6,7,605.09,16-10-2025
8876,2779,South,Electronics,1764.94,1,364.9,03-09-2024
8877,1380,South,Office Supplies,3774.11,9,1197.27,26-12-2024
8878,2352,South,Furniture,3410.74,3,1429.04,29-10-2025
8879,1478,South,Furniture,4859.86,4,1268.77,16-01-2024
8880,3062,North,Furniture,2592.96,9,960,24-01-2025
8881,1515,North,Office Supplies,2735.28,5,412.26,13-12-2024
8882,1190,North,Furniture,1304.61,4,858.22,07-10-2024
8883,2191,South,Office Supplies,1988.87,6,-28.03,04-07-2025
8884,4592,West,Office Supplies,231.62,1,707.65,24-05-2024
8885,3668,South,Electronics,3477.45,1,1128.07,15-02-2024
8886,2160,South,Furniture,1626.95,5,226.8,07-04-2025
8887,3201,North,Furniture,2747.8,5,652.61,04-01-2025
8888,2411,South,Office Supplies,1349.46,9,-75.43,02-11-2024
8889,4280,North,Office Supplies,3143.08,1,1225.44,05-02-2025
8890,1271,South,Electronics,2293.15,3,395.39,08-05-2025
8891,1142,East,Furniture,2461.12,3,789.75,15-06-2025
8892,4682,West,Office Supplies,4718.77,4,443.51,08-12-2024
8893,2912,West,Furniture,3560.19,7,815.92,12-05-2024
8894,4891,North,Furniture,1383.31,7,1065.14,26-05-2025
8895,2092,East,Furniture,2569.22,5,355.58,13-11-2024
8896,3294,West,Office Supplies,2386.7,9,682.74,24-09-2024
8897,4332,North,Furniture,3995.76,7,1151.29,15-08-2025
8898,1787,South,Office Supplies,4183.44,2,969.35,31-10-2025
8899,3126,South,Electronics,1488.87,3,-102.98,11-08-2024
8900,2681,East,Electronics,4123.64,7,766.89,02-01-2024
8901,1622,West,Office Supplies,979.56,5,439.77,28-09-2025
8902,4841,South,Furniture,3837.58,7,1004.93,28-08-2024
8903,4676,North,Electronics,1319.04,9,-171.66,26-04-2024
8904,3572,South,Electronics,1559.86,9,362.01,02-07-2025
8905,3819,South,Office Supplies,4277.09,3,-52.96,12-03-2025
8906,1937,West,Office Supplies,2158.37,8,1364.84,06-11-2024
8907,4692,West,Office Supplies,4953.77,6,1290.05,03-08-2024
8908,4401,North,Office Supplies,844.52,4,1445.75,14-07-2025
8909,4260,East,Office Supplies,2370.41,4,893.9,04-08-2024
8910,2118,East,Office Supplies,3689.01,4,1171.98,24-07-2025
8911,1616,South,Office Supplies,126.3,7,840.18,25-07-2025
8912,2031,North,Furniture,844.09,6,636.47,10-12-2024
8913,1066,East,Furniture,199.75,2,1217.49,18-03-2024
8914,4567,East,Furniture,4965.1,5,1119.48,28-04-2024
8915,1190,South,Furniture,3827.06,5,1046.57,05-03-2025
8916,4437,North,Electronics,1930.44,6,1319.65,14-11-2024
8917,3815,East,Furniture,865.8,7,1378.87,30-09-2025
8918,1520,West,Electronics,542.88,8,556.99,25-07-2024
8919,1989,West,Electronics,2706.35,8,280.8,02-11-2025
8920,2140,South,Electronics,4881.87,5,670.04,17-11-2024
8921,3314,South,Office Supplies,3405.59,2,-41.79,19-08-2025
8922,2634,South,Electronics,1889.18,8,1394.87,04-01-2024
8923,3532,South,Electronics,2554.17,6,1472.55,30-10-2025
8924,4580,East,Electronics,4994.63,3,909.6,25-06-2024
8925,4369,North,Office Supplies,2641.95,4,1068.47,14-12-2024
8926,4980,South,Furniture,4824.59,1,350.24,05-11-2024
8927,2187,South,Furniture,180.17,3,1272.65,20-03-2024
8928,1375,East,Electronics,3632.72,4,1330.51,13-02-2024
8929,1652,South,Electronics,3173.09,2,-69.27,27-04-2025
8930,4339,South,Furniture,3458.12,6,23.45,28-03-2025
8931,1548,North,Furniture,2895.78,8,243.45,30-12-2025
8932,2097,West,Furniture,316.47,6,996.25,17-07-2024
8933,4579,South,Furniture,832.86,3,111.72,22-11-2025
8934,1072,East,Electronics,4619.03,9,174.14,26-07-2024
8935,3355,North,Electronics,1241.33,4,449.17,12-07-2024
8936,1198,East,Electronics,4965.39,6,839.78,12-01-2024
8937,4201,North,Furniture,3429.98,4,1459.73,17-12-2025
8938,2781,North,Office Supplies,2277.34,4,1132.62,23-01-2025
8939,4895,South,Furniture,4608.24,2,749.12,05-05-2024
8940,1571,South,Furniture,3995.43,2,-116.04,13-12-2024
8941,1790,South,Office Supplies,2201.93,2,678.63,12-03-2024
8942,2638,West,Office Supplies,436.11,2,146.94,15-03-2025
8943,2831,West,Furniture,4354.69,8,310.12,28-10-2024
8944,2855,East,Office Supplies,3848.7,4,226.46,06-08-2025
8945,2510,South,Office Supplies,3974.6,4,390.66,14-12-2024
8946,4924,West,Office Supplies,3749.81,3,-94.16,30-04-2024
8947,2174,South,Furniture,1451.2,5,780.62,26-10-2024
8948,4740,West,Furniture,4308.34,4,-122.22,08-07-2025
8949,4277,West,Office Supplies,110.94,7,922.99,26-07-2024
8950,1178,North,Electronics,1262.65,7,1042.36,18-04-2025
8951,3244,South,Office Supplies,328.14,6,626.31,01-08-2024
8952,1734,South,Office Supplies,641.92,7,1128.14,30-11-2024
8953,3136,West,Furniture,2708.66,7,1444.56,17-03-2024
8954,1798,South,Electronics,282.56,8,378.09,29-05-2024
8955,4505,West,Office Supplies,988.77,1,852.14,08-09-2024
8956,1787,South,Electronics,1240.43,3,350.34,25-07-2025
8957,3795,North,Furniture,3311.16,3,553.76,31-07-2024
8958,4254,South,Electronics,2397.22,5,-164.6,28-07-2025
8959,1208,North,Furniture,2346.22,7,-73.61,12-05-2025
8960,1492,East,Office Supplies,3865.32,6,1155.8,05-12-2025
8961,4201,South,Furniture,2337.93,4,37.84,29-01-2024
8962,3712,South,Electronics,1807.59,6,988.56,27-05-2025
8963,4084,South,Electronics,4816.01,7,1005.07,13-03-2024
8964,2657,North,Electronics,140.64,4,1493.58,24-07-2024
8965,3918,South,Office Supplies,1596.43,8,982.51,29-10-2025
8966,1731,South,Electronics,3086.02,5,18.87,19-10-2025
8967,2129,West,Electronics,3935.77,3,865.12,21-02-2024
8968,4446,East,Electronics,4100.42,2,691.04,17-11-2024
8969,2605,North,Furniture,325.76,1,1359.56,18-09-2025
8970,4778,West,Electronics,3574.75,4,973.26,13-08-2024
8971,3745,North,Furniture,3629.24,2,681.41,22-08-2025
8972,4170,West,Electronics,1148.99,3,861.16,02-03-2024
8973,1593,East,Furniture,652.6,1,553.88,19-01-2024
8974,4658,West,Furniture,3773.46,6,664.29,10-12-2025
8975,3933,North,Office Supplies,1322.55,4,1027.99,06-11-2024
8976,3899,South,Office Supplies,108.2,5,-66.81,13-08-2025
8977,2215,South,Furniture,1195.51,8,846.07,16-03-2025
8978,1324,East,Furniture,252.23,4,-50.03,06-06-2025
8979,1978,North,Office Supplies,1321.01,6,1253.63,17-10-2025
8980,2749,North,Furniture,1741.6,3,1402.19,25-03-2024
8981,2850,North,Office Supplies,1429.86,8,1126.34,22-06-2025
8982,4003,East,Office Supplies,4607.69,3,1020.65,03-01-2024
8983,2490,South,Electronics,1239.41,7,1404.37,30-08-2024
8984,1893,West,Electronics,2390.92,7,171.5,08-02-2025
8985,2390,East,Office Supplies,4791.4,3,189.02,12-02-2024
8986,4389,West,Office Supplies,4408.08,3,617.73,10-12-2025
8987,1143,South,Furniture,1615.37,8,-187.31,23-08-2025
8988,1383,East,Office Supplies,1699.8,3,1440.62,20-08-2024
8989,3263,South,Office Supplies,3007.31,2,-145.17,22-05-2025
8990,4432,West,Electronics,4597.53,5,813.39,15-12-2024
8991,3371,North,Office Supplies,149,7,401.76,15-03-2025
8992,4086,North,Furniture,2026.29,8,-24.96,04-07-2025
8993,1216,West,Office Supplies,4263.9,1,-158.15,11-06-2024
8994,2515,North,Electronics,2111.3,2,246.11,25-10-2024
8995,3998,West,Electronics,3628.27,7,-18.64,21-01-2024
8996,4618,East,Electronics,3490.43,9,1398.56,10-01-2024
8997,3230,East,Electronics,1106.75,3,216.09,14-02-2024
8998,3317,East,Office Supplies,2303.01,8,-39.98,27-08-2025
8999,3992,North,Furniture,2874.31,3,1108.46,03-01-2024
9000,2490,South,Furniture,3605.77,4,504.23,12-02-2024
9001,3917,North,Furniture,4129.71,2,1234.23,28-06-2024
9002,2635,North,Office Supplies,3823.67,9,1225.33,23-10-2024
9003,4590,South,Office Supplies,238.73,5,1487.05,11-01-2025
9004,4613,South,Office Supplies,3386.13,5,1166.51,16-04-2024
9005,3514,South,Furniture,2536.85,4,164.06,17-12-2025
9006,3352,South,Office Supplies,2911.92,5,796.96,05-03-2025
9007,2167,North,Office Supplies,1927.53,1,694.63,27-09-2025
9008,1110,West,Electronics,3598.73,6,663.92,22-04-2024
9009,2013,East,Electronics,3402.05,4,304.57,11-01-2025
9010,1231,West,Furniture,2939.48,4,157.24,16-02-2024
9011,2714,North,Electronics,4321.87,5,1018.72,29-10-2025
9012,4655,South,Electronics,599.31,1,-27.01,10-10-2024
9013,4793,East,Electronics,1575.01,4,-115.65,26-11-2024
9014,2755,East,Office Supplies,2526.14,3,448.11,23-08-2024
9015,4663,West,Electronics,4797.16,5,1064.67,12-10-2025
9016,4571,North,Electronics,452.62,5,1276.51,11-10-2024
9017,3642,North,Electronics,1751.68,8,718.22,15-03-2025
9018,2577,North,Office Supplies,4636.86,1,1227.89,05-09-2024
9019,2296,East,Furniture,4499.94,3,-157,16-12-2025
9020,4774,West,Office Supplies,4339.7,5,574.13,12-12-2025
9021,3220,East,Office Supplies,1611.11,3,26.76,26-02-2024
9022,1972,East,Electronics,4249.5,6,790.62,12-03-2025
9023,2030,South,Furniture,2576.16,3,1365.68,14-03-2024
9024,4226,West,Electronics,3136.92,6,-187.78,28-04-2024
9025,4593,South,Electronics,1270.24,8,935.98,24-07-2025
9026,3593,North,Furniture,3562.7,4,1146.99,17-10-2024
9027,3595,East,Furniture,1705.72,8,1065.62,28-11-2024
9028,4992,West,Office Supplies,1785.01,7,-166.39,27-02-2024
9029,1517,North,Furniture,3220.4,4,95.6,14-05-2025
9030,4991,West,Office Supplies,1275.18,3,-39.52,14-09-2024
9031,1913,East,Office Supplies,1199.75,5,-54.73,26-04-2025
9032,3262,West,Electronics,1908.9,5,1041.31,13-04-2025
9033,3181,North,Electronics,3912.51,7,522.14,21-11-2024
9034,3332,South,Electronics,1200.94,1,1032.2,03-03-2024
9035,4197,East,Furniture,3957.86,9,413.28,28-06-2024
9036,2944,South,Furniture,3508.47,2,-1.02,18-08-2024
9037,2462,East,Office Supplies,3427.49,9,1021.37,12-06-2024
9038,2872,North,Office Supplies,2426.3,9,864.3,25-12-2024
9039,3733,East,Office Supplies,3754.85,3,-7.94,28-07-2024
9040,4223,South,Furniture,166.25,7,1371.42,21-03-2025
9041,3378,East,Office Supplies,1597.48,3,325.17,08-07-2025
9042,4609,North,Office Supplies,3427.77,8,913.04,26-02-2025
9043,4454,East,Furniture,4937.75,8,-145.63,12-05-2024
9044,4186,South,Electronics,112.32,3,553.17,30-12-2025
9045,3941,North,Furniture,2598.86,5,1439.42,21-07-2024
9046,4553,South,Office Supplies,4626.8,7,1307.06,20-11-2025
9047,2307,East,Electronics,4331.34,1,176.29,11-04-2025
9048,1898,West,Furniture,213.37,3,1294.52,17-07-2025
9049,2098,South,Electronics,2694.83,1,298.22,28-03-2025
9050,2189,East,Electronics,121.01,2,1248.8,05-08-2025
9051,2212,West,Office Supplies,3968.92,7,1039.69,03-01-2024
9052,3125,West,Furniture,1613.49,7,398.49,29-03-2024
9053,3994,North,Office Supplies,3851.39,3,1348.34,20-02-2024
9054,4673,West,Furniture,4729.49,6,624.97,28-03-2025
9055,1687,South,Furniture,4882.82,6,340.08,02-11-2025
9056,3068,South,Furniture,4481.14,2,275.47,24-04-2025
9057,1565,West,Electronics,1100.3,9,1396.41,12-05-2024
9058,2207,East,Electronics,1053.54,8,1089.59,03-09-2024
9059,2894,South,Office Supplies,3166.32,2,394.83,13-11-2025
9060,4293,South,Furniture,2765.86,4,232.09,23-12-2025
9061,1826,North,Furniture,146.72,9,159.75,30-01-2025
9062,2351,East,Electronics,2019.46,4,215.64,07-06-2024
9063,3226,West,Furniture,4542.79,7,-11.34,09-04-2025
9064,2811,East,Office Supplies,4501.96,5,624.05,29-05-2024
9065,4183,North,Furniture,1099.14,6,-130.18,24-07-2025
9066,4807,North,Furniture,1971.62,1,-180.43,03-11-2024
9067,4797,East,Electronics,2845.79,4,850.72,12-07-2025
9068,2082,North,Furniture,4278.64,5,-49.59,12-05-2025
9069,2350,North,Office Supplies,2706.77,6,1236.86,31-10-2024
9070,3952,North,Office Supplies,4844.18,6,-18.56,07-11-2024
9071,2644,East,Office Supplies,4015.36,5,722.54,26-06-2025
9072,4968,North,Office Supplies,4770.15,3,948.36,03-09-2024
9073,3716,West,Electronics,3684.31,2,189.56,29-11-2025
9074,1190,West,Furniture,4400.36,7,1310.05,22-08-2024
9075,2223,South,Electronics,4171.92,1,618.36,27-11-2024
9076,2335,West,Office Supplies,1343.81,5,336.04,19-06-2024
9077,1707,South,Furniture,1224.73,4,1331.92,19-04-2025
9078,4106,East,Electronics,4335.48,7,1259.18,15-08-2025
9079,1378,North,Furniture,514.92,2,1006.37,30-12-2024
9080,1386,West,Office Supplies,2101.96,8,293.82,05-01-2024
9081,4829,South,Office Supplies,4121.22,9,463.35,30-05-2025
9082,3284,East,Furniture,4084.87,1,972.55,01-05-2025
9083,1615,South,Furniture,780.04,5,114.98,16-10-2025
9084,2542,North,Office Supplies,2489.78,4,641.69,08-03-2025
9085,3330,West,Electronics,2451.18,5,1054.13,07-11-2024
9086,3048,East,Office Supplies,1686.24,9,918.11,15-05-2025
9087,2754,South,Furniture,4594.19,3,1023.89,09-10-2025
9088,1463,East,Electronics,3300.28,1,1316.26,11-09-2024
9089,4301,South,Office Supplies,4902.92,3,1446.09,24-12-2025
9090,1966,South,Furniture,427.15,4,579.25,06-10-2024
9091,1171,North,Furniture,2032.32,2,-98.03,06-11-2024
9092,4158,North,Furniture,4192.17,1,1218.4,24-11-2025
9093,4624,South,Electronics,2171.16,1,0.54,27-07-2024
9094,2146,West,Electronics,1383.2,8,173.06,20-11-2024
9095,1842,East,Electronics,4989.26,4,910.38,18-12-2025
9096,2321,East,Electronics,4378.31,2,1067.75,05-05-2025
9097,2908,North,Furniture,2777.72,3,980.9,07-06-2024
9098,1689,West,Furniture,2852.38,8,545.44,15-06-2025
9099,3622,South,Electronics,133.63,6,1360.71,05-04-2025
9100,2507,North,Electronics,4906.87,8,1214.73,23-02-2024
9101,3212,South,Furniture,4050.85,5,928.26,27-01-2025
9102,3024,South,Office Supplies,279.97,3,549.83,31-08-2024
9103,2722,North,Office Supplies,964.02,6,588.5,04-11-2025
9104,1382,West,Furniture,4123.05,8,99.14,16-12-2025
9105,3256,East,Electronics,525.64,5,1125.5,01-12-2024
9106,4810,North,Electronics,4714.75,5,1272.14,11-07-2024
9107,4503,West,Furniture,4999.47,3,1206.38,23-05-2024
9108,2412,South,Office Supplies,4443.52,3,730.07,30-07-2024
9109,2583,North,Furniture,3720.63,8,1224.5,17-10-2024
9110,3271,East,Furniture,2487.68,1,1143.7,08-09-2025
9111,3050,East,Furniture,503.9,4,1215.01,13-05-2025
9112,1371,South,Electronics,3679.19,9,1469.29,10-05-2024
9113,2710,North,Electronics,2044.64,6,1177,03-10-2024
9114,2469,East,Electronics,2894.12,6,260.17,25-01-2025
9115,1610,North,Office Supplies,1537.61,7,1195.47,29-11-2024
9116,1115,East,Furniture,1286.56,7,438.58,04-10-2024
9117,4341,South,Furniture,1689.06,6,677.53,21-05-2024
9118,1446,South,Office Supplies,4087.76,9,1153.88,07-03-2024
9119,2391,North,Electronics,2189.81,8,338.42,23-01-2025
9120,4324,West,Furniture,1627.37,8,-155.66,09-12-2025
9121,2340,West,Office Supplies,2221.55,2,1020.85,28-02-2024
9122,1414,South,Electronics,258.21,7,1333.7,27-01-2025
9123,4166,East,Electronics,4463.96,1,1377.41,23-05-2025
9124,2808,West,Furniture,2803.63,8,1158.15,24-06-2024
9125,3939,South,Electronics,613.65,3,1389.74,11-04-2024
9126,2047,East,Office Supplies,1513.19,9,1195.12,06-02-2024
9127,4699,East,Electronics,4919.41,5,-148.83,19-11-2024
9128,3710,West,Furniture,3005.98,7,394.41,19-08-2025
9129,2873,South,Office Supplies,1527.88,7,371.38,09-03-2025
9130,2073,East,Electronics,2189.09,9,172.58,10-05-2025
9131,4573,East,Electronics,1366.53,2,1156.49,19-06-2025
9132,1717,North,Electronics,255.84,4,684.15,11-12-2025
9133,4569,North,Office Supplies,4225.95,8,1221.69,05-05-2024
9134,2358,West,Electronics,1533.15,5,822.29,31-10-2024
9135,4150,North,Furniture,4208.21,5,804.04,12-09-2024
9136,2605,South,Office Supplies,2444.93,3,453.05,26-01-2025
9137,4098,West,Office Supplies,996.18,5,1142.32,09-08-2025
9138,3318,West,Electronics,4029.16,7,961.26,11-05-2025
9139,1561,North,Office Supplies,1947.85,4,375.88,13-09-2025
9140,3851,East,Furniture,3567.87,8,1489.07,01-04-2025
9141,3294,South,Office Supplies,4202.43,6,586.74,06-01-2024
9142,4847,South,Furniture,4818.63,6,338.2,05-07-2025
9143,4662,South,Electronics,520.49,6,969.25,17-12-2025
9144,1386,West,Office Supplies,141.09,4,178.77,30-12-2024
9145,1701,South,Furniture,2787.28,3,1212.09,18-10-2025
9146,3606,East,Electronics,1394.78,6,956.62,02-11-2024
9147,1972,East,Furniture,2398.6,6,1279.11,02-01-2024
9148,2384,North,Office Supplies,456.03,2,359.39,06-06-2024
9149,4937,South,Office Supplies,2557.79,9,1252.52,15-08-2024
9150,1983,West,Furniture,711.79,4,651.58,17-07-2024
9151,2511,North,Electronics,4209.08,4,-99.43,03-02-2025
9152,1351,East,Electronics,3821.49,8,130.09,23-03-2024
9153,2724,South,Electronics,462.96,3,170,14-03-2025
9154,2951,East,Electronics,4198.12,7,1105.58,16-03-2025
9155,2279,North,Furniture,1692.3,7,145.31,06-04-2025
9156,4293,East,Office Supplies,1829.01,2,755.26,14-02-2024
9157,2907,South,Furniture,981.04,3,909.32,11-03-2025
9158,1752,South,Office Supplies,4192.99,4,1115.56,11-12-2025
9159,3828,North,Office Supplies,2083.06,2,1132.6,23-06-2024
9160,2024,South,Furniture,339.3,9,1019.93,28-06-2025
9161,1545,East,Furniture,4834.62,6,162.41,18-01-2025
9162,2469,East,Electronics,1353.85,1,723.9,11-02-2025
9163,1078,West,Office Supplies,4687.27,1,293.29,30-06-2025
9164,2259,West,Electronics,1576.07,8,1117.67,10-07-2024
9165,3381,West,Electronics,4173.99,6,1071.76,25-03-2024
9166,1888,East,Furniture,3354.68,7,190.4,04-09-2025
9167,4420,East,Electronics,4320.29,6,890.28,08-04-2025
9168,4169,North,Electronics,4882.98,2,-100.67,11-11-2024
9169,2105,West,Electronics,4370.27,3,1106.53,21-12-2025
9170,3549,East,Furniture,2077.96,8,1126.34,29-01-2024
9171,2990,North,Electronics,4091.07,4,389.92,30-09-2024
9172,2500,East,Electronics,3587.09,8,1170.64,04-07-2024
9173,4998,North,Furniture,401.86,3,1259.11,17-02-2024
9174,4775,West,Furniture,4655.82,2,123.1,23-09-2024
9175,3812,West,Furniture,2383.21,7,396.52,21-01-2025
9176,1920,West,Office Supplies,758.81,1,243.84,12-11-2025
9177,1549,East,Furniture,2184.35,3,436.41,25-05-2024
9178,3061,East,Office Supplies,3055.39,2,559.74,16-01-2024
9179,1391,North,Furniture,2907.44,5,666.95,23-10-2024
9180,4418,South,Furniture,2916.49,2,-140.32,24-03-2025
9181,3357,South,Furniture,1353.61,5,-106.22,08-07-2025
9182,3433,West,Office Supplies,3200.24,3,913.9,02-03-2025
9183,4280,South,Electronics,4546.33,9,552.66,12-12-2024
9184,2380,West,Furniture,2004.47,9,-47.45,13-10-2024
9185,1973,North,Office Supplies,3189.84,8,456.59,07-05-2025
9186,4672,South,Furniture,1295.54,5,608.34,10-10-2024
9187,4639,South,Electronics,336.58,7,880.5,16-07-2025
9188,4165,West,Office Supplies,2970.08,2,1.16,22-06-2025
9189,4164,North,Furniture,332.99,3,1491.17,04-06-2025
9190,1339,South,Furniture,3645.56,2,607,11-01-2025
9191,3644,South,Furniture,3384.73,1,957.34,14-01-2025
9192,4516,South,Electronics,1909.69,3,1343.97,25-02-2025
9193,1756,North,Office Supplies,2115.32,4,-145.9,06-08-2024
9194,2045,North,Furniture,4597.03,9,822.31,26-02-2024
9195,3338,South,Furniture,164.35,2,718.6,17-11-2025
9196,4556,West,Office Supplies,2860.19,9,-102.41,23-04-2024
9197,4855,West,Electronics,4624.47,1,978.15,30-12-2025
9198,3353,South,Electronics,4578.54,9,175.33,02-09-2024
9199,3681,North,Electronics,2964.81,6,993.2,19-04-2025
9200,4199,South,Electronics,1968.03,8,416.47,08-03-2024
9201,3672,North,Electronics,584.63,3,1109.21,27-02-2024
9202,1938,South,Furniture,951.54,8,1400.99,30-10-2024
9203,4344,North,Furniture,3430.4,9,1262.87,10-11-2024
9204,1847,East,Furniture,181.51,7,620.38,16-03-2024
9205,1441,West,Office Supplies,4429.08,4,182.96,29-10-2024
9206,3550,East,Electronics,2980.88,6,1487.12,14-09-2025
9207,1129,West,Office Supplies,321.22,6,921.15,15-09-2025
9208,4203,North,Electronics,1274.86,2,473.12,18-12-2025
9209,1596,East,Electronics,3011.58,2,618.59,06-08-2025
9210,2958,West,Office Supplies,274.45,5,17.69,20-04-2025
9211,2505,South,Furniture,3921.94,1,659,02-01-2024
9212,1861,North,Office Supplies,4607.62,5,94.38,01-12-2025
9213,4461,North,Furniture,4809.98,3,421.77,09-02-2024
9214,3640,South,Electronics,3694.93,3,636,13-11-2025
9215,1998,South,Furniture,4298.44,8,1411.26,17-02-2024
9216,3372,West,Electronics,3092.47,3,861.98,12-12-2025
9217,4140,North,Electronics,2346.86,3,432.21,26-02-2024
9218,4731,West,Furniture,3594.36,1,-7.75,26-05-2025
9219,3495,South,Electronics,1198.49,8,1070.22,08-12-2025
9220,2551,North,Furniture,637.94,6,593.65,12-01-2024
9221,3866,South,Office Supplies,3833.07,8,-84.14,02-04-2025
9222,2640,West,Electronics,4795.12,3,916.69,19-11-2024
9223,4236,West,Electronics,2929.65,6,395.18,21-11-2025
9224,2511,West,Office Supplies,2464.46,2,486.62,08-08-2025
9225,2736,North,Electronics,2718.58,3,1226.05,24-06-2025
9226,3756,South,Office Supplies,2444.47,4,33.42,01-04-2024
9227,2449,South,Office Supplies,2266.78,9,378.64,04-12-2024
9228,4768,West,Electronics,4740.47,4,418.24,05-01-2025
9229,2857,West,Office Supplies,2450.84,7,-194.34,10-09-2025
9230,1264,West,Office Supplies,497.4,8,1237.06,12-09-2024
9231,4946,West,Office Supplies,3851.03,5,1220.03,15-05-2025
9232,3659,East,Electronics,2018.65,2,925.12,07-04-2024
9233,4413,East,Office Supplies,3582.4,8,1328.2,15-02-2024
9234,3879,East,Furniture,2939.89,5,263.91,20-01-2024
9235,4797,West,Furniture,3594.58,5,175.07,28-02-2024
9236,4349,West,Office Supplies,403.77,7,-83.51,27-08-2024
9237,3721,South,Furniture,265.98,6,806.42,10-01-2025
9238,2462,North,Electronics,1954.85,3,643.8,05-02-2024
9239,1156,South,Office Supplies,3496.51,7,1177.67,27-05-2025
9240,2445,East,Electronics,1196.04,1,618.19,21-01-2025
9241,3298,South,Furniture,2223.66,4,145.5,01-07-2024
9242,3925,West,Furniture,4905.97,4,1176.31,11-11-2024
9243,2632,East,Furniture,1152.89,6,574.27,21-01-2025
9244,3577,East,Furniture,4254.92,6,1424.91,25-03-2024
9245,3374,North,Electronics,4144.76,8,708.6,22-03-2025
9246,4008,North,Office Supplies,4467.63,1,-1.54,16-08-2025
9247,1894,East,Electronics,4584.19,7,1246.74,01-11-2025
9248,3144,East,Office Supplies,2585.87,4,1293.3,15-08-2024
9249,1512,South,Furniture,3441.48,6,557.23,18-02-2024
9250,1215,East,Furniture,3132.57,9,-155.81,28-10-2024
9251,4203,West,Furniture,1613.85,3,-149.47,24-12-2025
9252,4331,South,Furniture,1470.96,8,396.95,12-10-2025
9253,3172,West,Electronics,1773.69,3,1017.59,07-09-2025
9254,4153,West,Office Supplies,1170.44,6,362.79,05-03-2024
9255,4354,West,Office Supplies,3811.18,2,-186.86,13-04-2025
9256,2706,East,Furniture,4826.41,9,1242.57,18-10-2025
9257,3106,North,Electronics,4352.08,2,1446.85,06-01-2025
9258,2567,North,Furniture,1167.91,5,388.83,23-06-2025
9259,3208,West,Office Supplies,354.39,6,-75.77,16-08-2025
9260,3331,East,Office Supplies,3809.76,4,295.4,21-04-2025
9261,3153,South,Electronics,2012.05,7,1158.31,25-11-2024
9262,2128,West,Office Supplies,4140.6,7,721.84,09-01-2024
9263,4510,South,Electronics,3918.26,7,452.78,10-06-2024
9264,1227,South,Furniture,3164.51,7,368.19,07-02-2025
9265,4771,East,Furniture,1351.16,9,-3.83,04-10-2025
9266,4653,East,Electronics,609.78,2,377.17,02-10-2025
9267,3365,North,Furniture,1337.98,5,599.18,01-11-2024
9268,2487,North,Electronics,2597.82,9,944.34,09-10-2025
9269,1801,East,Furniture,4899.37,2,245.53,06-04-2024
9270,2622,West,Furniture,412.07,3,1325.54,04-05-2025
9271,2905,North,Office Supplies,1080.35,7,624.16,04-06-2025
9272,3921,South,Office Supplies,3173.67,9,488.77,04-10-2024
9273,1471,West,Electronics,1591.39,3,809.72,16-05-2025
9274,2079,South,Furniture,4306.67,8,84.96,10-05-2025
9275,3672,East,Furniture,783.14,8,-18.8,01-05-2025
9276,3060,South,Furniture,4819.47,4,389.12,18-11-2024
9277,4511,West,Office Supplies,4570.64,6,-132.11,27-07-2024
9278,2041,East,Electronics,4448.89,8,441.89,09-01-2024
9279,3741,West,Electronics,948.04,9,941.52,29-10-2024
9280,4020,South,Electronics,1714.53,2,1180.61,18-10-2024
9281,3160,West,Furniture,4040.07,1,785.6,20-10-2025
9282,1228,East,Electronics,4058.26,5,975.26,19-12-2024
9283,1170,South,Office Supplies,3555.36,3,1216.32,02-01-2024
9284,1294,South,Office Supplies,2295.45,6,1114.32,19-04-2025
9285,1188,North,Electronics,1626.79,1,343.97,03-11-2025
9286,1425,North,Furniture,4818.49,4,774.82,22-05-2025
9287,1976,West,Office Supplies,782.39,6,250.25,04-03-2024
9288,2102,North,Office Supplies,314.39,2,779.77,13-02-2025
9289,3705,North,Furniture,144.74,8,524.2,22-09-2025
9290,1918,North,Furniture,3897.63,4,433.76,20-04-2024
9291,4253,North,Electronics,377.86,2,112.06,21-02-2025
9292,1498,East,Office Supplies,2739.35,1,754.98,03-12-2025
9293,2821,East,Office Supplies,1899.73,8,1039.84,26-07-2024
9294,3809,North,Electronics,819.85,1,771.18,26-12-2025
9295,1865,West,Electronics,3728.92,7,-82.31,01-04-2024
9296,1825,East,Office Supplies,369.53,7,1371.36,18-03-2024
9297,4779,North,Office Supplies,1660.13,6,-190.67,01-06-2025
9298,2858,East,Furniture,2854.74,8,1304.6,15-02-2024
9299,3118,South,Furniture,2071.84,1,1102.32,16-09-2025
9300,3295,East,Office Supplies,1369.83,1,-35.85,11-06-2025
9301,1145,East,Office Supplies,4637.4,1,202.16,07-09-2024
9302,2641,West,Furniture,4661.75,6,393.24,29-03-2025
9303,4846,East,Electronics,2138.86,7,1347.51,31-03-2025
9304,2319,West,Electronics,2029.35,9,1465.87,06-09-2024
9305,3629,South,Office Supplies,1606.19,5,-51.81,13-07-2025
9306,1469,North,Office Supplies,4293.21,1,474.78,16-09-2025
9307,4577,West,Furniture,2882.78,9,53.78,24-06-2024
9308,1192,East,Office Supplies,538.66,5,273.34,01-09-2025
9309,2091,East,Electronics,4281.27,6,1467.82,07-12-2025
9310,3541,West,Furniture,2720.94,9,1473.52,15-02-2025
9311,4888,South,Furniture,2136.4,2,602.63,17-02-2025
9312,1051,North,Electronics,1755.54,3,111.34,11-10-2024
9313,3929,East,Electronics,587.19,7,729.93,22-10-2025
9314,3410,South,Furniture,4787.84,3,345.16,19-04-2025
9315,2820,North,Office Supplies,3732.09,2,1379.01,01-11-2024
9316,3964,North,Electronics,745.71,7,1190.96,29-05-2025
9317,3521,East,Furniture,2605.22,8,325.03,24-03-2025
9318,2869,West,Office Supplies,2822.32,9,-168.87,10-08-2024
9319,3568,East,Office Supplies,922.65,2,1496.68,07-10-2024
9320,2786,East,Furniture,2193.39,2,961.68,30-07-2025
9321,2454,East,Electronics,3264.16,7,523.74,25-07-2024
9322,2867,South,Office Supplies,1491.65,4,290.37,28-12-2025
9323,4369,West,Electronics,1724.88,5,-192.48,13-01-2025
9324,4506,South,Furniture,697.94,1,61.73,26-04-2025
9325,4767,East,Electronics,2124.88,6,-190.02,14-09-2025
9326,3738,West,Office Supplies,2960.9,8,815.89,30-09-2024
9327,4269,North,Furniture,670.98,1,927.68,07-10-2024
9328,4199,West,Office Supplies,3112.44,2,1103.55,21-12-2024
9329,3579,East,Office Supplies,2049.19,7,117.9,19-01-2025
9330,3007,West,Furniture,3423.09,2,-36.85,16-05-2024
9331,2434,North,Furniture,1642.7,9,905.78,17-06-2024
9332,1839,North,Electronics,2885.65,6,649.82,04-10-2024
9333,4136,West,Furniture,3102.73,5,1288.67,17-08-2024
9334,4765,North,Electronics,3483.49,7,706.55,08-05-2025
9335,1240,South,Furniture,3809,8,556.2,12-07-2024
9336,4440,West,Office Supplies,768.12,9,629.65,03-05-2025
9337,1535,North,Electronics,4829.69,6,1129.95,15-11-2025
9338,2407,North,Furniture,4233.86,5,-168.88,02-10-2024
9339,4502,West,Electronics,2855.36,7,1360.96,02-08-2024
9340,1082,South,Electronics,4462.76,2,1014.12,13-10-2025
9341,1981,West,Electronics,1973.92,8,1304.99,20-07-2024
9342,4902,North,Office Supplies,268,4,1431.32,29-07-2025
9343,4768,West,Furniture,3662.45,1,184.21,02-11-2025
9344,1950,North,Furniture,4722.39,3,783.18,02-03-2024
9345,4899,East,Electronics,893.09,9,626.27,12-05-2024
9346,1610,West,Furniture,3254.98,4,713.95,29-04-2024
9347,1573,West,Office Supplies,4085.79,3,-119.61,05-06-2024
9348,3333,North,Electronics,4534.83,4,1353.78,15-10-2024
9349,1988,North,Office Supplies,1454.99,3,1422.96,21-12-2024
9350,4605,North,Office Supplies,730.8,3,964.71,13-01-2024
9351,1458,North,Furniture,1314.47,2,239.07,03-04-2025
9352,4283,West,Furniture,2930.84,6,1138.25,15-02-2025
9353,3173,North,Electronics,4601.77,6,1042.44,16-05-2025
9354,4484,West,Office Supplies,2954.43,4,776.8,21-05-2025
9355,2522,South,Furniture,4606.14,8,89.41,30-09-2024
9356,3472,West,Electronics,3873.18,6,142,18-08-2024
9357,3601,North,Electronics,3032.11,8,801.99,31-07-2025
9358,3657,North,Furniture,206.81,6,19,15-08-2024
9359,2984,South,Office Supplies,1732.07,9,1030.68,05-03-2025
9360,2566,West,Electronics,381.55,3,161.42,24-05-2024
9361,4229,South,Furniture,1678.99,3,1347.82,09-06-2024
9362,3159,West,Electronics,405.43,2,1329.53,15-10-2024
9363,3449,North,Furniture,922.3,6,299.13,17-12-2024
9364,4830,West,Electronics,2112.36,7,-58.24,24-03-2024
9365,1121,North,Office Supplies,2622.94,7,839.41,17-06-2025
9366,1272,North,Electronics,1163.99,5,562.3,04-05-2024
9367,2317,East,Furniture,3689.63,6,44.31,29-06-2024
9368,1397,East,Furniture,2992.79,7,703.52,07-05-2025
9369,3518,West,Furniture,3489.63,2,1487.63,05-03-2025
9370,1984,North,Office Supplies,3690.55,7,-82.73,13-02-2024
9371,2230,South,Furniture,3661.91,1,248.62,04-01-2025
9372,2133,North,Furniture,4687.55,6,715.64,22-02-2025
9373,4511,South,Office Supplies,1262.38,8,1148.71,28-12-2024
9374,2301,West,Furniture,1423.76,1,-168.11,04-10-2024
9375,4639,West,Furniture,561.59,1,1045.69,20-03-2025
9376,2910,South,Office Supplies,3003.67,6,37.8,04-08-2024
9377,4986,South,Electronics,2036.41,5,1212.16,25-03-2024
9378,3616,North,Furniture,2531.37,3,976.7,03-05-2025
9379,2505,West,Electronics,932.13,7,576.07,02-12-2024
9380,4874,North,Office Supplies,3280.4,7,1196.69,19-03-2024
9381,4185,South,Furniture,3133.19,7,1046.18,02-06-2025
9382,2916,East,Furniture,1397.44,6,1090.61,31-03-2025
9383,3944,East,Office Supplies,2380.54,4,293.13,07-12-2025
9384,1819,East,Furniture,4482.07,9,853.01,15-10-2024
9385,3900,South,Electronics,3890.15,9,39.88,28-04-2025
9386,4548,North,Electronics,1212.02,7,1195.46,21-12-2024
9387,3757,West,Office Supplies,4406.39,7,695.46,21-03-2024
9388,2956,South,Furniture,429.83,8,1202.3,01-05-2024
9389,3368,East,Furniture,2128.25,5,158.97,23-07-2025
9390,1178,North,Office Supplies,492.58,9,21.58,24-09-2025
9391,1896,West,Electronics,4628.65,6,971.25,16-05-2025
9392,3266,West,Electronics,299.44,7,-100.72,17-02-2024
9393,3836,South,Office Supplies,841.08,7,214.78,28-09-2025
9394,2972,South,Furniture,4583.7,9,1344.81,26-10-2025
9395,2551,West,Electronics,2952.57,7,25.69,12-02-2025
9396,1491,West,Furniture,3996.42,3,438.45,13-01-2024
9397,4962,East,Electronics,180.39,6,1407.49,11-08-2024
9398,1060,West,Furniture,2153.57,6,-165.99,14-08-2024
9399,2077,South,Electronics,4923.88,7,557.04,29-12-2024
9400,2703,North,Furniture,2941.11,6,1136.98,09-07-2024
9401,3585,East,Office Supplies,4263.45,4,1345.27,02-12-2025
9402,3895,East,Electronics,4821.44,6,1050.48,12-04-2025
9403,4035,West,Office Supplies,3456.7,3,1310.27,28-01-2024
9404,1064,North,Electronics,1705.39,1,-141.57,14-03-2025
9405,4683,East,Electronics,1612.17,1,-30.21,10-08-2024
9406,1585,South,Electronics,449.26,5,1054.14,15-12-2025
9407,2727,West,Furniture,2196.08,8,1080.66,11-02-2024
9408,3218,South,Electronics,4585.41,3,828.96,07-07-2024
9409,4344,West,Office Supplies,2442.51,2,1041.47,14-08-2025
9410,4960,East,Furniture,4563.88,8,1258.69,07-02-2024
9411,4770,West,Furniture,4104,9,727.32,02-12-2024
9412,1534,North,Electronics,4922.52,9,1410.45,18-04-2024
9413,4462,South,Furniture,4743.71,2,980.2,17-09-2025
9414,3740,North,Electronics,3561.77,8,602.37,29-12-2024
9415,4398,South,Office Supplies,4368.96,2,516.58,12-05-2024
9416,3155,South,Furniture,3765.58,7,1075.28,05-12-2024
9417,2870,West,Furniture,3546.63,8,871.8,18-11-2025
9418,4233,East,Office Supplies,3606.24,1,1189.65,24-05-2025
9419,3861,East,Office Supplies,3633.11,8,1127.68,11-06-2024
9420,2004,North,Electronics,1959.15,3,691.14,30-10-2024
9421,3499,West,Furniture,2175.46,1,1407.69,23-02-2024
9422,2229,East,Office Supplies,1540.95,7,997.24,02-06-2024
9423,3637,South,Furniture,826.48,3,141.43,08-01-2025
9424,2039,South,Office Supplies,2346.37,8,851.43,02-03-2025
9425,1326,West,Furniture,4509.75,9,143.08,11-02-2024
9426,1607,North,Office Supplies,3291.2,2,750.04,28-12-2025
9427,3706,West,Furniture,375.28,1,1142.89,29-08-2025
9428,1001,North,Electronics,4074.88,8,1181.26,19-10-2025
9429,2033,West,Furniture,4683.47,6,906.4,06-09-2025
9430,3481,South,Electronics,4164.17,1,1131.62,28-09-2025
9431,1124,West,Electronics,3664.95,3,602.8,07-12-2024
9432,2104,East,Electronics,835.59,9,736.11,22-10-2025
9433,3532,East,Furniture,1810.1,9,1295.33,10-06-2024
9434,3699,West,Furniture,2869.91,6,638.24,04-08-2024
9435,2861,North,Electronics,476.62,3,396.58,09-02-2024
9436,2173,North,Office Supplies,620.72,8,1154.89,22-09-2025
9437,3847,South,Furniture,4677.84,6,-114.19,14-09-2025
9438,3920,South,Furniture,3543.19,1,1429.21,10-12-2025
9439,4411,North,Furniture,1447.93,6,378.11,20-09-2025
9440,1128,West,Furniture,1704.07,5,870.35,07-05-2025
9441,1437,South,Electronics,1983.7,8,965.27,25-01-2024
9442,1750,North,Office Supplies,467.85,2,33.03,11-10-2024
9443,3548,North,Office Supplies,3721.97,7,1198.86,07-03-2024
9444,4129,West,Office Supplies,966.49,6,772.59,27-11-2025
9445,2221,East,Office Supplies,4045.09,1,357.48,29-10-2024
9446,3258,North,Electronics,4244.77,8,1246.17,22-04-2025
9447,4985,South,Furniture,3228.33,6,862.64,03-08-2024
9448,1901,West,Furniture,3872.29,3,1135.82,14-04-2024
9449,3092,West,Electronics,941.99,5,1486.93,18-10-2025
9450,4168,West,Furniture,2922.1,7,21.47,08-03-2025
9451,2302,East,Electronics,3416.32,9,1074.31,12-09-2025
9452,3582,East,Office Supplies,3341.65,4,1088.04,19-02-2024
9453,2433,South,Electronics,674.72,2,1286.97,30-07-2024
9454,3508,South,Furniture,1787.47,3,493.71,24-08-2025
9455,1390,West,Furniture,1692.68,7,1278.41,23-01-2025
9456,4918,South,Furniture,2905.38,8,887.8,25-09-2024
9457,2067,North,Office Supplies,3849.66,5,-83.09,09-07-2024
9458,1026,East,Electronics,2895.89,3,-146.42,21-10-2024
9459,3841,West,Electronics,3798.65,1,618.53,04-03-2025
9460,4168,West,Furniture,584.94,1,1135.91,17-01-2024
9461,4022,North,Electronics,4402.88,2,453.19,19-08-2024
9462,1547,North,Furniture,2729.42,5,1248.11,18-03-2025
9463,3668,North,Electronics,283.74,3,636.61,20-12-2024
9464,1566,North,Office Supplies,3251.74,7,-155.31,14-08-2025
9465,1703,West,Office Supplies,2635,2,1455.23,24-07-2025
9466,2242,East,Electronics,1179.81,2,632.34,17-12-2024
9467,1184,East,Office Supplies,3845.68,3,905.23,25-04-2025
9468,4140,North,Office Supplies,4674.48,1,138.79,12-01-2025
9469,4900,South,Office Supplies,1681.15,2,305.46,26-01-2025
9470,4201,West,Furniture,2520.19,5,623.28,30-01-2024
9471,2590,East,Electronics,728.06,3,1255.52,10-05-2024
9472,2913,North,Electronics,4656.02,6,-26.68,04-02-2025
9473,4680,South,Furniture,1662.1,2,1126.58,02-05-2024
9474,1847,South,Furniture,1054.44,8,784.9,20-02-2024
9475,1598,North,Office Supplies,2444.3,4,649.43,14-08-2025
9476,1805,West,Electronics,312.08,3,1290.2,10-07-2024
9477,4702,East,Furniture,1338.9,5,0.8,14-03-2024
9478,4791,South,Office Supplies,431.52,8,1484.28,13-01-2025
9479,2357,East,Electronics,724.12,9,1252.88,17-05-2025
9480,4996,East,Office Supplies,649.57,1,353.75,16-04-2025
9481,4225,South,Electronics,4374.86,4,567.68,20-04-2024
9482,4618,North,Office Supplies,4659.13,6,-157.49,11-12-2025
9483,3126,South,Electronics,2425.16,6,696.93,02-01-2025
9484,3626,South,Electronics,3189.04,9,731.12,25-06-2024
9485,2878,West,Electronics,3509.92,1,1375.18,20-01-2024
9486,3460,East,Electronics,2017.44,5,459.47,23-07-2024
9487,1545,North,Office Supplies,1914.03,1,770.05,24-06-2025
9488,2632,East,Furniture,3410.29,6,1059.05,05-06-2025
9489,3216,South,Electronics,1945.9,9,834.48,09-01-2024
9490,3728,North,Electronics,2946.95,4,65.5,28-07-2025
9491,4734,North,Electronics,2624.44,9,92.09,02-02-2024
9492,3630,North,Electronics,2669.86,3,35.18,31-05-2024
9493,3562,North,Office Supplies,4163.86,7,170.14,20-03-2024
9494,4385,West,Furniture,3549.88,5,358.16,27-06-2025
9495,3079,North,Furniture,4807.35,1,1057.43,30-05-2025
9496,3334,South,Furniture,3975.79,7,-96.43,02-12-2025
9497,3641,West,Office Supplies,814.38,8,1194.76,05-05-2024
9498,4114,South,Furniture,3718.57,6,246.19,22-05-2025
9499,2926,South,Office Supplies,3361.67,1,842.82,09-01-2025
9500,1616,East,Office Supplies,3265.62,9,739.71,17-06-2025
9501,4072,North,Electronics,2455.65,7,61.84,30-05-2024
9502,4644,North,Office Supplies,406.07,6,288.41,05-08-2024
9503,3317,South,Furniture,4762.28,4,303.07,08-10-2024
9504,2203,North,Furniture,4274.43,3,860.51,31-10-2024
9505,2759,West,Furniture,2485.36,4,1140.45,14-11-2025
9506,3565,East,Electronics,877.05,1,1493.69,23-10-2025
9507,4174,North,Electronics,4139.92,9,-36.97,11-09-2025
9508,4081,North,Electronics,2210.29,2,1395.73,13-07-2024
9509,3630,West,Office Supplies,2011.56,2,754.59,01-03-2025
9510,4161,East,Furniture,3360.37,3,406.51,17-07-2025
9511,1225,West,Office Supplies,3817.51,1,283.78,15-10-2025
9512,1669,South,Office Supplies,407.92,3,155.37,04-03-2024
9513,2763,South,Furniture,3861.03,4,747.03,21-06-2024
9514,1916,North,Electronics,3696.31,9,1408.23,04-12-2025
9515,3173,East,Furniture,2987.13,5,109.67,31-10-2025
9516,4003,South,Office Supplies,1758.25,6,541.48,31-01-2025
9517,4280,West,Office Supplies,907.53,1,146.54,27-10-2025
9518,4168,South,Electronics,603,3,98.57,08-06-2024
9519,3121,South,Office Supplies,105.8,7,1273.46,05-03-2025
9520,4698,West,Office Supplies,1111.65,7,245.34,20-02-2024
9521,2214,North,Furniture,2115.55,1,221.55,02-08-2024
9522,2705,East,Electronics,1293.86,9,1346.65,11-09-2025
9523,2842,North,Furniture,1614,1,456.27,16-12-2025
9524,2983,West,Furniture,2013.22,7,-185.18,27-12-2025
9525,4787,South,Furniture,1610.49,2,1026.02,23-06-2025
9526,1055,East,Office Supplies,3650.64,9,678.92,01-10-2024
9527,1719,North,Office Supplies,2509.46,9,1116.02,18-11-2025
9528,3600,West,Electronics,194.7,9,769.5,06-08-2025
9529,3079,South,Office Supplies,1210.67,4,397.15,27-12-2024
9530,4598,South,Electronics,3577.33,6,-86.84,03-02-2025
9531,1573,North,Furniture,1574.56,2,1272.09,05-08-2025
9532,1666,West,Furniture,4608.69,3,152.04,16-07-2025
9533,1283,South,Office Supplies,3592.05,6,1451.29,24-03-2024
9534,2744,South,Office Supplies,1520.64,1,217.92,19-07-2025
9535,4903,East,Electronics,2630.41,7,1205.96,26-09-2025
9536,4565,South,Office Supplies,3369.47,2,1140.87,14-08-2024
9537,3234,North,Office Supplies,1047.49,8,586.67,17-01-2024
9538,1497,West,Office Supplies,1306.32,5,482.9,07-08-2024
9539,2465,West,Furniture,2584.91,7,995.54,06-08-2025
9540,1129,East,Office Supplies,4631.98,8,698.54,27-03-2025
9541,1638,West,Office Supplies,1785.65,3,874.33,17-09-2025
9542,4363,North,Furniture,2070.44,6,599.37,14-04-2025
9543,3161,South,Furniture,1034.04,9,747.16,16-12-2024
9544,4270,East,Furniture,3006.72,4,121.56,02-10-2025
9545,3060,West,Furniture,3726.74,7,-105.83,14-04-2024
9546,4342,East,Office Supplies,2259.15,1,405.07,26-09-2024
9547,4672,East,Office Supplies,3776.22,7,591.97,04-03-2024
9548,4286,West,Office Supplies,1582.76,9,1340.25,31-05-2024
9549,3491,East,Electronics,3564.22,8,503.7,14-03-2025
9550,4861,West,Furniture,1365.89,4,537.66,03-05-2025
9551,4583,North,Office Supplies,3925.18,3,947.21,18-07-2024
9552,3494,West,Office Supplies,4170.14,7,151.54,03-08-2025
9553,1985,South,Office Supplies,4008.85,1,1281.79,01-02-2024
9554,1992,West,Furniture,1155.82,8,526.99,01-01-2024
9555,3762,South,Furniture,3501.82,1,1382.34,06-12-2025
9556,3121,East,Furniture,2738.85,7,261.16,16-12-2025
9557,3584,West,Office Supplies,4931.58,6,591.51,08-08-2025
9558,1100,South,Furniture,1871.73,8,1122.87,31-05-2024
9559,3223,West,Office Supplies,3879.13,6,745.08,26-12-2024
9560,1426,West,Electronics,1913.38,5,924.12,04-01-2025
9561,4188,West,Furniture,2044.6,9,277.18,20-10-2025
9562,4237,North,Furniture,643.86,4,358.38,16-07-2025
9563,1040,South,Office Supplies,1274.34,7,662.94,14-09-2024
9564,1428,North,Furniture,905.97,6,144.22,05-06-2025
9565,1343,North,Furniture,880.08,6,14.72,12-04-2024
9566,4495,South,Office Supplies,144.18,5,1234.46,07-10-2025
9567,1365,West,Office Supplies,3989.53,2,1117.25,08-07-2024
9568,4191,North,Office Supplies,2392.86,4,1384.5,31-07-2025
9569,1608,North,Electronics,4040.42,1,797.14,20-09-2024
9570,3704,North,Office Supplies,3101.5,9,514.45,05-07-2024
9571,1727,West,Furniture,4173.55,9,-24.86,09-10-2025
9572,3276,North,Electronics,2568.45,8,1245.79,29-08-2025
9573,1824,East,Office Supplies,560.8,4,575.64,29-11-2025
9574,4201,South,Electronics,3122.14,5,753.93,19-05-2025
9575,2375,East,Electronics,3421.05,1,332.99,12-01-2025
9576,1888,West,Furniture,3169.87,4,690.58,10-12-2024
9577,3043,North,Electronics,4026.55,4,1128.98,24-07-2024
9578,2341,South,Office Supplies,3684.35,5,1010.84,20-08-2024
9579,4031,North,Electronics,2219.9,2,1481.17,03-03-2024
9580,4720,West,Electronics,4113.61,2,642.6,03-01-2025
9581,3883,South,Furniture,3489.75,2,700.49,05-12-2024
9582,4408,East,Furniture,689.8,8,-110.37,21-07-2025
9583,2296,South,Office Supplies,2745.38,2,461.95,14-07-2025
9584,1116,North,Furniture,3669.92,6,1367.58,22-06-2025
9585,3865,South,Office Supplies,2811.11,2,395.81,22-03-2024
9586,3415,West,Office Supplies,4750.24,8,1102.39,01-07-2025
9587,2117,West,Furniture,597.31,1,1461.92,12-04-2025
9588,1167,South,Electronics,3639.38,2,15.64,08-01-2025
9589,4001,West,Furniture,4139.81,5,367.79,21-08-2024
9590,2738,West,Electronics,3543,6,606.44,05-06-2024
9591,2364,West,Electronics,1989.37,9,203.54,19-03-2024
9592,3708,East,Office Supplies,1988.85,6,-178.86,23-10-2024
9593,4985,North,Office Supplies,2974.18,8,596.63,23-08-2024
9594,1694,West,Furniture,2045.78,7,712.25,23-06-2025
9595,1924,South,Electronics,4427.6,1,863.24,10-07-2024
9596,1151,West,Furniture,638.66,2,1206.27,25-10-2025
9597,1585,East,Office Supplies,3231.87,4,230.17,04-09-2025
9598,4948,South,Electronics,757.16,1,-96.24,16-02-2024
9599,1912,North,Furniture,2746.78,8,-47.28,12-06-2025
9600,3321,South,Furniture,3606.35,4,645.6,18-02-2025
9601,2577,South,Office Supplies,911,7,1367.8,10-12-2024
9602,1495,South,Office Supplies,3549.76,7,1469.76,07-06-2025
9603,4795,South,Office Supplies,785.9,8,148.59,02-10-2024
9604,3148,West,Office Supplies,3140.71,9,58.34,06-02-2025
9605,1556,North,Furniture,2577.21,9,400.9,17-09-2024
9606,2105,West,Office Supplies,1560.57,7,588.61,10-09-2024
9607,2552,East,Office Supplies,646.59,9,1173.71,15-01-2024
9608,3120,East,Furniture,3705.69,5,1116.83,20-06-2025
9609,4085,South,Furniture,1970.85,4,1368.53,11-06-2024
9610,4504,West,Electronics,524,3,1258.77,17-04-2024
9611,1156,West,Furniture,3886.67,6,545.95,03-03-2024
9612,1734,North,Electronics,1241.18,9,-167.66,30-08-2024
9613,3179,North,Office Supplies,3708.62,4,202.2,29-10-2024
9614,4409,North,Electronics,2868,2,837.09,25-04-2024
9615,4066,West,Electronics,1053.19,3,652.54,15-11-2024
9616,2427,North,Office Supplies,474.39,3,208.27,22-01-2024
9617,4447,North,Office Supplies,3006.92,2,23.72,08-04-2025
9618,4959,North,Office Supplies,223.54,9,167.22,07-04-2025
9619,1558,South,Electronics,420.78,4,241.57,04-05-2025
9620,3154,East,Furniture,3540.87,3,1274.39,09-09-2025
9621,4691,East,Furniture,2740.48,6,1007.45,01-12-2024
9622,3312,West,Furniture,1698.85,8,738.97,17-01-2025
9623,4276,West,Office Supplies,2742.22,8,-164.4,09-05-2024
9624,4150,South,Office Supplies,2999.08,6,1196.03,05-05-2024
9625,1154,East,Furniture,2869.9,5,739.19,04-01-2025
9626,4854,North,Office Supplies,3248.51,7,866.48,05-01-2025
9627,4035,North,Electronics,4707.41,3,-88.4,12-02-2025
9628,1996,West,Electronics,2005.01,2,1185.25,17-09-2024
9629,3294,East,Office Supplies,1575.64,8,1214.45,28-01-2024
9630,1530,West,Furniture,288.33,9,1301.68,25-03-2025
9631,3905,West,Furniture,820.66,6,697.75,10-06-2025
9632,2971,North,Electronics,620.62,4,469.88,01-07-2024
9633,3585,North,Office Supplies,1743.68,6,-75.82,10-01-2025
9634,1728,East,Furniture,3088.95,7,129.6,28-07-2024
9635,2177,West,Furniture,327.04,8,183.47,09-06-2025
9636,1153,South,Office Supplies,3665.56,3,-93.43,01-02-2024
9637,4757,East,Office Supplies,2047.42,6,62.44,13-02-2024
9638,1091,West,Furniture,4821.17,6,1307.57,29-03-2025
9639,4504,East,Office Supplies,2885.09,7,727.18,13-12-2024
9640,3385,East,Office Supplies,3879.68,4,1099.64,25-04-2024
9641,2503,East,Office Supplies,4319.79,6,267.54,26-09-2025
9642,2716,South,Furniture,4455.35,2,28.82,06-01-2025
9643,4202,South,Electronics,2640.46,8,434.53,10-04-2025
9644,3497,North,Office Supplies,2044.04,3,1148.07,17-03-2025
9645,3016,North,Furniture,2846.52,9,305.46,05-09-2025
9646,3857,West,Electronics,2070.14,8,147.71,04-01-2024
9647,1786,East,Furniture,1279.5,6,-161.92,05-01-2025
9648,1272,West,Furniture,1687.21,2,860.82,02-12-2025
9649,3027,North,Furniture,1240.57,8,540.9,19-03-2025
9650,3635,South,Electronics,1420.24,6,239.89,15-12-2025
9651,1176,North,Furniture,558.68,1,683.58,25-08-2024
9652,4767,West,Electronics,2189.67,6,991.06,28-02-2024
9653,3878,North,Office Supplies,1252.89,5,220.69,26-11-2024
9654,1642,West,Electronics,2297,6,834.91,18-10-2025
9655,2898,West,Furniture,3981.77,1,242.26,30-05-2025
9656,4120,West,Electronics,2296.73,4,1477.32,30-01-2025
9657,1566,West,Furniture,4777.6,7,1045.06,29-10-2024
9658,1665,North,Office Supplies,824.4,5,824.52,25-04-2025
9659,4426,West,Electronics,4266.3,6,92.96,16-08-2024
9660,4783,West,Office Supplies,1316.46,2,796.87,19-05-2024
9661,2331,East,Electronics,4676.27,8,1160.78,23-02-2024
9662,3915,West,Furniture,1213.02,4,1053.08,17-03-2025
9663,4956,North,Electronics,3760.11,6,1122.64,28-07-2025
9664,4701,West,Office Supplies,404.38,3,340.26,22-05-2024
9665,2798,South,Electronics,3186.09,9,358.05,21-07-2025
9666,2069,South,Office Supplies,1171.5,8,716.1,07-08-2025
9667,3349,West,Office Supplies,3383.85,6,273.72,06-04-2024
9668,3915,South,Furniture,3215.56,9,-7.88,14-08-2025
9669,3959,South,Electronics,4626.11,9,583.91,27-09-2024
9670,1407,North,Office Supplies,3170.71,2,-196.73,09-05-2024
9671,2212,East,Furniture,2100.42,9,1093.29,08-06-2025
9672,3869,South,Furniture,1048.48,8,1074.47,31-05-2025
9673,2853,South,Furniture,3321.51,2,738.26,20-02-2025
9674,2152,East,Office Supplies,670.2,9,1070.95,27-06-2025
9675,3608,East,Electronics,4159.73,5,861.7,29-06-2024
9676,4608,South,Office Supplies,1311.94,9,985.67,09-09-2025
9677,4337,West,Furniture,2668.38,3,-90.09,24-08-2024
9678,2141,South,Office Supplies,3020.14,4,1298.15,26-05-2025
9679,3511,West,Office Supplies,1876.2,1,894.68,16-06-2025
9680,1143,West,Furniture,3352.98,5,838.07,13-03-2025
9681,3489,West,Electronics,1326.06,7,458.31,12-08-2024
9682,4271,East,Furniture,269.66,7,-152.17,21-07-2024
9683,4228,South,Furniture,4800.41,6,1332.48,10-02-2024
9684,1486,South,Office Supplies,1668.22,6,1475.63,03-11-2025
9685,1859,North,Furniture,3595.96,8,1173.24,15-05-2024
9686,4205,East,Office Supplies,2586.91,9,1355.57,28-04-2025
9687,2935,North,Furniture,3378.09,4,5.63,02-02-2024
9688,1147,North,Furniture,643.59,4,18.75,29-01-2024
9689,2359,West,Electronics,2642.35,8,1295.33,16-12-2024
9690,4142,East,Furniture,2021.88,5,-102.24,26-02-2024
9691,4304,North,Electronics,2314.06,9,-41.55,23-11-2024
9692,2357,South,Furniture,4834.42,6,1188.64,20-03-2025
9693,3858,North,Furniture,767.82,9,746.86,15-04-2025
9694,3713,East,Furniture,3798.03,4,465.94,04-01-2025
9695,1089,South,Electronics,1718.68,1,740.86,22-11-2025
9696,2357,South,Office Supplies,1522.75,4,1293.87,05-01-2025
9697,1198,South,Electronics,1426.81,9,1087.12,29-09-2025
9698,4232,West,Furniture,1809.03,7,975.73,27-09-2025
9699,1537,South,Office Supplies,1849.87,6,1460.71,06-01-2025
9700,4192,West,Furniture,1426.66,2,686.22,04-05-2025
9701,1300,West,Electronics,3370.72,4,-189.25,09-09-2024
9702,1723,North,Electronics,333.84,1,529.36,30-04-2025
9703,2598,North,Office Supplies,1728.24,3,-35.83,14-09-2024
9704,4010,South,Electronics,1473.01,2,-2.03,14-03-2025
9705,2459,East,Furniture,3781.95,4,233.33,24-08-2025
9706,1067,South,Office Supplies,817.84,4,448.32,18-01-2024
9707,4836,North,Furniture,4709.37,9,618.72,06-08-2024
9708,4993,South,Office Supplies,935.54,7,88.69,26-05-2025
9709,3506,North,Office Supplies,1913.13,3,329.92,26-06-2024
9710,2537,South,Furniture,1078.53,7,270.12,27-07-2024
9711,1397,East,Electronics,1504.82,8,420.92,10-06-2025
9712,1619,South,Furniture,3829.02,7,-16.42,22-08-2024
9713,4357,East,Electronics,2434.38,8,475.48,14-05-2024
9714,2584,East,Electronics,896.62,9,742.4,27-07-2024
9715,2163,South,Furniture,328.51,1,-35.19,29-07-2024
9716,1729,East,Office Supplies,1226.59,6,685.31,28-10-2025
9717,1555,East,Furniture,4733.45,4,1085.05,05-07-2025
9718,2952,North,Office Supplies,4242.05,1,-185.99,29-09-2024
9719,3828,North,Electronics,2256.85,2,-119.2,08-06-2024
9720,4661,East,Office Supplies,2461.78,4,593.01,23-05-2024
9721,2751,West,Furniture,4506.89,1,1283.72,03-12-2025
9722,3941,South,Office Supplies,2997.59,6,1496.24,22-05-2025
9723,3657,East,Electronics,4415.76,1,-41.23,29-11-2024
9724,3795,South,Electronics,2510.01,9,-168.82,16-05-2025
9725,3329,North,Office Supplies,1080.48,3,188.91,19-03-2025
9726,3708,South,Electronics,3657.04,1,594.7,26-03-2024
9727,3971,East,Electronics,2679.33,6,772.05,28-06-2024
9728,4887,East,Office Supplies,3375.35,6,1454.92,20-03-2024
9729,1995,East,Electronics,870.43,7,1310.39,14-07-2025
9730,2959,East,Office Supplies,3273.25,7,755.57,02-06-2024
9731,2601,West,Office Supplies,1973.06,4,414.91,27-06-2024
9732,3793,West,Electronics,1726.79,5,346.21,25-10-2024
9733,2480,West,Office Supplies,3390.23,3,773.46,21-11-2024
9734,3134,East,Electronics,3001.97,6,1026.3,09-01-2024
9735,2102,West,Electronics,3280.63,7,618.83,03-03-2025
9736,4276,South,Electronics,4830.13,9,317.48,10-07-2024
9737,3838,East,Furniture,3535.86,9,842.38,30-03-2024
9738,4408,North,Electronics,3240.4,5,748.5,02-01-2024
9739,4325,East,Office Supplies,3106.41,4,526.53,23-02-2025
9740,3351,South,Office Supplies,2053.7,7,1072.2,03-01-2024
9741,2403,West,Office Supplies,4212.04,3,279.78,08-02-2025
9742,3177,East,Furniture,1966.6,4,624.37,06-05-2025
9743,3643,West,Furniture,3531.19,9,1398.58,07-12-2025
9744,2299,East,Office Supplies,1536.4,5,1028.81,21-09-2024
9745,2722,South,Office Supplies,824.01,7,459.55,30-08-2024
9746,3605,East,Furniture,735.84,2,728.5,07-11-2025
9747,1898,West,Office Supplies,3209.34,9,489.32,25-12-2025
9748,2206,West,Electronics,1706.98,5,-8.67,25-12-2024
9749,4339,South,Electronics,1447.74,5,369.39,13-07-2024
9750,4879,East,Office Supplies,3001.09,4,1262.75,13-05-2025
9751,4393,North,Electronics,225.78,8,584.04,21-07-2025
9752,2535,East,Office Supplies,1306.51,4,793.88,08-09-2025
9753,4683,South,Furniture,1768.68,2,108.46,31-07-2024
9754,1077,North,Office Supplies,3571.03,5,405.59,02-06-2024
9755,3831,South,Furniture,2770.51,3,1379.65,28-12-2025
9756,4410,East,Electronics,4294.34,4,334.22,15-02-2024
9757,3721,North,Electronics,1739.08,3,225.95,29-06-2024
9758,4627,South,Electronics,1552.56,7,-104.97,25-07-2025
9759,2532,West,Office Supplies,262.67,6,-34.71,13-08-2024
9760,1237,North,Furniture,4763.41,2,794.14,01-02-2024
9761,2157,North,Furniture,2557.31,8,922.06,12-12-2024
9762,2996,South,Electronics,2562.37,5,890.69,21-03-2025
9763,2215,West,Electronics,4624.84,6,717.71,23-06-2024
9764,4427,North,Furniture,1520.6,8,634.65,28-08-2025
9765,1277,South,Office Supplies,1727.32,7,-77.36,09-05-2024
9766,4089,North,Electronics,3316.1,3,1229.18,24-10-2025
9767,1523,North,Office Supplies,3947.36,2,672.24,23-10-2024
9768,1179,North,Electronics,3526.62,3,24.25,08-09-2024
9769,1122,West,Electronics,3964.72,8,30.94,27-03-2025
9770,2269,East,Office Supplies,2918.03,4,672.03,24-02-2025
9771,2757,East,Office Supplies,4327.84,8,215.78,12-10-2025
9772,4444,West,Office Supplies,2795.52,4,1367.34,28-04-2025
9773,4122,West,Office Supplies,1223.77,7,648.21,22-12-2024
9774,2094,South,Furniture,2754.34,6,1463.31,15-09-2025
9775,1479,North,Furniture,3593.43,1,1048.07,06-06-2024
9776,4631,West,Electronics,3302.52,8,1178.19,22-07-2025
9777,4090,South,Electronics,1290.78,6,461.09,02-12-2025
9778,2797,East,Electronics,301.28,2,27.84,28-06-2025
9779,3131,East,Furniture,1337.16,5,972.48,01-01-2024
9780,4226,East,Office Supplies,4921.81,2,492.02,04-10-2025
9781,3612,East,Electronics,1003.88,7,1413.1,09-01-2024
9782,3666,South,Furniture,2375.42,6,129.17,23-05-2025
9783,3404,North,Electronics,3227.89,7,865.06,27-06-2025
9784,1815,South,Furniture,4409.42,6,1272.3,11-08-2025
9785,3694,North,Office Supplies,3825.27,1,484.81,04-04-2024
9786,1442,East,Furniture,4553.87,3,1421.23,27-11-2025
9787,4140,West,Office Supplies,3061.48,2,-69.75,03-10-2024
9788,3570,West,Electronics,4340.06,1,797.77,18-06-2025
9789,1142,West,Office Supplies,1392.83,1,1121.56,26-04-2024
9790,1191,North,Furniture,2209.77,4,143.07,31-03-2025
9791,2410,East,Electronics,4234.49,1,-101.64,25-12-2024
9792,1377,South,Electronics,1695.26,2,-64.17,30-01-2024
9793,3628,West,Furniture,4368.99,1,342.69,20-11-2024
9794,1534,North,Office Supplies,1879.26,6,179.39,14-03-2024
9795,2716,West,Furniture,1880.63,4,180.61,22-02-2025
9796,4364,South,Office Supplies,1614.26,8,579.49,19-09-2024
9797,2032,East,Office Supplies,2780.02,5,-55.61,21-03-2025
9798,4342,South,Electronics,732.44,5,1492.35,04-07-2025
9799,2410,East,Office Supplies,279.35,8,982.87,07-02-2025
9800,3140,East,Electronics,4497.32,6,-148.5,13-04-2024
9801,2989,East,Furniture,4651.8,6,976.24,15-03-2025
9802,3576,West,Furniture,473.24,3,1146.11,06-12-2025
9803,2177,South,Electronics,2793.52,6,124.3,22-05-2024
9804,1404,West,Electronics,2744.44,7,1228.47,14-12-2025
9805,3887,South,Office Supplies,1924.91,2,840,25-07-2024
9806,2172,North,Electronics,2887.63,3,1195.45,29-06-2025
9807,1888,North,Furniture,2344.78,6,1018.38,17-09-2024
9808,4338,South,Electronics,2499.21,9,997.87,23-03-2024
9809,1421,South,Electronics,3801.15,9,69.01,19-09-2024
9810,4911,South,Electronics,2677.21,8,336.85,20-06-2024
9811,2641,South,Office Supplies,1685.92,8,689.52,28-11-2025
9812,1471,East,Electronics,2949.13,9,-8.67,27-12-2024
9813,3940,West,Office Supplies,3239.69,9,613.44,11-02-2024
9814,1546,East,Office Supplies,3345.33,9,557.04,30-09-2024
9815,1630,West,Electronics,3129.7,5,194.27,14-05-2025
9816,4597,West,Office Supplies,3356.55,6,139.52,11-05-2024
9817,4574,West,Electronics,1619.45,5,220.54,28-03-2025
9818,2037,East,Furniture,2286.06,1,828.68,28-02-2025
9819,3825,South,Furniture,3376.66,4,505.42,31-08-2025
9820,4723,East,Office Supplies,3796.41,1,503.73,22-02-2024
9821,2829,East,Furniture,2227.32,1,108.95,31-01-2025
9822,1363,West,Electronics,1890.13,3,1138.52,12-07-2024
9823,3166,North,Office Supplies,3607.83,7,990.64,02-02-2025
9824,4309,North,Electronics,1188.65,1,529.43,08-04-2025
9825,1545,East,Office Supplies,146.51,7,41.74,20-12-2024
9826,4240,West,Office Supplies,2408.71,1,1014.99,21-06-2024
9827,3569,East,Office Supplies,949.53,9,1328.04,05-12-2024
9828,1633,East,Office Supplies,1953.59,5,103.05,11-07-2024
9829,2936,South,Furniture,1527.05,6,824.52,05-03-2025
9830,2680,West,Furniture,3908.58,9,521.32,21-01-2025
9831,1962,North,Furniture,1723.9,3,-50.99,18-10-2025
9832,4005,North,Office Supplies,3239.31,3,1033.91,18-10-2025
9833,4806,North,Furniture,3402.17,5,-79.05,12-04-2025
9834,1882,East,Office Supplies,2336.63,7,993.79,26-11-2024
9835,4840,West,Furniture,497.28,3,277.96,10-06-2025
9836,3827,South,Office Supplies,3531.79,4,761.62,04-03-2025
9837,1870,North,Furniture,468.32,2,72.77,03-08-2024
9838,1515,West,Furniture,586.14,9,430.52,02-10-2024
9839,3985,North,Furniture,1060.39,9,-23.05,17-04-2024
9840,2420,South,Office Supplies,1473.84,2,594.42,12-09-2024
9841,1865,West,Office Supplies,4247.61,5,162.59,19-03-2024
9842,3153,East,Furniture,3407.12,1,119.48,24-01-2025
9843,2108,East,Office Supplies,1997.34,8,-17.84,13-06-2025
9844,1213,North,Electronics,4895.27,6,1101.24,07-12-2024
9845,4192,North,Furniture,1293.65,2,887.18,31-10-2024
9846,4203,West,Furniture,3088.09,2,66.74,25-12-2025
9847,3897,South,Electronics,4251.35,5,603.13,27-07-2024
9848,3244,North,Office Supplies,4029.91,7,923.5,11-01-2024
9849,1018,West,Office Supplies,542.51,9,1292.72,25-05-2024
9850,1641,South,Office Supplies,3516.64,9,-98.73,04-02-2024
9851,4083,North,Furniture,1363.53,6,416,20-07-2025
9852,2104,North,Furniture,1843.09,2,847.12,16-12-2024
9853,1329,West,Furniture,2496.06,6,-173.45,23-06-2025
9854,1865,North,Furniture,3974.68,1,213.99,06-11-2025
9855,1773,East,Furniture,914.39,2,1066.33,18-04-2024
9856,1391,South,Office Supplies,631.92,3,404.75,24-01-2024
9857,1636,South,Electronics,851.86,5,-56.36,03-11-2025
9858,3354,East,Office Supplies,1169.3,1,865.21,13-05-2025
9859,4338,West,Office Supplies,391.56,5,225.09,06-01-2025
9860,4518,East,Furniture,4639.15,5,992.81,13-06-2024
9861,4512,East,Electronics,1663.51,4,1330.3,31-01-2025
9862,3942,South,Electronics,967.18,3,697.36,28-09-2024
9863,3699,West,Office Supplies,3225.39,7,818.54,15-09-2025
9864,3888,North,Electronics,3956.28,7,674.49,02-03-2025
9865,2025,East,Office Supplies,3790.85,1,1189.65,13-03-2024
9866,3567,East,Office Supplies,3621.67,7,210.91,19-02-2024
9867,4833,West,Office Supplies,347.6,3,482.62,14-09-2025
9868,2674,East,Office Supplies,3932.58,3,1321.55,08-06-2025
9869,3683,West,Furniture,2559.21,6,1030.2,11-03-2024
9870,4380,North,Electronics,3280.52,6,344.15,06-05-2025
9871,1739,West,Furniture,4786.48,4,1215.47,18-04-2025
9872,2545,North,Furniture,4072.3,5,206,19-07-2024
9873,1468,West,Furniture,4144.32,3,878.1,24-01-2024
9874,3259,East,Office Supplies,989.19,3,1425.98,13-04-2025
9875,2135,North,Office Supplies,2434.44,9,777.01,12-03-2025
9876,2031,East,Furniture,4751.69,5,1159.09,01-08-2024
9877,3851,North,Furniture,2955.16,1,1050.23,21-10-2024
9878,3524,West,Electronics,602.67,9,1271.73,26-05-2024
9879,1873,West,Furniture,3685.92,6,1446.9,16-01-2025
9880,1459,West,Office Supplies,310.34,9,-162.06,16-11-2025
9881,3300,South,Furniture,3737.26,7,-152.62,04-03-2025
9882,2549,South,Electronics,4410.89,7,810.52,19-02-2025
9883,1751,North,Electronics,2183.73,5,1422.22,05-01-2024
9884,2461,South,Furniture,2126.7,7,625.66,24-01-2025
9885,2777,West,Electronics,1590.64,4,1227.63,07-01-2024
9886,4028,South,Electronics,4397,6,1105.44,23-12-2025
9887,1853,South,Office Supplies,2784.14,2,647.03,04-05-2025
9888,4732,East,Electronics,2938.37,3,672.39,24-11-2024
9889,3283,North,Electronics,3342.37,2,541.26,02-10-2024
9890,2329,North,Furniture,1571.13,2,228.74,27-08-2024
9891,1477,North,Office Supplies,2220.65,7,1259.81,04-01-2024
9892,3726,South,Electronics,3733.87,5,156.27,14-12-2025
9893,4091,West,Furniture,4928.89,6,1341.76,15-04-2024
9894,3263,East,Furniture,268.1,3,411.54,09-02-2024
9895,3902,North,Furniture,308.98,5,-154.95,30-07-2025
9896,1134,South,Furniture,2197.6,5,86.24,30-06-2025
9897,3952,West,Furniture,3332.15,4,1309.3,09-07-2025
9898,2152,East,Furniture,1993.19,4,18.36,19-09-2024
9899,1409,East,Electronics,4998.23,8,1055.92,23-10-2025
9900,2445,North,Office Supplies,1057.26,6,110.78,05-10-2024
9901,2317,North,Office Supplies,138.83,2,648.19,30-07-2025
9902,2269,West,Furniture,1031.63,2,148.85,09-12-2024
9903,4772,South,Furniture,4445.53,2,366.38,27-06-2025
9904,2579,West,Office Supplies,811.23,6,12.2,23-04-2025
9905,1085,North,Electronics,2446.98,1,745.2,12-06-2024
9906,3603,West,Furniture,2154.45,3,421.9,05-02-2025
9907,2865,South,Office Supplies,3362.05,1,421.32,29-04-2025
9908,4446,East,Office Supplies,367.52,4,-134.42,18-12-2024
9909,2469,East,Furniture,3327.88,1,31.42,03-11-2025
9910,1377,East,Office Supplies,1838.28,9,1002.8,22-03-2024
9911,4461,East,Electronics,4637.59,6,296.94,21-09-2024
9912,2680,North,Office Supplies,4259.55,8,551.52,11-02-2024
9913,2074,North,Furniture,2057.58,2,1097.22,17-07-2024
9914,1241,South,Furniture,4965.17,6,556.09,17-01-2025
9915,4365,South,Office Supplies,354.52,4,183.54,25-07-2024
9916,1919,South,Office Supplies,3964.3,7,734.7,19-04-2024
9917,2586,South,Furniture,2225.8,8,1162.05,05-10-2025
9918,3313,West,Electronics,2223.2,6,819.39,05-03-2025
9919,4191,South,Office Supplies,933.66,1,514.31,12-03-2024
9920,3759,East,Electronics,2622.91,8,13.56,11-02-2025
9921,4988,East,Electronics,515.12,1,222.81,27-09-2025
9922,2271,East,Furniture,3121.23,9,1408.4,09-12-2025
9923,1069,West,Furniture,1283.79,2,1112.07,05-10-2024
9924,4924,South,Furniture,3651.8,6,-51.13,16-04-2024
9925,3104,East,Electronics,3076.07,8,-190.63,14-03-2025
9926,2405,East,Furniture,3757.38,5,98.21,16-10-2025
9927,3086,East,Furniture,3773.74,2,1404.61,20-02-2024
9928,3007,East,Electronics,1063.87,5,786.07,02-05-2024
9929,1800,North,Electronics,103.31,1,1225.72,15-07-2025
9930,4514,South,Electronics,1892.23,8,590.88,06-03-2025
9931,2041,South,Electronics,4603.44,8,1205.28,04-07-2025
9932,3779,West,Office Supplies,2931.71,2,-142.34,19-11-2024
9933,1824,North,Furniture,3664.76,6,525.59,09-01-2025
9934,1755,West,Office Supplies,4409.89,8,441.91,08-11-2025
9935,3399,East,Electronics,4539.69,8,1468.63,01-07-2025
9936,2995,West,Electronics,2692.22,7,310.81,24-02-2025
9937,2839,East,Electronics,2750.62,3,508.76,10-01-2025
9938,2321,East,Electronics,4269.6,4,1089.96,18-04-2024
9939,3330,South,Electronics,4056.68,1,1297.21,05-05-2025
9940,2609,South,Furniture,3524.41,9,1293.26,27-09-2025
9941,1109,South,Office Supplies,3061.88,2,470.67,10-08-2024
9942,2016,South,Office Supplies,3124.35,7,1412.54,19-01-2024
9943,4251,South,Furniture,1878.27,8,910.97,02-07-2025
9944,2961,North,Furniture,4220.5,4,1246.93,04-08-2024
9945,3591,South,Furniture,3127.12,1,1374.67,04-09-2025
9946,2769,West,Office Supplies,1195.29,5,197.12,05-12-2025
9947,4865,East,Office Supplies,1275.23,6,648.64,19-08-2025
9948,1024,South,Electronics,4321.85,7,799.26,20-08-2024
9949,1842,North,Office Supplies,3165.97,1,1164.14,04-07-2025
9950,3838,West,Office Supplies,2053.65,4,481.98,13-02-2025
9951,1737,West,Furniture,1016.79,5,157.76,07-07-2025
9952,3104,East,Office Supplies,3090.06,5,1063.5,26-05-2025
9953,1179,West,Electronics,1003.12,7,806.97,08-07-2024
9954,1231,West,Office Supplies,2403.82,4,1327.11,01-11-2024
9955,2917,West,Furniture,3419.8,7,913.55,28-03-2025
9956,1342,West,Furniture,2870.54,8,-171.39,16-04-2024
9957,1476,North,Electronics,4618.29,2,1443.31,30-10-2025
9958,2822,East,Electronics,294.63,1,808.29,12-08-2024
9959,3623,South,Office Supplies,1470.99,1,812.99,20-01-2025
9960,1454,West,Electronics,379.72,1,1345.74,13-06-2025
9961,2255,North,Electronics,1053.56,9,928.48,29-02-2024
9962,1288,East,Furniture,707.52,4,614.85,06-01-2025
9963,2236,South,Furniture,3690.04,9,-17.61,21-05-2024
9964,3305,East,Office Supplies,1909.94,7,1435.74,27-04-2024
9965,1529,North,Office Supplies,4632.72,7,-66.57,10-11-2025
9966,3734,North,Office Supplies,214.55,2,89.51,10-07-2024
9967,3976,North,Office Supplies,3299.33,2,1193.21,12-10-2024
9968,3276,West,Furniture,4855.67,5,633.69,24-06-2025
9969,4297,North,Office Supplies,961.61,1,103.06,30-10-2025
9970,1595,South,Office Supplies,2267.92,7,286.48,19-01-2024
9971,4874,West,Electronics,3539.26,7,1489.82,24-08-2025
9972,1434,East,Office Supplies,3202.38,8,792.83,13-09-2025
9973,1881,South,Electronics,2873.53,7,482.74,23-07-2025
9974,4068,West,Furniture,1701.11,8,1289.57,25-04-2024
9975,2781,North,Office Supplies,3668.18,3,615.48,09-02-2024
9976,1401,East,Electronics,3300.95,3,323.49,21-09-2024
9977,3669,North,Office Supplies,897.72,8,79.18,30-04-2024
9978,4837,South,Electronics,4824.04,9,1065.6,13-09-2025
9979,3135,South,Office Supplies,2822.8,4,813.58,29-12-2024
9980,3631,West,Furniture,2674.76,8,-43,23-07-2024
9981,4964,South,Furniture,4256.36,1,805.79,30-04-2025
9982,2565,East,Electronics,3238.03,2,71.07,01-11-2025
9983,4755,West,Electronics,464.95,9,1468.92,04-04-2024
9984,1308,East,Furniture,2582.29,2,241.51,02-02-2025
9985,3953,North,Office Supplies,3924.92,2,983.23,29-06-2025
9986,1342,East,Electronics,3529.9,8,915.28,25-11-2024
9987,1435,East,Furniture,4856.77,5,975.3,22-10-2025
9988,1176,South,Electronics,222.09,5,530.99,06-09-2025
9989,1138,North,Furniture,1379.97,6,-73.64,05-11-2024
9990,1193,South,Furniture,2790.87,8,1466.01,04-08-2024
9991,4257,North,Electronics,3135.5,8,125.59,07-11-2025
9992,4289,North,Electronics,1444.34,9,1108.52,16-06-2024
9993,4235,East,Furniture,4151.33,3,33.87,15-06-2025
9994,2184,South,Office Supplies,905.3,9,278.03,18-04-2024
9995,1942,East,Furniture,104.16,3,751.81,17-07-2024
9996,1524,East,Office Supplies,4766.72,1,502.9,05-02-2025
9997,4879,East,Office Supplies,2018.63,5,1429.05,20-06-2024
9998,2624,North,Office Supplies,4791.7,7,1241.06,02-07-2024
9999,4907,South,Electronics,1461.86,3,1367.04,30-12-2025
10000,4113,South,Furniture,410.9,9,889.18,17-01-2024
